{
  "build": "py37haa95532_0",
  "build_number": 0,
  "channel": "https://repo.anaconda.com/pkgs/main/win-64",
  "constrains": [],
  "depends": [
    "python >=3.7,<3.8.0a0",
    "soupsieve >=1.2"
  ],
  "extracted_package_dir": "D:\\Users\\Ravi\\miniconda3\\pkgs\\beautifulsoup4-4.11.1-py37haa95532_0",
  "features": "",
  "files": [
    "Lib/site-packages/beautifulsoup4-4.11.1.dist-info/COPYING.txt",
    "Lib/site-packages/beautifulsoup4-4.11.1.dist-info/INSTALLER",
    "Lib/site-packages/beautifulsoup4-4.11.1.dist-info/LICENSE",
    "Lib/site-packages/beautifulsoup4-4.11.1.dist-info/METADATA",
    "Lib/site-packages/beautifulsoup4-4.11.1.dist-info/RECORD",
    "Lib/site-packages/beautifulsoup4-4.11.1.dist-info/REQUESTED",
    "Lib/site-packages/beautifulsoup4-4.11.1.dist-info/WHEEL",
    "Lib/site-packages/beautifulsoup4-4.11.1.dist-info/direct_url.json",
    "Lib/site-packages/beautifulsoup4-4.11.1.dist-info/top_level.txt",
    "Lib/site-packages/bs4/__init__.py",
    "Lib/site-packages/bs4/__pycache__/__init__.cpython-37.pyc",
    "Lib/site-packages/bs4/__pycache__/dammit.cpython-37.pyc",
    "Lib/site-packages/bs4/__pycache__/diagnose.cpython-37.pyc",
    "Lib/site-packages/bs4/__pycache__/element.cpython-37.pyc",
    "Lib/site-packages/bs4/__pycache__/formatter.cpython-37.pyc",
    "Lib/site-packages/bs4/builder/__init__.py",
    "Lib/site-packages/bs4/builder/__pycache__/__init__.cpython-37.pyc",
    "Lib/site-packages/bs4/builder/__pycache__/_html5lib.cpython-37.pyc",
    "Lib/site-packages/bs4/builder/__pycache__/_htmlparser.cpython-37.pyc",
    "Lib/site-packages/bs4/builder/__pycache__/_lxml.cpython-37.pyc",
    "Lib/site-packages/bs4/builder/_html5lib.py",
    "Lib/site-packages/bs4/builder/_htmlparser.py",
    "Lib/site-packages/bs4/builder/_lxml.py",
    "Lib/site-packages/bs4/dammit.py",
    "Lib/site-packages/bs4/diagnose.py",
    "Lib/site-packages/bs4/element.py",
    "Lib/site-packages/bs4/formatter.py",
    "Lib/site-packages/bs4/tests/__init__.py",
    "Lib/site-packages/bs4/tests/__pycache__/__init__.cpython-37.pyc",
    "Lib/site-packages/bs4/tests/__pycache__/test_builder.cpython-37.pyc",
    "Lib/site-packages/bs4/tests/__pycache__/test_builder_registry.cpython-37.pyc",
    "Lib/site-packages/bs4/tests/__pycache__/test_dammit.cpython-37.pyc",
    "Lib/site-packages/bs4/tests/__pycache__/test_docs.cpython-37.pyc",
    "Lib/site-packages/bs4/tests/__pycache__/test_element.cpython-37.pyc",
    "Lib/site-packages/bs4/tests/__pycache__/test_formatter.cpython-37.pyc",
    "Lib/site-packages/bs4/tests/__pycache__/test_html5lib.cpython-37.pyc",
    "Lib/site-packages/bs4/tests/__pycache__/test_htmlparser.cpython-37.pyc",
    "Lib/site-packages/bs4/tests/__pycache__/test_lxml.cpython-37.pyc",
    "Lib/site-packages/bs4/tests/__pycache__/test_navigablestring.cpython-37.pyc",
    "Lib/site-packages/bs4/tests/__pycache__/test_pageelement.cpython-37.pyc",
    "Lib/site-packages/bs4/tests/__pycache__/test_soup.cpython-37.pyc",
    "Lib/site-packages/bs4/tests/__pycache__/test_tag.cpython-37.pyc",
    "Lib/site-packages/bs4/tests/__pycache__/test_tree.cpython-37.pyc",
    "Lib/site-packages/bs4/tests/test_builder.py",
    "Lib/site-packages/bs4/tests/test_builder_registry.py",
    "Lib/site-packages/bs4/tests/test_dammit.py",
    "Lib/site-packages/bs4/tests/test_docs.py",
    "Lib/site-packages/bs4/tests/test_element.py",
    "Lib/site-packages/bs4/tests/test_formatter.py",
    "Lib/site-packages/bs4/tests/test_html5lib.py",
    "Lib/site-packages/bs4/tests/test_htmlparser.py",
    "Lib/site-packages/bs4/tests/test_lxml.py",
    "Lib/site-packages/bs4/tests/test_navigablestring.py",
    "Lib/site-packages/bs4/tests/test_pageelement.py",
    "Lib/site-packages/bs4/tests/test_soup.py",
    "Lib/site-packages/bs4/tests/test_tag.py",
    "Lib/site-packages/bs4/tests/test_tree.py",
    ".nonadmin"
  ],
  "fn": "beautifulsoup4-4.11.1-py37haa95532_0.conda",
  "legacy_bz2_md5": "4d2ae72687a77ca12bfc0ae1c8206ce1",
  "license": "MIT",
  "license_family": "MIT",
  "link": {
    "source": "D:\\Users\\Ravi\\miniconda3\\pkgs\\beautifulsoup4-4.11.1-py37haa95532_0",
    "type": 1
  },
  "md5": "78a20a9390180ea22445eb438e1d8406",
  "name": "beautifulsoup4",
  "package_tarball_full_path": "D:\\Users\\Ravi\\miniconda3\\pkgs\\beautifulsoup4-4.11.1-py37haa95532_0.conda",
  "paths_data": {
    "paths": [
      {
        "_path": "Lib/site-packages/beautifulsoup4-4.11.1.dist-info/COPYING.txt",
        "path_type": "hardlink",
        "sha256": "9e41dab3a48f5c734a9d5446557b28a6616e4924ee51d205598e4416bb93ce25",
        "sha256_in_prefix": "9e41dab3a48f5c734a9d5446557b28a6616e4924ee51d205598e4416bb93ce25",
        "size_in_bytes": 1447
      },
      {
        "_path": "Lib/site-packages/beautifulsoup4-4.11.1.dist-info/INSTALLER",
        "path_type": "hardlink",
        "sha256": "d0edee15f91b406f3f99726e44eb990be6e34fd0345b52b910c568e0eef6a2a8",
        "sha256_in_prefix": "d0edee15f91b406f3f99726e44eb990be6e34fd0345b52b910c568e0eef6a2a8",
        "size_in_bytes": 5
      },
      {
        "_path": "Lib/site-packages/beautifulsoup4-4.11.1.dist-info/LICENSE",
        "path_type": "hardlink",
        "sha256": "9e41dab3a48f5c734a9d5446557b28a6616e4924ee51d205598e4416bb93ce25",
        "sha256_in_prefix": "9e41dab3a48f5c734a9d5446557b28a6616e4924ee51d205598e4416bb93ce25",
        "size_in_bytes": 1447
      },
      {
        "_path": "Lib/site-packages/beautifulsoup4-4.11.1.dist-info/METADATA",
        "path_type": "hardlink",
        "sha256": "ba407597ed73088e9ca094e23342cc4622b87c34782517e521fce4fd9226adba",
        "sha256_in_prefix": "ba407597ed73088e9ca094e23342cc4622b87c34782517e521fce4fd9226adba",
        "size_in_bytes": 3529
      },
      {
        "_path": "Lib/site-packages/beautifulsoup4-4.11.1.dist-info/RECORD",
        "path_type": "hardlink",
        "sha256": "867ebb2b297c1d03010d016329fb0f53139b28b688468b2ab12a29dcfa85f9c1",
        "sha256_in_prefix": "867ebb2b297c1d03010d016329fb0f53139b28b688468b2ab12a29dcfa85f9c1",
        "size_in_bytes": 3997
      },
      {
        "_path": "Lib/site-packages/beautifulsoup4-4.11.1.dist-info/REQUESTED",
        "path_type": "hardlink",
        "sha256": "e3b0c44298fc1c149afbf4c8996fb92427ae41e4649b934ca495991b7852b855",
        "sha256_in_prefix": "e3b0c44298fc1c149afbf4c8996fb92427ae41e4649b934ca495991b7852b855",
        "size_in_bytes": 0
      },
      {
        "_path": "Lib/site-packages/beautifulsoup4-4.11.1.dist-info/WHEEL",
        "path_type": "hardlink",
        "sha256": "1b5e87e00dc87a84269cead8578b9e6462928e18a95f1f3373c9eef451a5bcc0",
        "sha256_in_prefix": "1b5e87e00dc87a84269cead8578b9e6462928e18a95f1f3373c9eef451a5bcc0",
        "size_in_bytes": 92
      },
      {
        "_path": "Lib/site-packages/beautifulsoup4-4.11.1.dist-info/direct_url.json",
        "path_type": "hardlink",
        "sha256": "1bca50a97f34f4c99e66a8e32538b98ca479c8e2360ac40ab78622c8c4cc8b84",
        "sha256_in_prefix": "1bca50a97f34f4c99e66a8e32538b98ca479c8e2360ac40ab78622c8c4cc8b84",
        "size_in_bytes": 74
      },
      {
        "_path": "Lib/site-packages/beautifulsoup4-4.11.1.dist-info/top_level.txt",
        "path_type": "hardlink",
        "sha256": "82951525c4f05b7abbf901a9ead004a2666cb249279a04aa55eeb19f50b48c92",
        "sha256_in_prefix": "82951525c4f05b7abbf901a9ead004a2666cb249279a04aa55eeb19f50b48c92",
        "size_in_bytes": 26
      },
      {
        "_path": "Lib/site-packages/bs4/__init__.py",
        "path_type": "hardlink",
        "sha256": "bf956e42a7a00333776e8e248ece9f4f4dfdd73bca40686f06557ce35689f3a0",
        "sha256_in_prefix": "bf956e42a7a00333776e8e248ece9f4f4dfdd73bca40686f06557ce35689f3a0",
        "size_in_bytes": 32832
      },
      {
        "_path": "Lib/site-packages/bs4/__pycache__/__init__.cpython-37.pyc",
        "path_type": "hardlink",
        "sha256": "e50d62f14433f4978df904cf6867a04fedef5191329c22e9d7a9b78e8864a904",
        "sha256_in_prefix": "e50d62f14433f4978df904cf6867a04fedef5191329c22e9d7a9b78e8864a904",
        "size_in_bytes": 24122
      },
      {
        "_path": "Lib/site-packages/bs4/__pycache__/dammit.cpython-37.pyc",
        "path_type": "hardlink",
        "sha256": "cb540cfeade4bdc46c745c19e0ef58e405728e6c365961935a86493d7540d312",
        "sha256_in_prefix": "cb540cfeade4bdc46c745c19e0ef58e405728e6c365961935a86493d7540d312",
        "size_in_bytes": 25387
      },
      {
        "_path": "Lib/site-packages/bs4/__pycache__/diagnose.cpython-37.pyc",
        "path_type": "hardlink",
        "sha256": "70ace97edb8b6f97421f06aae8ca1123f2f3ee5dcea09b3c529b964ab0ef1dab",
        "sha256_in_prefix": "70ace97edb8b6f97421f06aae8ca1123f2f3ee5dcea09b3c529b964ab0ef1dab",
        "size_in_bytes": 8531
      },
      {
        "_path": "Lib/site-packages/bs4/__pycache__/element.cpython-37.pyc",
        "path_type": "hardlink",
        "sha256": "c8fe29bdd7437ddcdd61155ec01b4593a65a7aa8c2ddb1272b727b7f99521527",
        "sha256_in_prefix": "c8fe29bdd7437ddcdd61155ec01b4593a65a7aa8c2ddb1272b727b7f99521527",
        "size_in_bytes": 66563
      },
      {
        "_path": "Lib/site-packages/bs4/__pycache__/formatter.cpython-37.pyc",
        "path_type": "hardlink",
        "sha256": "fb539c45e2cf6d0e64aecde1afb6bab15220b01383e28844d1b42a0953fc0aca",
        "sha256_in_prefix": "fb539c45e2cf6d0e64aecde1afb6bab15220b01383e28844d1b42a0953fc0aca",
        "size_in_bytes": 6730
      },
      {
        "_path": "Lib/site-packages/bs4/builder/__init__.py",
        "path_type": "hardlink",
        "sha256": "372ecd999bb75c39dda7f7a50abcf65bc2bd3948eb0231d0b9889a9c947a4433",
        "sha256_in_prefix": "372ecd999bb75c39dda7f7a50abcf65bc2bd3948eb0231d0b9889a9c947a4433",
        "size_in_bytes": 24378
      },
      {
        "_path": "Lib/site-packages/bs4/builder/__pycache__/__init__.cpython-37.pyc",
        "path_type": "hardlink",
        "sha256": "79834144870c1c6bff1134bdde9be433c7da27b0d36970ee0f5ddd73ade57db9",
        "sha256_in_prefix": "79834144870c1c6bff1134bdde9be433c7da27b0d36970ee0f5ddd73ade57db9",
        "size_in_bytes": 18970
      },
      {
        "_path": "Lib/site-packages/bs4/builder/__pycache__/_html5lib.cpython-37.pyc",
        "path_type": "hardlink",
        "sha256": "fd4999f28f1739b80cd18e321dacdf999c4b3fa56a303fdcde09f3bff6904ee4",
        "sha256_in_prefix": "fd4999f28f1739b80cd18e321dacdf999c4b3fa56a303fdcde09f3bff6904ee4",
        "size_in_bytes": 12408
      },
      {
        "_path": "Lib/site-packages/bs4/builder/__pycache__/_htmlparser.cpython-37.pyc",
        "path_type": "hardlink",
        "sha256": "b1d821ce07fd5da940d72a142a22e9d02fc7b84ec98ec6ba7c16c87dcd96b7ba",
        "sha256_in_prefix": "b1d821ce07fd5da940d72a142a22e9d02fc7b84ec98ec6ba7c16c87dcd96b7ba",
        "size_in_bytes": 13106
      },
      {
        "_path": "Lib/site-packages/bs4/builder/__pycache__/_lxml.cpython-37.pyc",
        "path_type": "hardlink",
        "sha256": "b541c7398fca131605471cee97735b482ba39c06abbdd0ca63a6c297ab7decf5",
        "sha256_in_prefix": "b541c7398fca131605471cee97735b482ba39c06abbdd0ca63a6c297ab7decf5",
        "size_in_bytes": 10040
      },
      {
        "_path": "Lib/site-packages/bs4/builder/_html5lib.py",
        "path_type": "hardlink",
        "sha256": "60538a65fdc4db6004a7f576938f54e4b985dba6e94998b166b6464b033f8825",
        "sha256_in_prefix": "60538a65fdc4db6004a7f576938f54e4b985dba6e94998b166b6464b033f8825",
        "size_in_bytes": 18946
      },
      {
        "_path": "Lib/site-packages/bs4/builder/_htmlparser.py",
        "path_type": "hardlink",
        "sha256": "e9162c01759bfe9a4c64607eee5a4498943bdeda734aefc227940f685709bbe6",
        "sha256_in_prefix": "e9162c01759bfe9a4c64607eee5a4498943bdeda734aefc227940f685709bbe6",
        "size_in_bytes": 19169
      },
      {
        "_path": "Lib/site-packages/bs4/builder/_lxml.py",
        "path_type": "hardlink",
        "sha256": "8a4e811469f1033576fb6d52fd673eed9780d7be26b9203f6619a99c07b78341",
        "sha256_in_prefix": "8a4e811469f1033576fb6d52fd673eed9780d7be26b9203f6619a99c07b78341",
        "size_in_bytes": 14904
      },
      {
        "_path": "Lib/site-packages/bs4/dammit.py",
        "path_type": "hardlink",
        "sha256": "1b47107ec12a7f027e14840c917802270487327eedf6f3dea42aee77a7d910a9",
        "sha256_in_prefix": "1b47107ec12a7f027e14840c917802270487327eedf6f3dea42aee77a7d910a9",
        "size_in_bytes": 41158
      },
      {
        "_path": "Lib/site-packages/bs4/diagnose.py",
        "path_type": "hardlink",
        "sha256": "3116cdd9b252a5af1516df077a6a8ff012bd84be6ba270b1666adf191658c018",
        "sha256_in_prefix": "3116cdd9b252a5af1516df077a6a8ff012bd84be6ba270b1666adf191658c018",
        "size_in_bytes": 7911
      },
      {
        "_path": "Lib/site-packages/bs4/element.py",
        "path_type": "hardlink",
        "sha256": "8e33fe708037a1626b021932eb5c1aca8b7dd924052b324c104f0ccbab933c33",
        "sha256_in_prefix": "8e33fe708037a1626b021932eb5c1aca8b7dd924052b324c104f0ccbab933c33",
        "size_in_bytes": 86753
      },
      {
        "_path": "Lib/site-packages/bs4/formatter.py",
        "path_type": "hardlink",
        "sha256": "7f9501b6f5bdb70aeb41e2e305e2da2a9e27b59a540e650163c8c5dc188bada3",
        "sha256_in_prefix": "7f9501b6f5bdb70aeb41e2e305e2da2a9e27b59a540e650163c8c5dc188bada3",
        "size_in_bytes": 7206
      },
      {
        "_path": "Lib/site-packages/bs4/tests/__init__.py",
        "path_type": "hardlink",
        "sha256": "c85bdf843bf9bce7a1a3a34465c234008a66b847bd6ef0bb4eca8da778431b14",
        "sha256_in_prefix": "c85bdf843bf9bce7a1a3a34465c234008a66b847bd6ef0bb4eca8da778431b14",
        "size_in_bytes": 49185
      },
      {
        "_path": "Lib/site-packages/bs4/tests/__pycache__/__init__.cpython-37.pyc",
        "path_type": "hardlink",
        "sha256": "54cffa096b3d826ecc8246d2309387e7fc91661153088ad34ca6ba362171dd6e",
        "sha256_in_prefix": "54cffa096b3d826ecc8246d2309387e7fc91661153088ad34ca6ba362171dd6e",
        "size_in_bytes": 47855
      },
      {
        "_path": "Lib/site-packages/bs4/tests/__pycache__/test_builder.cpython-37.pyc",
        "path_type": "hardlink",
        "sha256": "a96efca1bedc1d0135041a67a51763455ac23e4303660ef5e2acc57d9abcd857",
        "sha256_in_prefix": "a96efca1bedc1d0135041a67a51763455ac23e4303660ef5e2acc57d9abcd857",
        "size_in_bytes": 1155
      },
      {
        "_path": "Lib/site-packages/bs4/tests/__pycache__/test_builder_registry.cpython-37.pyc",
        "path_type": "hardlink",
        "sha256": "6e55d8b67d53cbf0f7e9224b1c31d2f18f896d0b96da8fdba665cd1c5839ed64",
        "sha256_in_prefix": "6e55d8b67d53cbf0f7e9224b1c31d2f18f896d0b96da8fdba665cd1c5839ed64",
        "size_in_bytes": 4981
      },
      {
        "_path": "Lib/site-packages/bs4/tests/__pycache__/test_dammit.cpython-37.pyc",
        "path_type": "hardlink",
        "sha256": "c2b27990bc5b4f33cabcfb7222a30197a5dc8c7e37c8185084f380e58f7ca940",
        "sha256_in_prefix": "c2b27990bc5b4f33cabcfb7222a30197a5dc8c7e37c8185084f380e58f7ca940",
        "size_in_bytes": 13614
      },
      {
        "_path": "Lib/site-packages/bs4/tests/__pycache__/test_docs.cpython-37.pyc",
        "path_type": "hardlink",
        "sha256": "e1db10876ae5d3844e009646404cc63b06976419414cf3a9cfa9ecf90f6e8e16",
        "sha256_in_prefix": "e1db10876ae5d3844e009646404cc63b06976419414cf3a9cfa9ecf90f6e8e16",
        "size_in_bytes": 386
      },
      {
        "_path": "Lib/site-packages/bs4/tests/__pycache__/test_element.cpython-37.pyc",
        "path_type": "hardlink",
        "sha256": "659ec5e7f15fed577e906335c7ad671b8b7e1f022de920225818dca0561731ef",
        "sha256_in_prefix": "659ec5e7f15fed577e906335c7ad671b8b7e1f022de920225818dca0561731ef",
        "size_in_bytes": 2735
      },
      {
        "_path": "Lib/site-packages/bs4/tests/__pycache__/test_formatter.cpython-37.pyc",
        "path_type": "hardlink",
        "sha256": "ce08bee4040e035947232b6f5b149c3fc8e47f659f0b449347618f57a0e4fccb",
        "sha256_in_prefix": "ce08bee4040e035947232b6f5b149c3fc8e47f659f0b449347618f57a0e4fccb",
        "size_in_bytes": 3268
      },
      {
        "_path": "Lib/site-packages/bs4/tests/__pycache__/test_html5lib.cpython-37.pyc",
        "path_type": "hardlink",
        "sha256": "03a83937fb81d44bceddc951d140fab5dd25e8973c1ada5be860eef6faf377e5",
        "sha256_in_prefix": "03a83937fb81d44bceddc951d140fab5dd25e8973c1ada5be860eef6faf377e5",
        "size_in_bytes": 8026
      },
      {
        "_path": "Lib/site-packages/bs4/tests/__pycache__/test_htmlparser.cpython-37.pyc",
        "path_type": "hardlink",
        "sha256": "bf3bcdad907de747de195e5c739548ffe70d51a0256551d935cfa3f4b96990b8",
        "sha256_in_prefix": "bf3bcdad907de747de195e5c739548ffe70d51a0256551d935cfa3f4b96990b8",
        "size_in_bytes": 4982
      },
      {
        "_path": "Lib/site-packages/bs4/tests/__pycache__/test_lxml.cpython-37.pyc",
        "path_type": "hardlink",
        "sha256": "340d1dfebefdfcf761c6c3f8f6d6ea35328b4d511e83adeeb88c7df713159e41",
        "sha256_in_prefix": "340d1dfebefdfcf761c6c3f8f6d6ea35328b4d511e83adeeb88c7df713159e41",
        "size_in_bytes": 5367
      },
      {
        "_path": "Lib/site-packages/bs4/tests/__pycache__/test_navigablestring.cpython-37.pyc",
        "path_type": "hardlink",
        "sha256": "60e6456b8bb96f76494025c96bd339ce096f936d5cd0228524a8ac8e47fbe473",
        "sha256_in_prefix": "60e6456b8bb96f76494025c96bd339ce096f936d5cd0228524a8ac8e47fbe473",
        "size_in_bytes": 4864
      },
      {
        "_path": "Lib/site-packages/bs4/tests/__pycache__/test_pageelement.cpython-37.pyc",
        "path_type": "hardlink",
        "sha256": "c3665d6ab4db06e23426874441127ec8bb5bdd63f2a1df90cd25a0b1abcfb18e",
        "sha256_in_prefix": "c3665d6ab4db06e23426874441127ec8bb5bdd63f2a1df90cd25a0b1abcfb18e",
        "size_in_bytes": 31729
      },
      {
        "_path": "Lib/site-packages/bs4/tests/__pycache__/test_soup.cpython-37.pyc",
        "path_type": "hardlink",
        "sha256": "568b08e48ac603676a9180adc9169161a59f02fdf6956c2a7aaeade9d29d44e8",
        "sha256_in_prefix": "568b08e48ac603676a9180adc9169161a59f02fdf6956c2a7aaeade9d29d44e8",
        "size_in_bytes": 18326
      },
      {
        "_path": "Lib/site-packages/bs4/tests/__pycache__/test_tag.cpython-37.pyc",
        "path_type": "hardlink",
        "sha256": "5b4e206577eaf5eb67290b8a7388ca17c62fb3f35b8b1bf6fe8ad49efc4c7764",
        "sha256_in_prefix": "5b4e206577eaf5eb67290b8a7388ca17c62fb3f35b8b1bf6fe8ad49efc4c7764",
        "size_in_bytes": 8869
      },
      {
        "_path": "Lib/site-packages/bs4/tests/__pycache__/test_tree.cpython-37.pyc",
        "path_type": "hardlink",
        "sha256": "0d518ebd2f4ba7074a91b04e870e9b95ed9be6ab74b923c9fad52cbdd2ad5e3d",
        "sha256_in_prefix": "0d518ebd2f4ba7074a91b04e870e9b95ed9be6ab74b923c9fad52cbdd2ad5e3d",
        "size_in_bytes": 51267
      },
      {
        "_path": "Lib/site-packages/bs4/tests/test_builder.py",
        "path_type": "hardlink",
        "sha256": "9dcd8913910cac47fea76e2a85fd91f2a015e4fa4588eb8da580a6b660a39532",
        "sha256_in_prefix": "9dcd8913910cac47fea76e2a85fd91f2a015e4fa4588eb8da580a6b660a39532",
        "size_in_bytes": 1115
      },
      {
        "_path": "Lib/site-packages/bs4/tests/test_builder_registry.py",
        "path_type": "hardlink",
        "sha256": "fd58760b2633bf804aa097426bbb3896c04b510a6db247e08929f7537f35d024",
        "sha256_in_prefix": "fd58760b2633bf804aa097426bbb3896c04b510a6db247e08929f7537f35d024",
        "size_in_bytes": 5068
      },
      {
        "_path": "Lib/site-packages/bs4/tests/test_dammit.py",
        "path_type": "hardlink",
        "sha256": "952dc4582602b71544e1f0bf276793717882861b9a2f855c6e8f7807981e20be",
        "sha256_in_prefix": "952dc4582602b71544e1f0bf276793717882861b9a2f855c6e8f7807981e20be",
        "size_in_bytes": 15680
      },
      {
        "_path": "Lib/site-packages/bs4/tests/test_docs.py",
        "path_type": "hardlink",
        "sha256": "c680319d47e843b691a86226c16ffd0490d4f1634c64722ebd6a957a9bd65edf",
        "sha256_in_prefix": "c680319d47e843b691a86226c16ffd0490d4f1634c64722ebd6a957a9bd65edf",
        "size_in_bytes": 1127
      },
      {
        "_path": "Lib/site-packages/bs4/tests/test_element.py",
        "path_type": "hardlink",
        "sha256": "f76a11491a0693c8085c06c018712b2b3a1cc7630adf64ea71075427e74640ca",
        "sha256_in_prefix": "f76a11491a0693c8085c06c018712b2b3a1cc7630adf64ea71075427e74640ca",
        "size_in_bytes": 2377
      },
      {
        "_path": "Lib/site-packages/bs4/tests/test_formatter.py",
        "path_type": "hardlink",
        "sha256": "d2a57d1fb98c0c17271451fe770342ad29b6ccd8bfe3458c07618c715df93e86",
        "sha256_in_prefix": "d2a57d1fb98c0c17271451fe770342ad29b6ccd8bfe3458c07618c715df93e86",
        "size_in_bytes": 4128
      },
      {
        "_path": "Lib/site-packages/bs4/tests/test_html5lib.py",
        "path_type": "hardlink",
        "sha256": "5faaf5de37c9f8e986e922ff8727c53575aceec104abfd53982cc225c971bdb0",
        "sha256_in_prefix": "5faaf5de37c9f8e986e922ff8727c53575aceec104abfd53982cc225c971bdb0",
        "size_in_bytes": 8246
      },
      {
        "_path": "Lib/site-packages/bs4/tests/test_htmlparser.py",
        "path_type": "hardlink",
        "sha256": "0450aca4876192bf01b2cfa41ee7de35cc1afe5bc9a5558a809b243e866067b1",
        "sha256_in_prefix": "0450aca4876192bf01b2cfa41ee7de35cc1afe5bc9a5558a809b243e866067b1",
        "size_in_bytes": 5532
      },
      {
        "_path": "Lib/site-packages/bs4/tests/test_lxml.py",
        "path_type": "hardlink",
        "sha256": "75e69fd583ab47c2344f9c99015e130f17005c7cd585d967b126a31a9068c6cd",
        "sha256_in_prefix": "75e69fd583ab47c2344f9c99015e130f17005c7cd585d967b126a31a9068c6cd",
        "size_in_bytes": 7376
      },
      {
        "_path": "Lib/site-packages/bs4/tests/test_navigablestring.py",
        "path_type": "hardlink",
        "sha256": "4464a0ce235fedc66761d10fb28a8bd41d88ebc4d4269d49984415c5b87faf20",
        "sha256_in_prefix": "4464a0ce235fedc66761d10fb28a8bd41d88ebc4d4269d49984415c5b87faf20",
        "size_in_bytes": 5081
      },
      {
        "_path": "Lib/site-packages/bs4/tests/test_pageelement.py",
        "path_type": "hardlink",
        "sha256": "7e9394dd6e48033f766f403657158a908e6902939b301d7b70dcd7345f3915f0",
        "sha256_in_prefix": "7e9394dd6e48033f766f403657158a908e6902939b301d7b70dcd7345f3915f0",
        "size_in_bytes": 27792
      },
      {
        "_path": "Lib/site-packages/bs4/tests/test_soup.py",
        "path_type": "hardlink",
        "sha256": "0949cafab0dc70894a30b04fe00c1e0aa4436cfb772eace59ff0699c180a9b83",
        "sha256_in_prefix": "0949cafab0dc70894a30b04fe00c1e0aa4436cfb772eace59ff0699c180a9b83",
        "size_in_bytes": 17810
      },
      {
        "_path": "Lib/site-packages/bs4/tests/test_tag.py",
        "path_type": "hardlink",
        "sha256": "7f5f6e89eed07a1be0be122a3567e30d14784ca6be7ed9bf451a28e8b5d9caa9",
        "sha256_in_prefix": "7f5f6e89eed07a1be0be122a3567e30d14784ca6be7ed9bf451a28e8b5d9caa9",
        "size_in_bytes": 9016
      },
      {
        "_path": "Lib/site-packages/bs4/tests/test_tree.py",
        "path_type": "hardlink",
        "sha256": "cbd42fb3c9e7623e919c6452c6da18410c128daf8395bb6e90256cd27795c325",
        "sha256_in_prefix": "cbd42fb3c9e7623e919c6452c6da18410c128daf8395bb6e90256cd27795c325",
        "size_in_bytes": 47557
      }
    ],
    "paths_version": 1
  },
  "requested_spec": "None",
  "sha256": "a990108e41946036f8a06dce3e86d2652489c91246a1161287358fe1bd758f7a",
  "size": 194081,
  "subdir": "win-64",
  "timestamp": 1650293053361,
  "track_features": "",
  "url": "https://repo.anaconda.com/pkgs/main/win-64/beautifulsoup4-4.11.1-py37haa95532_0.conda",
  "version": "4.11.1"
}