{
  "build": "haa95532_0",
  "build_number": 0,
  "channel": "https://repo.anaconda.com/pkgs/main/win-64",
  "constrains": [],
  "depends": [],
  "extracted_package_dir": "D:\\Users\\Ravi\\miniconda3\\pkgs\\ca-certificates-2022.10.11-haa95532_0",
  "features": "",
  "files": [
    "Library/ssl/cacert.pem",
    "Library/ssl/cert.pem",
    ".nonadmin"
  ],
  "fn": "ca-certificates-2022.10.11-haa95532_0.conda",
  "legacy_bz2_md5": "b9e66497e5cda8a276b940c408bfd48b",
  "license": "MPL-2.0",
  "license_family": "Other",
  "link": {
    "source": "D:\\Users\\Ravi\\miniconda3\\pkgs\\ca-certificates-2022.10.11-haa95532_0",
    "type": 1
  },
  "md5": "d90b30847945b81feda422c8946baefc",
  "name": "ca-certificates",
  "package_tarball_full_path": "D:\\Users\\Ravi\\miniconda3\\pkgs\\ca-certificates-2022.10.11-haa95532_0.conda",
  "paths_data": {
    "paths": [
      {
        "_path": "Library/ssl/cacert.pem",
        "path_type": "hardlink",
        "sha256": "2cff03f9efdaf52626bd1b451d700605dc1ea000c5da56bd0fc59f8f43071040",
        "sha256_in_prefix": "2cff03f9efdaf52626bd1b451d700605dc1ea000c5da56bd0fc59f8f43071040",
        "size_in_bytes": 225403
      },
      {
        "_path": "Library/ssl/cert.pem",
        "path_type": "hardlink",
        "sha256": "2cff03f9efdaf52626bd1b451d700605dc1ea000c5da56bd0fc59f8f43071040",
        "sha256_in_prefix": "2cff03f9efdaf52626bd1b451d700605dc1ea000c5da56bd0fc59f8f43071040",
        "size_in_bytes": 225403
      }
    ],
    "paths_version": 1
  },
  "requested_spec": "None",
  "sha256": "1fbd06577c64768d2b5e42e3432ad0274a1c66f17cf97526d2f3909d4d0622f9",
  "size": 128229,
  "subdir": "win-64",
  "timestamp": 1666896238945,
  "track_features": "",
  "url": "https://repo.anaconda.com/pkgs/main/win-64/ca-certificates-2022.10.11-haa95532_0.conda",
  "version": "2022.10.11"
}