{
  "build": "py37haa95532_0",
  "build_number": 0,
  "channel": "https://repo.anaconda.com/pkgs/main/win-64",
  "constrains": [],
  "depends": [
    "python >=3.7,<3.8.0a0"
  ],
  "extracted_package_dir": "D:\\Users\\Ravi\\miniconda3\\pkgs\\certifi-2022.9.24-py37haa95532_0",
  "features": "",
  "files": [
    "Lib/site-packages/certifi-2022.9.24.dist-info/INSTALLER",
    "Lib/site-packages/certifi-2022.9.24.dist-info/LICENSE",
    "Lib/site-packages/certifi-2022.9.24.dist-info/METADATA",
    "Lib/site-packages/certifi-2022.9.24.dist-info/RECORD",
    "Lib/site-packages/certifi-2022.9.24.dist-info/REQUESTED",
    "Lib/site-packages/certifi-2022.9.24.dist-info/WHEEL",
    "Lib/site-packages/certifi-2022.9.24.dist-info/direct_url.json",
    "Lib/site-packages/certifi-2022.9.24.dist-info/top_level.txt",
    "Lib/site-packages/certifi/__init__.py",
    "Lib/site-packages/certifi/__main__.py",
    "Lib/site-packages/certifi/__pycache__/__init__.cpython-37.pyc",
    "Lib/site-packages/certifi/__pycache__/__main__.cpython-37.pyc",
    "Lib/site-packages/certifi/__pycache__/core.cpython-37.pyc",
    "Lib/site-packages/certifi/cacert.pem",
    "Lib/site-packages/certifi/core.py",
    "Lib/site-packages/certifi/py.typed",
    ".nonadmin"
  ],
  "fn": "certifi-2022.9.24-py37haa95532_0.conda",
  "legacy_bz2_md5": "667b77c5de1ee578b7d09ee81e7da32b",
  "license": "MPL-2.0",
  "license_family": "Other",
  "link": {
    "source": "D:\\Users\\Ravi\\miniconda3\\pkgs\\certifi-2022.9.24-py37haa95532_0",
    "type": 1
  },
  "md5": "5363806ec1a7b7780ab5fb15a3e823bd",
  "name": "certifi",
  "package_tarball_full_path": "D:\\Users\\Ravi\\miniconda3\\pkgs\\certifi-2022.9.24-py37haa95532_0.conda",
  "paths_data": {
    "paths": [
      {
        "_path": "Lib/site-packages/certifi-2022.9.24.dist-info/INSTALLER",
        "path_type": "hardlink",
        "sha256": "d0edee15f91b406f3f99726e44eb990be6e34fd0345b52b910c568e0eef6a2a8",
        "sha256_in_prefix": "d0edee15f91b406f3f99726e44eb990be6e34fd0345b52b910c568e0eef6a2a8",
        "size_in_bytes": 5
      },
      {
        "_path": "Lib/site-packages/certifi-2022.9.24.dist-info/LICENSE",
        "path_type": "hardlink",
        "sha256": "a02f6c638f9fb84d06f7764c3ab085d8af7eda5b93c166da54312479077c6fb0",
        "sha256_in_prefix": "a02f6c638f9fb84d06f7764c3ab085d8af7eda5b93c166da54312479077c6fb0",
        "size_in_bytes": 1052
      },
      {
        "_path": "Lib/site-packages/certifi-2022.9.24.dist-info/METADATA",
        "path_type": "hardlink",
        "sha256": "29eacabfc1b757f0f1f2f9754aa7c03659950c9d09a86c959d1a22946be8272a",
        "sha256_in_prefix": "29eacabfc1b757f0f1f2f9754aa7c03659950c9d09a86c959d1a22946be8272a",
        "size_in_bytes": 2889
      },
      {
        "_path": "Lib/site-packages/certifi-2022.9.24.dist-info/RECORD",
        "path_type": "hardlink",
        "sha256": "9e8eb94fdb65661aae4ca72a3153c743673cea7484eec496d606a734c19200a3",
        "sha256_in_prefix": "9e8eb94fdb65661aae4ca72a3153c743673cea7484eec496d606a734c19200a3",
        "size_in_bytes": 1203
      },
      {
        "_path": "Lib/site-packages/certifi-2022.9.24.dist-info/REQUESTED",
        "path_type": "hardlink",
        "sha256": "e3b0c44298fc1c149afbf4c8996fb92427ae41e4649b934ca495991b7852b855",
        "sha256_in_prefix": "e3b0c44298fc1c149afbf4c8996fb92427ae41e4649b934ca495991b7852b855",
        "size_in_bytes": 0
      },
      {
        "_path": "Lib/site-packages/certifi-2022.9.24.dist-info/WHEEL",
        "path_type": "hardlink",
        "sha256": "1b5e87e00dc87a84269cead8578b9e6462928e18a95f1f3373c9eef451a5bcc0",
        "sha256_in_prefix": "1b5e87e00dc87a84269cead8578b9e6462928e18a95f1f3373c9eef451a5bcc0",
        "size_in_bytes": 92
      },
      {
        "_path": "Lib/site-packages/certifi-2022.9.24.dist-info/direct_url.json",
        "path_type": "hardlink",
        "sha256": "e0a5a18513630e614974724f25f2ec6f5f4bb9d2a6572410bd79b8274808f2dc",
        "sha256_in_prefix": "e0a5a18513630e614974724f25f2ec6f5f4bb9d2a6572410bd79b8274808f2dc",
        "size_in_bytes": 95
      },
      {
        "_path": "Lib/site-packages/certifi-2022.9.24.dist-info/top_level.txt",
        "path_type": "hardlink",
        "sha256": "28cbb8bd409fb232eb90f6d235d81d7a44bea552730402453bffe723c345ebe5",
        "sha256_in_prefix": "28cbb8bd409fb232eb90f6d235d81d7a44bea552730402453bffe723c345ebe5",
        "size_in_bytes": 8
      },
      {
        "_path": "Lib/site-packages/certifi/__init__.py",
        "path_type": "hardlink",
        "sha256": "96e0e3206c434ab43d3b4ced85dcf92e7b74ebd67fede47518811e7c469ff98b",
        "sha256_in_prefix": "96e0e3206c434ab43d3b4ced85dcf92e7b74ebd67fede47518811e7c469ff98b",
        "size_in_bytes": 94
      },
      {
        "_path": "Lib/site-packages/certifi/__main__.py",
        "path_type": "hardlink",
        "sha256": "c410688fdd394d45812d118034e71fee88ba7beddd30fe1c1281bd3b232cd758",
        "sha256_in_prefix": "c410688fdd394d45812d118034e71fee88ba7beddd30fe1c1281bd3b232cd758",
        "size_in_bytes": 243
      },
      {
        "_path": "Lib/site-packages/certifi/__pycache__/__init__.cpython-37.pyc",
        "path_type": "hardlink",
        "sha256": "48b78c6465c3a271f2799bcfd020b3b1fafb3c5807e28086a3e48bd3bdba1d3b",
        "sha256_in_prefix": "48b78c6465c3a271f2799bcfd020b3b1fafb3c5807e28086a3e48bd3bdba1d3b",
        "size_in_bytes": 237
      },
      {
        "_path": "Lib/site-packages/certifi/__pycache__/__main__.cpython-37.pyc",
        "path_type": "hardlink",
        "sha256": "e8f3a555e9a6655ed4aa8bbe258dba312bb1c5bea53750c380427484088557ec",
        "sha256_in_prefix": "e8f3a555e9a6655ed4aa8bbe258dba312bb1c5bea53750c380427484088557ec",
        "size_in_bytes": 373
      },
      {
        "_path": "Lib/site-packages/certifi/__pycache__/core.cpython-37.pyc",
        "path_type": "hardlink",
        "sha256": "ff8471b53fd330dfc6746f05165f1f1ea7aa99002cc91e8aca4f450360183332",
        "sha256_in_prefix": "ff8471b53fd330dfc6746f05165f1f1ea7aa99002cc91e8aca4f450360183332",
        "size_in_bytes": 1867
      },
      {
        "_path": "Lib/site-packages/certifi/cacert.pem",
        "path_type": "hardlink",
        "sha256": "de5f02716b7fa8be36d37d2b1a2783dd22ee7c80855f46d8b4684397f11754f2",
        "sha256_in_prefix": "de5f02716b7fa8be36d37d2b1a2783dd22ee7c80855f46d8b4684397f11754f2",
        "size_in_bytes": 286370
      },
      {
        "_path": "Lib/site-packages/certifi/core.py",
        "path_type": "hardlink",
        "sha256": "9617b0cf4cc56f66f850bb10bab1259a5a18c10a1e7235b33ea63aecff13ee23",
        "sha256_in_prefix": "9617b0cf4cc56f66f850bb10bab1259a5a18c10a1e7235b33ea63aecff13ee23",
        "size_in_bytes": 4219
      },
      {
        "_path": "Lib/site-packages/certifi/py.typed",
        "path_type": "hardlink",
        "sha256": "e3b0c44298fc1c149afbf4c8996fb92427ae41e4649b934ca495991b7852b855",
        "sha256_in_prefix": "e3b0c44298fc1c149afbf4c8996fb92427ae41e4649b934ca495991b7852b855",
        "size_in_bytes": 0
      }
    ],
    "paths_version": 1
  },
  "requested_spec": "None",
  "sha256": "c849de20638c39ec23d8024448f06bc6faeb8f59e54d0be330718f51a6fcdda4",
  "size": 158043,
  "subdir": "win-64",
  "timestamp": 1665076794220,
  "track_features": "",
  "url": "https://repo.anaconda.com/pkgs/main/win-64/certifi-2022.9.24-py37haa95532_0.conda",
  "version": "2022.9.24"
}