{
  "build": "py37haa95532_1003",
  "build_number": 1003,
  "channel": "https://repo.anaconda.com/pkgs/main/win-64",
  "constrains": [],
  "depends": [
    "python >=3.7,<3.8.0a0"
  ],
  "extracted_package_dir": "D:\\Users\\Ravi\\miniconda3\\pkgs\\chardet-4.0.0-py37haa95532_1003",
  "features": "",
  "files": [
    "Lib/site-packages/chardet-4.0.0.dist-info/INSTALLER",
    "Lib/site-packages/chardet-4.0.0.dist-info/LICENSE",
    "Lib/site-packages/chardet-4.0.0.dist-info/METADATA",
    "Lib/site-packages/chardet-4.0.0.dist-info/RECORD",
    "Lib/site-packages/chardet-4.0.0.dist-info/REQUESTED",
    "Lib/site-packages/chardet-4.0.0.dist-info/WHEEL",
    "Lib/site-packages/chardet-4.0.0.dist-info/direct_url.json",
    "Lib/site-packages/chardet-4.0.0.dist-info/entry_points.txt",
    "Lib/site-packages/chardet-4.0.0.dist-info/top_level.txt",
    "Lib/site-packages/chardet/__init__.py",
    "Lib/site-packages/chardet/__pycache__/__init__.cpython-37.pyc",
    "Lib/site-packages/chardet/__pycache__/big5freq.cpython-37.pyc",
    "Lib/site-packages/chardet/__pycache__/big5prober.cpython-37.pyc",
    "Lib/site-packages/chardet/__pycache__/chardistribution.cpython-37.pyc",
    "Lib/site-packages/chardet/__pycache__/charsetgroupprober.cpython-37.pyc",
    "Lib/site-packages/chardet/__pycache__/charsetprober.cpython-37.pyc",
    "Lib/site-packages/chardet/__pycache__/codingstatemachine.cpython-37.pyc",
    "Lib/site-packages/chardet/__pycache__/compat.cpython-37.pyc",
    "Lib/site-packages/chardet/__pycache__/cp949prober.cpython-37.pyc",
    "Lib/site-packages/chardet/__pycache__/enums.cpython-37.pyc",
    "Lib/site-packages/chardet/__pycache__/escprober.cpython-37.pyc",
    "Lib/site-packages/chardet/__pycache__/escsm.cpython-37.pyc",
    "Lib/site-packages/chardet/__pycache__/eucjpprober.cpython-37.pyc",
    "Lib/site-packages/chardet/__pycache__/euckrfreq.cpython-37.pyc",
    "Lib/site-packages/chardet/__pycache__/euckrprober.cpython-37.pyc",
    "Lib/site-packages/chardet/__pycache__/euctwfreq.cpython-37.pyc",
    "Lib/site-packages/chardet/__pycache__/euctwprober.cpython-37.pyc",
    "Lib/site-packages/chardet/__pycache__/gb2312freq.cpython-37.pyc",
    "Lib/site-packages/chardet/__pycache__/gb2312prober.cpython-37.pyc",
    "Lib/site-packages/chardet/__pycache__/hebrewprober.cpython-37.pyc",
    "Lib/site-packages/chardet/__pycache__/jisfreq.cpython-37.pyc",
    "Lib/site-packages/chardet/__pycache__/jpcntx.cpython-37.pyc",
    "Lib/site-packages/chardet/__pycache__/langbulgarianmodel.cpython-37.pyc",
    "Lib/site-packages/chardet/__pycache__/langgreekmodel.cpython-37.pyc",
    "Lib/site-packages/chardet/__pycache__/langhebrewmodel.cpython-37.pyc",
    "Lib/site-packages/chardet/__pycache__/langhungarianmodel.cpython-37.pyc",
    "Lib/site-packages/chardet/__pycache__/langrussianmodel.cpython-37.pyc",
    "Lib/site-packages/chardet/__pycache__/langthaimodel.cpython-37.pyc",
    "Lib/site-packages/chardet/__pycache__/langturkishmodel.cpython-37.pyc",
    "Lib/site-packages/chardet/__pycache__/latin1prober.cpython-37.pyc",
    "Lib/site-packages/chardet/__pycache__/mbcharsetprober.cpython-37.pyc",
    "Lib/site-packages/chardet/__pycache__/mbcsgroupprober.cpython-37.pyc",
    "Lib/site-packages/chardet/__pycache__/mbcssm.cpython-37.pyc",
    "Lib/site-packages/chardet/__pycache__/sbcharsetprober.cpython-37.pyc",
    "Lib/site-packages/chardet/__pycache__/sbcsgroupprober.cpython-37.pyc",
    "Lib/site-packages/chardet/__pycache__/sjisprober.cpython-37.pyc",
    "Lib/site-packages/chardet/__pycache__/universaldetector.cpython-37.pyc",
    "Lib/site-packages/chardet/__pycache__/utf8prober.cpython-37.pyc",
    "Lib/site-packages/chardet/__pycache__/version.cpython-37.pyc",
    "Lib/site-packages/chardet/big5freq.py",
    "Lib/site-packages/chardet/big5prober.py",
    "Lib/site-packages/chardet/chardistribution.py",
    "Lib/site-packages/chardet/charsetgroupprober.py",
    "Lib/site-packages/chardet/charsetprober.py",
    "Lib/site-packages/chardet/cli/__init__.py",
    "Lib/site-packages/chardet/cli/__pycache__/__init__.cpython-37.pyc",
    "Lib/site-packages/chardet/cli/__pycache__/chardetect.cpython-37.pyc",
    "Lib/site-packages/chardet/cli/chardetect.py",
    "Lib/site-packages/chardet/codingstatemachine.py",
    "Lib/site-packages/chardet/compat.py",
    "Lib/site-packages/chardet/cp949prober.py",
    "Lib/site-packages/chardet/enums.py",
    "Lib/site-packages/chardet/escprober.py",
    "Lib/site-packages/chardet/escsm.py",
    "Lib/site-packages/chardet/eucjpprober.py",
    "Lib/site-packages/chardet/euckrfreq.py",
    "Lib/site-packages/chardet/euckrprober.py",
    "Lib/site-packages/chardet/euctwfreq.py",
    "Lib/site-packages/chardet/euctwprober.py",
    "Lib/site-packages/chardet/gb2312freq.py",
    "Lib/site-packages/chardet/gb2312prober.py",
    "Lib/site-packages/chardet/hebrewprober.py",
    "Lib/site-packages/chardet/jisfreq.py",
    "Lib/site-packages/chardet/jpcntx.py",
    "Lib/site-packages/chardet/langbulgarianmodel.py",
    "Lib/site-packages/chardet/langgreekmodel.py",
    "Lib/site-packages/chardet/langhebrewmodel.py",
    "Lib/site-packages/chardet/langhungarianmodel.py",
    "Lib/site-packages/chardet/langrussianmodel.py",
    "Lib/site-packages/chardet/langthaimodel.py",
    "Lib/site-packages/chardet/langturkishmodel.py",
    "Lib/site-packages/chardet/latin1prober.py",
    "Lib/site-packages/chardet/mbcharsetprober.py",
    "Lib/site-packages/chardet/mbcsgroupprober.py",
    "Lib/site-packages/chardet/mbcssm.py",
    "Lib/site-packages/chardet/metadata/__init__.py",
    "Lib/site-packages/chardet/metadata/__pycache__/__init__.cpython-37.pyc",
    "Lib/site-packages/chardet/metadata/__pycache__/languages.cpython-37.pyc",
    "Lib/site-packages/chardet/metadata/languages.py",
    "Lib/site-packages/chardet/sbcharsetprober.py",
    "Lib/site-packages/chardet/sbcsgroupprober.py",
    "Lib/site-packages/chardet/sjisprober.py",
    "Lib/site-packages/chardet/universaldetector.py",
    "Lib/site-packages/chardet/utf8prober.py",
    "Lib/site-packages/chardet/version.py",
    "Scripts/chardetect-script.py",
    "Scripts/chardetect.exe",
    ".nonadmin"
  ],
  "fn": "chardet-4.0.0-py37haa95532_1003.conda",
  "legacy_bz2_md5": "8e8f5cfdafd1c86b97b74ba2f7bd5e3c",
  "license": "LGPL2",
  "license_family": "GPL",
  "link": {
    "source": "D:\\Users\\Ravi\\miniconda3\\pkgs\\chardet-4.0.0-py37haa95532_1003",
    "type": 1
  },
  "md5": "4081c0266a27cf202b12b365965c4cac",
  "name": "chardet",
  "package_tarball_full_path": "D:\\Users\\Ravi\\miniconda3\\pkgs\\chardet-4.0.0-py37haa95532_1003.conda",
  "paths_data": {
    "paths": [
      {
        "_path": "Lib/site-packages/chardet-4.0.0.dist-info/INSTALLER",
        "path_type": "hardlink",
        "sha256": "d0edee15f91b406f3f99726e44eb990be6e34fd0345b52b910c568e0eef6a2a8",
        "sha256_in_prefix": "d0edee15f91b406f3f99726e44eb990be6e34fd0345b52b910c568e0eef6a2a8",
        "size_in_bytes": 5
      },
      {
        "_path": "Lib/site-packages/chardet-4.0.0.dist-info/LICENSE",
        "path_type": "hardlink",
        "sha256": "6095e9ffa777dd22839f7801aa845b31c9ed07f3d6bf8a26dc5d2dec8ccc0ef3",
        "sha256_in_prefix": "6095e9ffa777dd22839f7801aa845b31c9ed07f3d6bf8a26dc5d2dec8ccc0ef3",
        "size_in_bytes": 26432
      },
      {
        "_path": "Lib/site-packages/chardet-4.0.0.dist-info/METADATA",
        "path_type": "hardlink",
        "sha256": "c92610004ecd3e6dcbc3180ca858b5cdd2d0e3c9a6c0c6eb270a80582b5c6c7f",
        "sha256_in_prefix": "c92610004ecd3e6dcbc3180ca858b5cdd2d0e3c9a6c0c6eb270a80582b5c6c7f",
        "size_in_bytes": 3526
      },
      {
        "_path": "Lib/site-packages/chardet-4.0.0.dist-info/RECORD",
        "path_type": "hardlink",
        "sha256": "365b1463755ff233cd582e9ed7b22de6556e021a1662aa9cbe0e882fa4b8eacf",
        "sha256_in_prefix": "365b1463755ff233cd582e9ed7b22de6556e021a1662aa9cbe0e882fa4b8eacf",
        "size_in_bytes": 6542
      },
      {
        "_path": "Lib/site-packages/chardet-4.0.0.dist-info/REQUESTED",
        "path_type": "hardlink",
        "sha256": "e3b0c44298fc1c149afbf4c8996fb92427ae41e4649b934ca495991b7852b855",
        "sha256_in_prefix": "e3b0c44298fc1c149afbf4c8996fb92427ae41e4649b934ca495991b7852b855",
        "size_in_bytes": 0
      },
      {
        "_path": "Lib/site-packages/chardet-4.0.0.dist-info/WHEEL",
        "path_type": "hardlink",
        "sha256": "a21d0d298ad372ed62d7ec20ac8d5c9e19236088bc589fbca9df49aebe7fcb81",
        "sha256_in_prefix": "a21d0d298ad372ed62d7ec20ac8d5c9e19236088bc589fbca9df49aebe7fcb81",
        "size_in_bytes": 110
      },
      {
        "_path": "Lib/site-packages/chardet-4.0.0.dist-info/direct_url.json",
        "path_type": "hardlink",
        "sha256": "ccab601e64ed4ff252378ea8e6f51c892dddd57bde9702f30d203c4dc6a1eaaf",
        "sha256_in_prefix": "ccab601e64ed4ff252378ea8e6f51c892dddd57bde9702f30d203c4dc6a1eaaf",
        "size_in_bytes": 67
      },
      {
        "_path": "Lib/site-packages/chardet-4.0.0.dist-info/entry_points.txt",
        "path_type": "hardlink",
        "sha256": "7c032686ee5e27ecc027eb267ea430442950dfe9e8cce0a6bc9ebe13c960189a",
        "sha256_in_prefix": "7c032686ee5e27ecc027eb267ea430442950dfe9e8cce0a6bc9ebe13c960189a",
        "size_in_bytes": 60
      },
      {
        "_path": "Lib/site-packages/chardet-4.0.0.dist-info/top_level.txt",
        "path_type": "hardlink",
        "sha256": "028c3305b672e31f048ab0010dd2522c964c909ff9de221a83cc5f291e83ee42",
        "sha256_in_prefix": "028c3305b672e31f048ab0010dd2522c964c909ff9de221a83cc5f291e83ee42",
        "size_in_bytes": 8
      },
      {
        "_path": "Lib/site-packages/chardet/__init__.py",
        "path_type": "hardlink",
        "sha256": "99665a5a6bd9921c1f044013f4ed58ea74537cace14fb1478504d302e8dba940",
        "sha256_in_prefix": "99665a5a6bd9921c1f044013f4ed58ea74537cace14fb1478504d302e8dba940",
        "size_in_bytes": 3271
      },
      {
        "_path": "Lib/site-packages/chardet/__pycache__/__init__.cpython-37.pyc",
        "path_type": "hardlink",
        "sha256": "f0c732b9194080c68077bbd56b1fefd98c69d82886bd6fad2c5e2c0c25c3b616",
        "sha256_in_prefix": "f0c732b9194080c68077bbd56b1fefd98c69d82886bd6fad2c5e2c0c25c3b616",
        "size_in_bytes": 1858
      },
      {
        "_path": "Lib/site-packages/chardet/__pycache__/big5freq.cpython-37.pyc",
        "path_type": "hardlink",
        "sha256": "82d4304e707e5fb7e8bcefd274a5745886a4d39134edf5c0cca46bfd206c9e89",
        "sha256_in_prefix": "82d4304e707e5fb7e8bcefd274a5745886a4d39134edf5c0cca46bfd206c9e89",
        "size_in_bytes": 27111
      },
      {
        "_path": "Lib/site-packages/chardet/__pycache__/big5prober.cpython-37.pyc",
        "path_type": "hardlink",
        "sha256": "42b43d5835d79adee5696dd9d66a44b52d3e19da0680426db43fc7086bd72dc4",
        "sha256_in_prefix": "42b43d5835d79adee5696dd9d66a44b52d3e19da0680426db43fc7086bd72dc4",
        "size_in_bytes": 1052
      },
      {
        "_path": "Lib/site-packages/chardet/__pycache__/chardistribution.cpython-37.pyc",
        "path_type": "hardlink",
        "sha256": "73d123f489d0b750c6e609ad8774e620c86274f6adc8de8eceb75414e7b46ec6",
        "sha256_in_prefix": "73d123f489d0b750c6e609ad8774e620c86274f6adc8de8eceb75414e7b46ec6",
        "size_in_bytes": 6238
      },
      {
        "_path": "Lib/site-packages/chardet/__pycache__/charsetgroupprober.cpython-37.pyc",
        "path_type": "hardlink",
        "sha256": "73a0d675d702b065269237517c0bfe95d67a340d5b0676ee1c7d7abc61c92ed6",
        "sha256_in_prefix": "73a0d675d702b065269237517c0bfe95d67a340d5b0676ee1c7d7abc61c92ed6",
        "size_in_bytes": 2169
      },
      {
        "_path": "Lib/site-packages/chardet/__pycache__/charsetprober.cpython-37.pyc",
        "path_type": "hardlink",
        "sha256": "1f091d4e39bfd588ce91e79c0858ac9219bfa71fcae4049f9afb66bd153f6916",
        "sha256_in_prefix": "1f091d4e39bfd588ce91e79c0858ac9219bfa71fcae4049f9afb66bd153f6916",
        "size_in_bytes": 3369
      },
      {
        "_path": "Lib/site-packages/chardet/__pycache__/codingstatemachine.cpython-37.pyc",
        "path_type": "hardlink",
        "sha256": "9b3da713147e778bdfb01fc594b8d5f7c1f76456b1470e82bd36a0e2a83301be",
        "sha256_in_prefix": "9b3da713147e778bdfb01fc594b8d5f7c1f76456b1470e82bd36a0e2a83301be",
        "size_in_bytes": 2816
      },
      {
        "_path": "Lib/site-packages/chardet/__pycache__/compat.cpython-37.pyc",
        "path_type": "hardlink",
        "sha256": "e2599943314a17cb64d5d4ea80ec5a7d5bd3c3be1a2173d3e60887d505f33ddb",
        "sha256_in_prefix": "e2599943314a17cb64d5d4ea80ec5a7d5bd3c3be1a2173d3e60887d505f33ddb",
        "size_in_bytes": 331
      },
      {
        "_path": "Lib/site-packages/chardet/__pycache__/cp949prober.cpython-37.pyc",
        "path_type": "hardlink",
        "sha256": "7141ec66efa46644effde14d738615fb424d1cb8c274676a9df503b2ec726df2",
        "sha256_in_prefix": "7141ec66efa46644effde14d738615fb424d1cb8c274676a9df503b2ec726df2",
        "size_in_bytes": 1059
      },
      {
        "_path": "Lib/site-packages/chardet/__pycache__/enums.cpython-37.pyc",
        "path_type": "hardlink",
        "sha256": "ba43e86dc79d9135709a08d8caecb82c6c4904aa31451b9cbca9044bf78d7488",
        "sha256_in_prefix": "ba43e86dc79d9135709a08d8caecb82c6c4904aa31451b9cbca9044bf78d7488",
        "size_in_bytes": 2550
      },
      {
        "_path": "Lib/site-packages/chardet/__pycache__/escprober.cpython-37.pyc",
        "path_type": "hardlink",
        "sha256": "0c2da965c9f4dbb3f21de1987af26139eb4b2a2d48a915580322ae47008820b1",
        "sha256_in_prefix": "0c2da965c9f4dbb3f21de1987af26139eb4b2a2d48a915580322ae47008820b1",
        "size_in_bytes": 2537
      },
      {
        "_path": "Lib/site-packages/chardet/__pycache__/escsm.cpython-37.pyc",
        "path_type": "hardlink",
        "sha256": "cb125da57b376a197698c02fee7f7ddd8e503da20d9bab96e3d9c5c9928e50c2",
        "sha256_in_prefix": "cb125da57b376a197698c02fee7f7ddd8e503da20d9bab96e3d9c5c9928e50c2",
        "size_in_bytes": 6998
      },
      {
        "_path": "Lib/site-packages/chardet/__pycache__/eucjpprober.cpython-37.pyc",
        "path_type": "hardlink",
        "sha256": "2f614a47fdfed2c23f3d0680351d0dde7c33f6d08468ef72de0e61c7ea7bd6b0",
        "sha256_in_prefix": "2f614a47fdfed2c23f3d0680351d0dde7c33f6d08468ef72de0e61c7ea7bd6b0",
        "size_in_bytes": 2345
      },
      {
        "_path": "Lib/site-packages/chardet/__pycache__/euckrfreq.cpython-37.pyc",
        "path_type": "hardlink",
        "sha256": "9e6c98bd888a6fb53f3e7ef14fadd966f100927de007f826fc5309be938c81d3",
        "sha256_in_prefix": "9e6c98bd888a6fb53f3e7ef14fadd966f100927de007f826fc5309be938c81d3",
        "size_in_bytes": 11995
      },
      {
        "_path": "Lib/site-packages/chardet/__pycache__/euckrprober.cpython-37.pyc",
        "path_type": "hardlink",
        "sha256": "fe9888553127a81ab553b190f2f7075a4a2adb715ae4b78816f002bfa8637ebe",
        "sha256_in_prefix": "fe9888553127a81ab553b190f2f7075a4a2adb715ae4b78816f002bfa8637ebe",
        "size_in_bytes": 1060
      },
      {
        "_path": "Lib/site-packages/chardet/__pycache__/euctwfreq.cpython-37.pyc",
        "path_type": "hardlink",
        "sha256": "d68f80c1371ebd56bfbad15d0fabe8a92e708728ded02c1c67f299e35a6856d0",
        "sha256_in_prefix": "d68f80c1371ebd56bfbad15d0fabe8a92e708728ded02c1c67f299e35a6856d0",
        "size_in_bytes": 27115
      },
      {
        "_path": "Lib/site-packages/chardet/__pycache__/euctwprober.cpython-37.pyc",
        "path_type": "hardlink",
        "sha256": "52a8c5df534794c2f49538365b2fb5548c7afd01b9565430b3231cb14638483c",
        "sha256_in_prefix": "52a8c5df534794c2f49538365b2fb5548c7afd01b9565430b3231cb14638483c",
        "size_in_bytes": 1060
      },
      {
        "_path": "Lib/site-packages/chardet/__pycache__/gb2312freq.cpython-37.pyc",
        "path_type": "hardlink",
        "sha256": "8ebf14c6a145adda4eaf08071b457d7cb79a3c5f1a6ac7b358c29574b18b14e8",
        "sha256_in_prefix": "8ebf14c6a145adda4eaf08071b457d7cb79a3c5f1a6ac7b358c29574b18b14e8",
        "size_in_bytes": 19039
      },
      {
        "_path": "Lib/site-packages/chardet/__pycache__/gb2312prober.cpython-37.pyc",
        "path_type": "hardlink",
        "sha256": "f746fbb3984c5d5965c19490fb4b4d206f2778f841a4a05781ea26825f83f345",
        "sha256_in_prefix": "f746fbb3984c5d5965c19490fb4b4d206f2778f841a4a05781ea26825f83f345",
        "size_in_bytes": 1068
      },
      {
        "_path": "Lib/site-packages/chardet/__pycache__/hebrewprober.cpython-37.pyc",
        "path_type": "hardlink",
        "sha256": "97f5fba66d6a86e0a71e4d6ce24f46a4863ee32a890a22813d4a82ce1f0cc5aa",
        "sha256_in_prefix": "97f5fba66d6a86e0a71e4d6ce24f46a4863ee32a890a22813d4a82ce1f0cc5aa",
        "size_in_bytes": 2902
      },
      {
        "_path": "Lib/site-packages/chardet/__pycache__/jisfreq.cpython-37.pyc",
        "path_type": "hardlink",
        "sha256": "382f86a5fe137c5f6f51f5418676c5d865c762ae80d3303d527ea0faf08b3c0c",
        "sha256_in_prefix": "382f86a5fe137c5f6f51f5418676c5d865c762ae80d3303d527ea0faf08b3c0c",
        "size_in_bytes": 22067
      },
      {
        "_path": "Lib/site-packages/chardet/__pycache__/jpcntx.cpython-37.pyc",
        "path_type": "hardlink",
        "sha256": "efa1459b5840ba885eebc5c47a5ab86ddd2195657f8b3e4ce4b275fe89f60776",
        "sha256_in_prefix": "efa1459b5840ba885eebc5c47a5ab86ddd2195657f8b3e4ce4b275fe89f60776",
        "size_in_bytes": 37946
      },
      {
        "_path": "Lib/site-packages/chardet/__pycache__/langbulgarianmodel.cpython-37.pyc",
        "path_type": "hardlink",
        "sha256": "eef92552b3d375b58d620e0aa7868c41581aeec3cf9d295296e4ae3757e0aa23",
        "sha256_in_prefix": "eef92552b3d375b58d620e0aa7868c41581aeec3cf9d295296e4ae3757e0aa23",
        "size_in_bytes": 21452
      },
      {
        "_path": "Lib/site-packages/chardet/__pycache__/langgreekmodel.cpython-37.pyc",
        "path_type": "hardlink",
        "sha256": "feda34e3a503fba7cc9d2d1d5df169ddefc34db2a3cef3b470cffff532f928a9",
        "sha256_in_prefix": "feda34e3a503fba7cc9d2d1d5df169ddefc34db2a3cef3b470cffff532f928a9",
        "size_in_bytes": 20140
      },
      {
        "_path": "Lib/site-packages/chardet/__pycache__/langhebrewmodel.cpython-37.pyc",
        "path_type": "hardlink",
        "sha256": "3d41fd433be30e2da6cf09feaebf6bb03bd5d392e193e86c6530c6f30ada8f2a",
        "sha256_in_prefix": "3d41fd433be30e2da6cf09feaebf6bb03bd5d392e193e86c6530c6f30ada8f2a",
        "size_in_bytes": 20208
      },
      {
        "_path": "Lib/site-packages/chardet/__pycache__/langhungarianmodel.cpython-37.pyc",
        "path_type": "hardlink",
        "sha256": "7c858e56623c23901302502b774ea1fc956d7a123bc5c767578b6fabef8e1dc6",
        "sha256_in_prefix": "7c858e56623c23901302502b774ea1fc956d7a123bc5c767578b6fabef8e1dc6",
        "size_in_bytes": 21397
      },
      {
        "_path": "Lib/site-packages/chardet/__pycache__/langrussianmodel.cpython-37.pyc",
        "path_type": "hardlink",
        "sha256": "4ec31ca7f52f491e6c61ea7499ad058d235ec003e1faddad57649afe3adede8a",
        "sha256_in_prefix": "4ec31ca7f52f491e6c61ea7499ad058d235ec003e1faddad57649afe3adede8a",
        "size_in_bytes": 25952
      },
      {
        "_path": "Lib/site-packages/chardet/__pycache__/langthaimodel.cpython-37.pyc",
        "path_type": "hardlink",
        "sha256": "503a03aed2627ab1cda93510516c1b00b20b1db307e39f414d7c0addaf57e70b",
        "sha256_in_prefix": "503a03aed2627ab1cda93510516c1b00b20b1db307e39f414d7c0addaf57e70b",
        "size_in_bytes": 20384
      },
      {
        "_path": "Lib/site-packages/chardet/__pycache__/langturkishmodel.cpython-37.pyc",
        "path_type": "hardlink",
        "sha256": "ccaac3bef6e9ed076248e69b4095c24edac015b61db8e291b02bb748bd5d55c8",
        "sha256_in_prefix": "ccaac3bef6e9ed076248e69b4095c24edac015b61db8e291b02bb748bd5d55c8",
        "size_in_bytes": 20224
      },
      {
        "_path": "Lib/site-packages/chardet/__pycache__/latin1prober.cpython-37.pyc",
        "path_type": "hardlink",
        "sha256": "4c3310285faeb9dc9624137dfc88d5d54a97859606f3688f740855d763948ba4",
        "sha256_in_prefix": "4c3310285faeb9dc9624137dfc88d5d54a97859606f3688f740855d763948ba4",
        "size_in_bytes": 2859
      },
      {
        "_path": "Lib/site-packages/chardet/__pycache__/mbcharsetprober.cpython-37.pyc",
        "path_type": "hardlink",
        "sha256": "ba97a8e3a9e84a52d9d3a0df7c6b8b849f300b6d53d3ac7e914f296cc4a7ecae",
        "sha256_in_prefix": "ba97a8e3a9e84a52d9d3a0df7c6b8b849f300b6d53d3ac7e914f296cc4a7ecae",
        "size_in_bytes": 2164
      },
      {
        "_path": "Lib/site-packages/chardet/__pycache__/mbcsgroupprober.cpython-37.pyc",
        "path_type": "hardlink",
        "sha256": "63869207ddf68446e785feb23db468b35dfca378257061322ed2d627a1012638",
        "sha256_in_prefix": "63869207ddf68446e785feb23db468b35dfca378257061322ed2d627a1012638",
        "size_in_bytes": 1055
      },
      {
        "_path": "Lib/site-packages/chardet/__pycache__/mbcssm.cpython-37.pyc",
        "path_type": "hardlink",
        "sha256": "adbc229549c790956d65504bfa6c8247c2f934b7ad13e18b0e6e4db4f066101b",
        "sha256_in_prefix": "adbc229549c790956d65504bfa6c8247c2f934b7ad13e18b0e6e4db4f066101b",
        "size_in_bytes": 15610
      },
      {
        "_path": "Lib/site-packages/chardet/__pycache__/sbcharsetprober.cpython-37.pyc",
        "path_type": "hardlink",
        "sha256": "f5190fd43649e087d7dabeb34c9834cdd3dad68de7cea8d0d037fed0923daad7",
        "sha256_in_prefix": "f5190fd43649e087d7dabeb34c9834cdd3dad68de7cea8d0d037fed0923daad7",
        "size_in_bytes": 3029
      },
      {
        "_path": "Lib/site-packages/chardet/__pycache__/sbcsgroupprober.cpython-37.pyc",
        "path_type": "hardlink",
        "sha256": "4bec9287e42587763fe5f458fc5a00634e2514ac0e9586e58c059b5fa6ff607a",
        "sha256_in_prefix": "4bec9287e42587763fe5f458fc5a00634e2514ac0e9586e58c059b5fa6ff607a",
        "size_in_bytes": 1618
      },
      {
        "_path": "Lib/site-packages/chardet/__pycache__/sjisprober.cpython-37.pyc",
        "path_type": "hardlink",
        "sha256": "48f0c886140690b960adef8381f5ca984d3dff80543e1c080eae1a6690678371",
        "sha256_in_prefix": "48f0c886140690b960adef8381f5ca984d3dff80543e1c080eae1a6690678371",
        "size_in_bytes": 2371
      },
      {
        "_path": "Lib/site-packages/chardet/__pycache__/universaldetector.cpython-37.pyc",
        "path_type": "hardlink",
        "sha256": "4091438e282dc0e4fae000232822dfda4bbefbdd440da58c56bfe7edae44b960",
        "sha256_in_prefix": "4091438e282dc0e4fae000232822dfda4bbefbdd440da58c56bfe7edae44b960",
        "size_in_bytes": 5761
      },
      {
        "_path": "Lib/site-packages/chardet/__pycache__/utf8prober.cpython-37.pyc",
        "path_type": "hardlink",
        "sha256": "3acdee682045e68f4bd7177d10255607b99b207119341167f13f676f2c6b99b6",
        "sha256_in_prefix": "3acdee682045e68f4bd7177d10255607b99b207119341167f13f676f2c6b99b6",
        "size_in_bytes": 1902
      },
      {
        "_path": "Lib/site-packages/chardet/__pycache__/version.cpython-37.pyc",
        "path_type": "hardlink",
        "sha256": "53c7a644f75568aebaf67678296e0f5a6f3541dcbe9786ffb63813d09c35362d",
        "sha256_in_prefix": "53c7a644f75568aebaf67678296e0f5a6f3541dcbe9786ffb63813d09c35362d",
        "size_in_bytes": 371
      },
      {
        "_path": "Lib/site-packages/chardet/big5freq.py",
        "path_type": "hardlink",
        "sha256": "0ffccae46cb3a15b117acd0790b2738a5b45417d1b2822ceac57bdff10ef3bff",
        "sha256_in_prefix": "0ffccae46cb3a15b117acd0790b2738a5b45417d1b2822ceac57bdff10ef3bff",
        "size_in_bytes": 31254
      },
      {
        "_path": "Lib/site-packages/chardet/big5prober.py",
        "path_type": "hardlink",
        "sha256": "901c476dd7ad0693deef1ae56fe7bdf748a8b7ae20fde1922dddf6941eff8773",
        "sha256_in_prefix": "901c476dd7ad0693deef1ae56fe7bdf748a8b7ae20fde1922dddf6941eff8773",
        "size_in_bytes": 1757
      },
      {
        "_path": "Lib/site-packages/chardet/chardistribution.py",
        "path_type": "hardlink",
        "sha256": "df0a164bad8aac6a282b2ab3e334129e315b2696ba57b834d9d68089b4f0725f",
        "sha256_in_prefix": "df0a164bad8aac6a282b2ab3e334129e315b2696ba57b834d9d68089b4f0725f",
        "size_in_bytes": 9411
      },
      {
        "_path": "Lib/site-packages/chardet/charsetgroupprober.py",
        "path_type": "hardlink",
        "sha256": "1992d17873fa151467e3786f48ea060b161a984acacf2a7a460390c55782de48",
        "sha256_in_prefix": "1992d17873fa151467e3786f48ea060b161a984acacf2a7a460390c55782de48",
        "size_in_bytes": 3839
      },
      {
        "_path": "Lib/site-packages/chardet/charsetprober.py",
        "path_type": "hardlink",
        "sha256": "2929b0244ae3ca9ca3d1b459982e45e5e33b73c61080b6088d95e29ed64db2d8",
        "sha256_in_prefix": "2929b0244ae3ca9ca3d1b459982e45e5e33b73c61080b6088d95e29ed64db2d8",
        "size_in_bytes": 5110
      },
      {
        "_path": "Lib/site-packages/chardet/cli/__init__.py",
        "path_type": "hardlink",
        "sha256": "01ba4719c80b6fe911b091a7c05124b64eeece964e09c058ef8f9805daca546b",
        "sha256_in_prefix": "01ba4719c80b6fe911b091a7c05124b64eeece964e09c058ef8f9805daca546b",
        "size_in_bytes": 1
      },
      {
        "_path": "Lib/site-packages/chardet/cli/__pycache__/__init__.cpython-37.pyc",
        "path_type": "hardlink",
        "sha256": "45ad1742804d1b19390f04c3c87dceb9027b9d413e936ba07706b8c831563017",
        "sha256_in_prefix": "45ad1742804d1b19390f04c3c87dceb9027b9d413e936ba07706b8c831563017",
        "size_in_bytes": 128
      },
      {
        "_path": "Lib/site-packages/chardet/cli/__pycache__/chardetect.cpython-37.pyc",
        "path_type": "hardlink",
        "sha256": "0ff527789a92a05157f913e6f01b865fef527fe6284991bbd23aa879542db0df",
        "sha256_in_prefix": "0ff527789a92a05157f913e6f01b865fef527fe6284991bbd23aa879542db0df",
        "size_in_bytes": 2576
      },
      {
        "_path": "Lib/site-packages/chardet/cli/chardetect.py",
        "path_type": "hardlink",
        "sha256": "9143de4028bea2539b5e93aae4cb652ae067d44535f6b91e7a700cc3197b5116",
        "sha256_in_prefix": "9143de4028bea2539b5e93aae4cb652ae067d44535f6b91e7a700cc3197b5116",
        "size_in_bytes": 2711
      },
      {
        "_path": "Lib/site-packages/chardet/codingstatemachine.py",
        "path_type": "hardlink",
        "sha256": "558a7fe9ccb2922e6c1e05c34999d75b8ab5a1e94773772ef40c904d7eeeba0f",
        "sha256_in_prefix": "558a7fe9ccb2922e6c1e05c34999d75b8ab5a1e94773772ef40c904d7eeeba0f",
        "size_in_bytes": 3590
      },
      {
        "_path": "Lib/site-packages/chardet/compat.py",
        "path_type": "hardlink",
        "sha256": "e34cebeb0202670927c72b8b18670838fcaf7bc0d379b0426dbbedb6f9e6a794",
        "sha256_in_prefix": "e34cebeb0202670927c72b8b18670838fcaf7bc0d379b0426dbbedb6f9e6a794",
        "size_in_bytes": 1200
      },
      {
        "_path": "Lib/site-packages/chardet/cp949prober.py",
        "path_type": "hardlink",
        "sha256": "4d9e37e105fccf306c9d4bcbffcc26e004154d9d9992a10440bfe5370f5ff68c",
        "sha256_in_prefix": "4d9e37e105fccf306c9d4bcbffcc26e004154d9d9992a10440bfe5370f5ff68c",
        "size_in_bytes": 1855
      },
      {
        "_path": "Lib/site-packages/chardet/enums.py",
        "path_type": "hardlink",
        "sha256": "0229b075bf5ab357492996853541f63a158854155de9990927f58ae6c358f1c5",
        "sha256_in_prefix": "0229b075bf5ab357492996853541f63a158854155de9990927f58ae6c358f1c5",
        "size_in_bytes": 1661
      },
      {
        "_path": "Lib/site-packages/chardet/escprober.py",
        "path_type": "hardlink",
        "sha256": "924caa560d58c370c8380309d9b765c9081415086e1c05bc7541ac913a0d5927",
        "sha256_in_prefix": "924caa560d58c370c8380309d9b765c9081415086e1c05bc7541ac913a0d5927",
        "size_in_bytes": 3950
      },
      {
        "_path": "Lib/site-packages/chardet/escsm.py",
        "path_type": "hardlink",
        "sha256": "46e5e580dbd32036ab9ddbe594d0a4e56641229742c50d2471df4402ec5487ce",
        "sha256_in_prefix": "46e5e580dbd32036ab9ddbe594d0a4e56641229742c50d2471df4402ec5487ce",
        "size_in_bytes": 10510
      },
      {
        "_path": "Lib/site-packages/chardet/eucjpprober.py",
        "path_type": "hardlink",
        "sha256": "883f09769d084918e08e254dedfd1ef3119e409e46336a1e675740f276d2794c",
        "sha256_in_prefix": "883f09769d084918e08e254dedfd1ef3119e409e46336a1e675740f276d2794c",
        "size_in_bytes": 3749
      },
      {
        "_path": "Lib/site-packages/chardet/euckrfreq.py",
        "path_type": "hardlink",
        "sha256": "fbb19d9af8167b3e3e78ee12b97a5aeed0620e2e6f45743c5af74503355a49fa",
        "sha256_in_prefix": "fbb19d9af8167b3e3e78ee12b97a5aeed0620e2e6f45743c5af74503355a49fa",
        "size_in_bytes": 13546
      },
      {
        "_path": "Lib/site-packages/chardet/euckrprober.py",
        "path_type": "hardlink",
        "sha256": "32a14c4d05f15b81dbcc8a59f652831c1dc637c48fe328877a74e67fc83f3f16",
        "sha256_in_prefix": "32a14c4d05f15b81dbcc8a59f652831c1dc637c48fe328877a74e67fc83f3f16",
        "size_in_bytes": 1748
      },
      {
        "_path": "Lib/site-packages/chardet/euctwfreq.py",
        "path_type": "hardlink",
        "sha256": "368d56c9db853a00795484d403b3cbc82e6825137347231b07168a235975e8c0",
        "sha256_in_prefix": "368d56c9db853a00795484d403b3cbc82e6825137347231b07168a235975e8c0",
        "size_in_bytes": 31621
      },
      {
        "_path": "Lib/site-packages/chardet/euctwprober.py",
        "path_type": "hardlink",
        "sha256": "d77a7a10fe3245ac6a9cfe221edc47389e91db3c47ab5fe6f214d18f3559f797",
        "sha256_in_prefix": "d77a7a10fe3245ac6a9cfe221edc47389e91db3c47ab5fe6f214d18f3559f797",
        "size_in_bytes": 1747
      },
      {
        "_path": "Lib/site-packages/chardet/gb2312freq.py",
        "path_type": "hardlink",
        "sha256": "257f25b3078a2e69c2c2693c507110b0b824affacffe411bbe2bc2e2a3ceae57",
        "sha256_in_prefix": "257f25b3078a2e69c2c2693c507110b0b824affacffe411bbe2bc2e2a3ceae57",
        "size_in_bytes": 20715
      },
      {
        "_path": "Lib/site-packages/chardet/gb2312prober.py",
        "path_type": "hardlink",
        "sha256": "806bc85a2f568438c4fb14171ef348cab9cbbc46cc01883251267ae4751fca5c",
        "sha256_in_prefix": "806bc85a2f568438c4fb14171ef348cab9cbbc46cc01883251267ae4751fca5c",
        "size_in_bytes": 1754
      },
      {
        "_path": "Lib/site-packages/chardet/hebrewprober.py",
        "path_type": "hardlink",
        "sha256": "737499f8aee1bf2cc663a251019c4983027fb144bd93459892f318d34601605a",
        "sha256_in_prefix": "737499f8aee1bf2cc663a251019c4983027fb144bd93459892f318d34601605a",
        "size_in_bytes": 13838
      },
      {
        "_path": "Lib/site-packages/chardet/jisfreq.py",
        "path_type": "hardlink",
        "sha256": "be9989bf606ed09f209cc5513c730579f4d1be8fe16b59abc8b8a0f0207080e8",
        "sha256_in_prefix": "be9989bf606ed09f209cc5513c730579f4d1be8fe16b59abc8b8a0f0207080e8",
        "size_in_bytes": 25777
      },
      {
        "_path": "Lib/site-packages/chardet/jpcntx.py",
        "path_type": "hardlink",
        "sha256": "3d894da915104fc2ccddc4f91661c63f48a2b1c1654d6103f763002ef06e9e0a",
        "sha256_in_prefix": "3d894da915104fc2ccddc4f91661c63f48a2b1c1654d6103f763002ef06e9e0a",
        "size_in_bytes": 19643
      },
      {
        "_path": "Lib/site-packages/chardet/langbulgarianmodel.py",
        "path_type": "hardlink",
        "sha256": "afab6f3ad3bc16a8676d6041e55e1ccdc9757d6338a41f651a259053ef20becc",
        "sha256_in_prefix": "afab6f3ad3bc16a8676d6041e55e1ccdc9757d6338a41f651a259053ef20becc",
        "size_in_bytes": 105685
      },
      {
        "_path": "Lib/site-packages/chardet/langgreekmodel.py",
        "path_type": "hardlink",
        "sha256": "d5c32edb05203c1f1b43645b5634782cdc020844e043e0f0a34120dbfb81d75b",
        "sha256_in_prefix": "d5c32edb05203c1f1b43645b5634782cdc020844e043e0f0a34120dbfb81d75b",
        "size_in_bytes": 99559
      },
      {
        "_path": "Lib/site-packages/chardet/langhebrewmodel.py",
        "path_type": "hardlink",
        "sha256": "bab3262471c85ed0b069602acb5cc463fe129b0c0dcedef7d1b0ceb635f3463b",
        "sha256_in_prefix": "bab3262471c85ed0b069602acb5cc463fe129b0c0dcedef7d1b0ceb635f3463b",
        "size_in_bytes": 98764
      },
      {
        "_path": "Lib/site-packages/chardet/langhungarianmodel.py",
        "path_type": "hardlink",
        "sha256": "383022b2fa827deb3c07815ec8cfcf83d1d8dd90e7132682893e01c72ce873ac",
        "sha256_in_prefix": "383022b2fa827deb3c07815ec8cfcf83d1d8dd90e7132682893e01c72ce873ac",
        "size_in_bytes": 102486
      },
      {
        "_path": "Lib/site-packages/chardet/langrussianmodel.py",
        "path_type": "hardlink",
        "sha256": "b0faa4ac16d7d10570c32ea8a9197ec7b111bf6278fb368ca02bcba644ac4892",
        "sha256_in_prefix": "b0faa4ac16d7d10570c32ea8a9197ec7b111bf6278fb368ca02bcba644ac4892",
        "size_in_bytes": 131168
      },
      {
        "_path": "Lib/site-packages/chardet/langthaimodel.py",
        "path_type": "hardlink",
        "sha256": "a69a0a3862fd38f763f40e025321bc478f336e75edf4c37559778261ea5aeac7",
        "sha256_in_prefix": "a69a0a3862fd38f763f40e025321bc478f336e75edf4c37559778261ea5aeac7",
        "size_in_bytes": 103300
      },
      {
        "_path": "Lib/site-packages/chardet/langturkishmodel.py",
        "path_type": "hardlink",
        "sha256": "1f795d89c23fae196fd2bdd5169556b542fa5f7d16cb9f7abfbfd81f3dac11d8",
        "sha256_in_prefix": "1f795d89c23fae196fd2bdd5169556b542fa5f7d16cb9f7abfbfd81f3dac11d8",
        "size_in_bytes": 95934
      },
      {
        "_path": "Lib/site-packages/chardet/latin1prober.py",
        "path_type": "hardlink",
        "sha256": "4b6228391845937f451053a54855ad815c9b4623fa87b0652e574755c94d914f",
        "sha256_in_prefix": "4b6228391845937f451053a54855ad815c9b4623fa87b0652e574755c94d914f",
        "size_in_bytes": 5370
      },
      {
        "_path": "Lib/site-packages/chardet/mbcharsetprober.py",
        "path_type": "hardlink",
        "sha256": "011f797851fdbeea927ef2d064df8be628de6b6e4d3810a85eac3cb393bdc4b4",
        "sha256_in_prefix": "011f797851fdbeea927ef2d064df8be628de6b6e4d3810a85eac3cb393bdc4b4",
        "size_in_bytes": 3413
      },
      {
        "_path": "Lib/site-packages/chardet/mbcsgroupprober.py",
        "path_type": "hardlink",
        "sha256": "87a4d19e762ad8ec46d56743e493b2c5c755a67edd1b4abebc1f275abe666e1e",
        "sha256_in_prefix": "87a4d19e762ad8ec46d56743e493b2c5c755a67edd1b4abebc1f275abe666e1e",
        "size_in_bytes": 2012
      },
      {
        "_path": "Lib/site-packages/chardet/mbcssm.py",
        "path_type": "hardlink",
        "sha256": "498df6c15205dc7cdc8d8dc1684b29cbd99eb5b3522b120807444a3e7eed8e92",
        "sha256_in_prefix": "498df6c15205dc7cdc8d8dc1684b29cbd99eb5b3522b120807444a3e7eed8e92",
        "size_in_bytes": 25481
      },
      {
        "_path": "Lib/site-packages/chardet/metadata/__init__.py",
        "path_type": "hardlink",
        "sha256": "e3b0c44298fc1c149afbf4c8996fb92427ae41e4649b934ca495991b7852b855",
        "sha256_in_prefix": "e3b0c44298fc1c149afbf4c8996fb92427ae41e4649b934ca495991b7852b855",
        "size_in_bytes": 0
      },
      {
        "_path": "Lib/site-packages/chardet/metadata/__pycache__/__init__.cpython-37.pyc",
        "path_type": "hardlink",
        "sha256": "5e5546fa8164bf10c9e2a62a9477d008eedb662bf53b3533407459e6cfb51a58",
        "sha256_in_prefix": "5e5546fa8164bf10c9e2a62a9477d008eedb662bf53b3533407459e6cfb51a58",
        "size_in_bytes": 133
      },
      {
        "_path": "Lib/site-packages/chardet/metadata/__pycache__/languages.cpython-37.pyc",
        "path_type": "hardlink",
        "sha256": "6df87b88abb7dbb4fb9d9e4811e66cc6fe0e132ce8ee403e816d8a6ef36ecd5a",
        "sha256_in_prefix": "6df87b88abb7dbb4fb9d9e4811e66cc6fe0e132ce8ee403e816d8a6ef36ecd5a",
        "size_in_bytes": 7751
      },
      {
        "_path": "Lib/site-packages/chardet/metadata/languages.py",
        "path_type": "hardlink",
        "sha256": "e35b4bab778b4ab0446c455542954616af4aee8d659fd6f51e9635974842510a",
        "sha256_in_prefix": "e35b4bab778b4ab0446c455542954616af4aee8d659fd6f51e9635974842510a",
        "size_in_bytes": 19474
      },
      {
        "_path": "Lib/site-packages/chardet/sbcharsetprober.py",
        "path_type": "hardlink",
        "sha256": "9e6c8ccaec731bcec337a2b7464d8c53324b30b47af4cad6a5d9c7ccec155304",
        "sha256_in_prefix": "9e6c8ccaec731bcec337a2b7464d8c53324b30b47af4cad6a5d9c7ccec155304",
        "size_in_bytes": 6136
      },
      {
        "_path": "Lib/site-packages/chardet/sbcsgroupprober.py",
        "path_type": "hardlink",
        "sha256": "86a79f42e5e6885c83040ace8ee8c7ea177a5855e5383d64582b310e18f1e557",
        "sha256_in_prefix": "86a79f42e5e6885c83040ace8ee8c7ea177a5855e5383d64582b310e18f1e557",
        "size_in_bytes": 4309
      },
      {
        "_path": "Lib/site-packages/chardet/sjisprober.py",
        "path_type": "hardlink",
        "sha256": "208b7e9598f4589a8ae2b9946732993f8189944f0a504b45615b98f7a7a4e4c4",
        "sha256_in_prefix": "208b7e9598f4589a8ae2b9946732993f8189944f0a504b45615b98f7a7a4e4c4",
        "size_in_bytes": 3774
      },
      {
        "_path": "Lib/site-packages/chardet/universaldetector.py",
        "path_type": "hardlink",
        "sha256": "0e96535c25f49d41d7c6443db2be06671181fe1bde67a856b77b8cf7872058ab",
        "sha256_in_prefix": "0e96535c25f49d41d7c6443db2be06671181fe1bde67a856b77b8cf7872058ab",
        "size_in_bytes": 12503
      },
      {
        "_path": "Lib/site-packages/chardet/utf8prober.py",
        "path_type": "hardlink",
        "sha256": "21d0fcbf7cd63ac07c38b8b23e2fb2fdfab08a9445c55f4d73578a04b4ae204c",
        "sha256_in_prefix": "21d0fcbf7cd63ac07c38b8b23e2fb2fdfab08a9445c55f4d73578a04b4ae204c",
        "size_in_bytes": 2766
      },
      {
        "_path": "Lib/site-packages/chardet/version.py",
        "path_type": "hardlink",
        "sha256": "0380882c501df0c4551b51e85cfa78e622bd44b956c95ef76b512dc04f13be7f",
        "sha256_in_prefix": "0380882c501df0c4551b51e85cfa78e622bd44b956c95ef76b512dc04f13be7f",
        "size_in_bytes": 242
      },
      {
        "_path": "Scripts/chardetect-script.py",
        "path_type": "hardlink",
        "sha256": "e13d3a6d1961d155807d442201869b6c52ab1ae8a56b15facdc053c5dd8f93ae",
        "sha256_in_prefix": "e13d3a6d1961d155807d442201869b6c52ab1ae8a56b15facdc053c5dd8f93ae",
        "size_in_bytes": 216
      },
      {
        "_path": "Scripts/chardetect.exe",
        "path_type": "hardlink",
        "sha256": "5ea569f2b5bc9c273351641a1a3c52821ce2a9370bc8202f0247c793ebd8a618",
        "sha256_in_prefix": "5ea569f2b5bc9c273351641a1a3c52821ce2a9370bc8202f0247c793ebd8a618",
        "size_in_bytes": 41984
      }
    ],
    "paths_version": 1
  },
  "requested_spec": "None",
  "sha256": "2186e2806c7d764f6bfb710c87743c975bdf55dac356e17c44bfccd9c8e26ae3",
  "size": 213944,
  "subdir": "win-64",
  "timestamp": 1607707006266,
  "track_features": "",
  "url": "https://repo.anaconda.com/pkgs/main/win-64/chardet-4.0.0-py37haa95532_1003.conda",
  "version": "4.0.0"
}