{
  "build": "py37haa95532_0",
  "build_number": 0,
  "channel": "https://repo.anaconda.com/pkgs/main/win-64",
  "constrains": [],
  "depends": [
    "python >=3.7,<3.8.0a0"
  ],
  "extracted_package_dir": "D:\\Users\\Ravi\\miniconda3\\pkgs\\colorama-0.4.5-py37haa95532_0",
  "features": "",
  "files": [
    "Lib/site-packages/colorama-0.4.5.dist-info/INSTALLER",
    "Lib/site-packages/colorama-0.4.5.dist-info/LICENSE.txt",
    "Lib/site-packages/colorama-0.4.5.dist-info/METADATA",
    "Lib/site-packages/colorama-0.4.5.dist-info/RECORD",
    "Lib/site-packages/colorama-0.4.5.dist-info/REQUESTED",
    "Lib/site-packages/colorama-0.4.5.dist-info/WHEEL",
    "Lib/site-packages/colorama-0.4.5.dist-info/direct_url.json",
    "Lib/site-packages/colorama-0.4.5.dist-info/top_level.txt",
    "Lib/site-packages/colorama/__init__.py",
    "Lib/site-packages/colorama/__pycache__/__init__.cpython-37.pyc",
    "Lib/site-packages/colorama/__pycache__/ansi.cpython-37.pyc",
    "Lib/site-packages/colorama/__pycache__/ansitowin32.cpython-37.pyc",
    "Lib/site-packages/colorama/__pycache__/initialise.cpython-37.pyc",
    "Lib/site-packages/colorama/__pycache__/win32.cpython-37.pyc",
    "Lib/site-packages/colorama/__pycache__/winterm.cpython-37.pyc",
    "Lib/site-packages/colorama/ansi.py",
    "Lib/site-packages/colorama/ansitowin32.py",
    "Lib/site-packages/colorama/initialise.py",
    "Lib/site-packages/colorama/win32.py",
    "Lib/site-packages/colorama/winterm.py",
    ".nonadmin"
  ],
  "fn": "colorama-0.4.5-py37haa95532_0.conda",
  "legacy_bz2_md5": "9bc920926c8520d7eeb4d0a421f9b2c3",
  "license": "BSD-3-Clause",
  "license_family": "BSD",
  "link": {
    "source": "D:\\Users\\Ravi\\miniconda3\\pkgs\\colorama-0.4.5-py37haa95532_0",
    "type": 1
  },
  "md5": "68ceca7acc57c3b761dff9de46ace555",
  "name": "colorama",
  "package_tarball_full_path": "D:\\Users\\Ravi\\miniconda3\\pkgs\\colorama-0.4.5-py37haa95532_0.conda",
  "paths_data": {
    "paths": [
      {
        "_path": "Lib/site-packages/colorama-0.4.5.dist-info/INSTALLER",
        "path_type": "hardlink",
        "sha256": "d0edee15f91b406f3f99726e44eb990be6e34fd0345b52b910c568e0eef6a2a8",
        "sha256_in_prefix": "d0edee15f91b406f3f99726e44eb990be6e34fd0345b52b910c568e0eef6a2a8",
        "size_in_bytes": 5
      },
      {
        "_path": "Lib/site-packages/colorama-0.4.5.dist-info/LICENSE.txt",
        "path_type": "hardlink",
        "sha256": "cac35c02686e5d04a5a7140bfb3b36e73aed496656e891102e428886d7930318",
        "sha256_in_prefix": "cac35c02686e5d04a5a7140bfb3b36e73aed496656e891102e428886d7930318",
        "size_in_bytes": 1491
      },
      {
        "_path": "Lib/site-packages/colorama-0.4.5.dist-info/METADATA",
        "path_type": "hardlink",
        "sha256": "20dc9caf31e3775af4d48dba4639ed5548afa96619740c6e1913561d6c219fd2",
        "sha256_in_prefix": "20dc9caf31e3775af4d48dba4639ed5548afa96619740c6e1913561d6c219fd2",
        "size_in_bytes": 15148
      },
      {
        "_path": "Lib/site-packages/colorama-0.4.5.dist-info/RECORD",
        "path_type": "hardlink",
        "sha256": "5686ad318a1c61e11d6540d9fd1447338a8d6dba8024c8574f47a8eec987bed7",
        "sha256_in_prefix": "5686ad318a1c61e11d6540d9fd1447338a8d6dba8024c8574f47a8eec987bed7",
        "size_in_bytes": 1426
      },
      {
        "_path": "Lib/site-packages/colorama-0.4.5.dist-info/REQUESTED",
        "path_type": "hardlink",
        "sha256": "e3b0c44298fc1c149afbf4c8996fb92427ae41e4649b934ca495991b7852b855",
        "sha256_in_prefix": "e3b0c44298fc1c149afbf4c8996fb92427ae41e4649b934ca495991b7852b855",
        "size_in_bytes": 0
      },
      {
        "_path": "Lib/site-packages/colorama-0.4.5.dist-info/WHEEL",
        "path_type": "hardlink",
        "sha256": "cfd8f4c406bf26650a3299b3ef62b464600b48cfe7fb04159866e5797c765478",
        "sha256_in_prefix": "cfd8f4c406bf26650a3299b3ef62b464600b48cfe7fb04159866e5797c765478",
        "size_in_bytes": 110
      },
      {
        "_path": "Lib/site-packages/colorama-0.4.5.dist-info/direct_url.json",
        "path_type": "hardlink",
        "sha256": "1706811c88132d0282a72df1a60525f6a423208ca005f1996e7d93921558dfa8",
        "sha256_in_prefix": "1706811c88132d0282a72df1a60525f6a423208ca005f1996e7d93921558dfa8",
        "size_in_bytes": 141
      },
      {
        "_path": "Lib/site-packages/colorama-0.4.5.dist-info/top_level.txt",
        "path_type": "hardlink",
        "sha256": "fcac7af829e2d814f53c40133e1ad2471a3477b91281f05b1dfe68ec8175001c",
        "sha256_in_prefix": "fcac7af829e2d814f53c40133e1ad2471a3477b91281f05b1dfe68ec8175001c",
        "size_in_bytes": 9
      },
      {
        "_path": "Lib/site-packages/colorama/__init__.py",
        "path_type": "hardlink",
        "sha256": "8a10e85903a46a9c05eeca90f7d0280e8105def1989b8d0eb66816db5d5c2d9c",
        "sha256_in_prefix": "8a10e85903a46a9c05eeca90f7d0280e8105def1989b8d0eb66816db5d5c2d9c",
        "size_in_bytes": 239
      },
      {
        "_path": "Lib/site-packages/colorama/__pycache__/__init__.cpython-37.pyc",
        "path_type": "hardlink",
        "sha256": "ce174fd2e449feb65042028b7e5cdf1671e62326d35e9ebd34f6d48ba0375e6a",
        "sha256_in_prefix": "ce174fd2e449feb65042028b7e5cdf1671e62326d35e9ebd34f6d48ba0375e6a",
        "size_in_bytes": 376
      },
      {
        "_path": "Lib/site-packages/colorama/__pycache__/ansi.cpython-37.pyc",
        "path_type": "hardlink",
        "sha256": "54e349f27602026b90caff596a8b42cddac6c21e3dc8fae823d1eaf577cb9679",
        "sha256_in_prefix": "54e349f27602026b90caff596a8b42cddac6c21e3dc8fae823d1eaf577cb9679",
        "size_in_bytes": 3274
      },
      {
        "_path": "Lib/site-packages/colorama/__pycache__/ansitowin32.cpython-37.pyc",
        "path_type": "hardlink",
        "sha256": "06c786543111a3090e5e643ab041c11c0ade2b187fb961f0954c01c7fb5f8778",
        "sha256_in_prefix": "06c786543111a3090e5e643ab041c11c0ade2b187fb961f0954c01c7fb5f8778",
        "size_in_bytes": 7861
      },
      {
        "_path": "Lib/site-packages/colorama/__pycache__/initialise.cpython-37.pyc",
        "path_type": "hardlink",
        "sha256": "ef56315f4d3d2026a037bb3b3a6f43138d1e9eacfb700c60dbd886854c365c60",
        "sha256_in_prefix": "ef56315f4d3d2026a037bb3b3a6f43138d1e9eacfb700c60dbd886854c365c60",
        "size_in_bytes": 1595
      },
      {
        "_path": "Lib/site-packages/colorama/__pycache__/win32.cpython-37.pyc",
        "path_type": "hardlink",
        "sha256": "2fe6d84bc49f2c2f14d805fdf10156c4f4fe75c9e06de618d09e403a3ef31ab0",
        "sha256_in_prefix": "2fe6d84bc49f2c2f14d805fdf10156c4f4fe75c9e06de618d09e403a3ef31ab0",
        "size_in_bytes": 3789
      },
      {
        "_path": "Lib/site-packages/colorama/__pycache__/winterm.cpython-37.pyc",
        "path_type": "hardlink",
        "sha256": "a7d1f1b5418470771a51460cc261a87fd6c0787a3a24705a0fd73762a18f363c",
        "sha256_in_prefix": "a7d1f1b5418470771a51460cc261a87fd6c0787a3a24705a0fd73762a18f363c",
        "size_in_bytes": 4537
      },
      {
        "_path": "Lib/site-packages/colorama/ansi.py",
        "path_type": "hardlink",
        "sha256": "4e8a7811e12e69074159db5e28c11c18e4de29e175f50f96a3febf0a3e643b34",
        "sha256_in_prefix": "4e8a7811e12e69074159db5e28c11c18e4de29e175f50f96a3febf0a3e643b34",
        "size_in_bytes": 2522
      },
      {
        "_path": "Lib/site-packages/colorama/ansitowin32.py",
        "path_type": "hardlink",
        "sha256": "806aceecc56dc1cfa3d52ab78ca7d9a44453d495a66123ac4d50e24e715b654e",
        "sha256_in_prefix": "806aceecc56dc1cfa3d52ab78ca7d9a44453d495a66123ac4d50e24e715b654e",
        "size_in_bytes": 10830
      },
      {
        "_path": "Lib/site-packages/colorama/initialise.py",
        "path_type": "hardlink",
        "sha256": "3e9ae8bc3371313aefa0d1c570bd8d663a47d97cc373c04bc4bc6212b7d49789",
        "sha256_in_prefix": "3e9ae8bc3371313aefa0d1c570bd8d663a47d97cc373c04bc4bc6212b7d49789",
        "size_in_bytes": 1915
      },
      {
        "_path": "Lib/site-packages/colorama/win32.py",
        "path_type": "hardlink",
        "sha256": "6c9f0897d8f0681379049f1b98de85a18675418b8c2afda3f1f1ab5e1ed3263c",
        "sha256_in_prefix": "6c9f0897d8f0681379049f1b98de85a18675418b8c2afda3f1f1ab5e1ed3263c",
        "size_in_bytes": 5404
      },
      {
        "_path": "Lib/site-packages/colorama/winterm.py",
        "path_type": "hardlink",
        "sha256": "db2ff66fb66cbf7e1f780b0febb98b39573e060ab9d667581a8e7bd55a6b96b3",
        "sha256_in_prefix": "db2ff66fb66cbf7e1f780b0febb98b39573e060ab9d667581a8e7bd55a6b96b3",
        "size_in_bytes": 6438
      }
    ],
    "paths_version": 1
  },
  "requested_spec": "None",
  "sha256": "11a941652a48737b8db00b9abfd0a443c523b7a2dc44e22d625239bc9b3fa14b",
  "size": 28566,
  "subdir": "win-64",
  "timestamp": 1657009213129,
  "track_features": "",
  "url": "https://repo.anaconda.com/pkgs/main/win-64/colorama-0.4.5-py37haa95532_0.conda",
  "version": "0.4.5"
}