{
  "build": "py37haa95532_0",
  "build_number": 0,
  "channel": "https://repo.anaconda.com/pkgs/main/win-64",
  "constrains": [
    "conda-verify >=3.1.0"
  ],
  "depends": [
    "beautifulsoup4",
    "chardet",
    "conda >=4.13",
    "conda-package-handling >=1.3",
    "filelock",
    "glob2 >=0.6",
    "jinja2 <3.0.0a0",
    "m2-patch >=2.6",
    "pkginfo",
    "psutil",
    "py-lief",
    "python >=3.7,<3.8.0a0",
    "python-libarchive-c",
    "pytz",
    "pyyaml",
    "requests",
    "setuptools",
    "six",
    "toml",
    "tqdm"
  ],
  "extracted_package_dir": "D:\\Users\\Ravi\\miniconda3\\pkgs\\conda-build-3.23.3-py37haa95532_0",
  "features": "",
  "files": [
    "Lib/site-packages/conda_build-3.23.3-py3.7.egg-info/PKG-INFO",
    "Lib/site-packages/conda_build-3.23.3-py3.7.egg-info/SOURCES.txt",
    "Lib/site-packages/conda_build-3.23.3-py3.7.egg-info/dependency_links.txt",
    "Lib/site-packages/conda_build-3.23.3-py3.7.egg-info/entry_points.txt",
    "Lib/site-packages/conda_build-3.23.3-py3.7.egg-info/not-zip-safe",
    "Lib/site-packages/conda_build-3.23.3-py3.7.egg-info/requires.txt",
    "Lib/site-packages/conda_build-3.23.3-py3.7.egg-info/top_level.txt",
    "Lib/site-packages/conda_build/__init__.py",
    "Lib/site-packages/conda_build/__pycache__/__init__.cpython-37.pyc",
    "Lib/site-packages/conda_build/__pycache__/_link.cpython-37.pyc",
    "Lib/site-packages/conda_build/__pycache__/_load_setup_py_data.cpython-37.pyc",
    "Lib/site-packages/conda_build/__pycache__/_version.cpython-37.pyc",
    "Lib/site-packages/conda_build/__pycache__/api.cpython-37.pyc",
    "Lib/site-packages/conda_build/__pycache__/bdist_conda.cpython-37.pyc",
    "Lib/site-packages/conda_build/__pycache__/build.cpython-37.pyc",
    "Lib/site-packages/conda_build/__pycache__/conda_interface.cpython-37.pyc",
    "Lib/site-packages/conda_build/__pycache__/config.cpython-37.pyc",
    "Lib/site-packages/conda_build/__pycache__/convert.cpython-37.pyc",
    "Lib/site-packages/conda_build/__pycache__/create_test.cpython-37.pyc",
    "Lib/site-packages/conda_build/__pycache__/develop.cpython-37.pyc",
    "Lib/site-packages/conda_build/__pycache__/environ.cpython-37.pyc",
    "Lib/site-packages/conda_build/__pycache__/exceptions.cpython-37.pyc",
    "Lib/site-packages/conda_build/__pycache__/features.cpython-37.pyc",
    "Lib/site-packages/conda_build/__pycache__/index.cpython-37.pyc",
    "Lib/site-packages/conda_build/__pycache__/inspect_pkg.cpython-37.pyc",
    "Lib/site-packages/conda_build/__pycache__/jinja_context.cpython-37.pyc",
    "Lib/site-packages/conda_build/__pycache__/license_family.cpython-37.pyc",
    "Lib/site-packages/conda_build/__pycache__/metadata.cpython-37.pyc",
    "Lib/site-packages/conda_build/__pycache__/metapackage.cpython-37.pyc",
    "Lib/site-packages/conda_build/__pycache__/noarch_python.cpython-37.pyc",
    "Lib/site-packages/conda_build/__pycache__/post.cpython-37.pyc",
    "Lib/site-packages/conda_build/__pycache__/render.cpython-37.pyc",
    "Lib/site-packages/conda_build/__pycache__/source.cpython-37.pyc",
    "Lib/site-packages/conda_build/__pycache__/tarcheck.cpython-37.pyc",
    "Lib/site-packages/conda_build/__pycache__/utils.cpython-37.pyc",
    "Lib/site-packages/conda_build/__pycache__/variants.cpython-37.pyc",
    "Lib/site-packages/conda_build/__pycache__/windows.cpython-37.pyc",
    "Lib/site-packages/conda_build/_link.py",
    "Lib/site-packages/conda_build/_load_setup_py_data.py",
    "Lib/site-packages/conda_build/_version.py",
    "Lib/site-packages/conda_build/api.py",
    "Lib/site-packages/conda_build/bdist_conda.py",
    "Lib/site-packages/conda_build/build.py",
    "Lib/site-packages/conda_build/cli-32.exe",
    "Lib/site-packages/conda_build/cli-64.exe",
    "Lib/site-packages/conda_build/cli/__init__.py",
    "Lib/site-packages/conda_build/cli/__pycache__/__init__.cpython-37.pyc",
    "Lib/site-packages/conda_build/cli/__pycache__/actions.cpython-37.pyc",
    "Lib/site-packages/conda_build/cli/__pycache__/main_build.cpython-37.pyc",
    "Lib/site-packages/conda_build/cli/__pycache__/main_convert.cpython-37.pyc",
    "Lib/site-packages/conda_build/cli/__pycache__/main_debug.cpython-37.pyc",
    "Lib/site-packages/conda_build/cli/__pycache__/main_develop.cpython-37.pyc",
    "Lib/site-packages/conda_build/cli/__pycache__/main_index.cpython-37.pyc",
    "Lib/site-packages/conda_build/cli/__pycache__/main_inspect.cpython-37.pyc",
    "Lib/site-packages/conda_build/cli/__pycache__/main_metapackage.cpython-37.pyc",
    "Lib/site-packages/conda_build/cli/__pycache__/main_render.cpython-37.pyc",
    "Lib/site-packages/conda_build/cli/__pycache__/main_skeleton.cpython-37.pyc",
    "Lib/site-packages/conda_build/cli/__pycache__/validators.cpython-37.pyc",
    "Lib/site-packages/conda_build/cli/actions.py",
    "Lib/site-packages/conda_build/cli/main_build.py",
    "Lib/site-packages/conda_build/cli/main_convert.py",
    "Lib/site-packages/conda_build/cli/main_debug.py",
    "Lib/site-packages/conda_build/cli/main_develop.py",
    "Lib/site-packages/conda_build/cli/main_index.py",
    "Lib/site-packages/conda_build/cli/main_inspect.py",
    "Lib/site-packages/conda_build/cli/main_metapackage.py",
    "Lib/site-packages/conda_build/cli/main_render.py",
    "Lib/site-packages/conda_build/cli/main_skeleton.py",
    "Lib/site-packages/conda_build/cli/validators.py",
    "Lib/site-packages/conda_build/conda_interface.py",
    "Lib/site-packages/conda_build/config.py",
    "Lib/site-packages/conda_build/convert.py",
    "Lib/site-packages/conda_build/create_test.py",
    "Lib/site-packages/conda_build/develop.py",
    "Lib/site-packages/conda_build/environ.py",
    "Lib/site-packages/conda_build/exceptions.py",
    "Lib/site-packages/conda_build/features.py",
    "Lib/site-packages/conda_build/index.py",
    "Lib/site-packages/conda_build/inspect_pkg.py",
    "Lib/site-packages/conda_build/jinja_context.py",
    "Lib/site-packages/conda_build/license_family.py",
    "Lib/site-packages/conda_build/metadata.py",
    "Lib/site-packages/conda_build/metapackage.py",
    "Lib/site-packages/conda_build/noarch_python.py",
    "Lib/site-packages/conda_build/os_utils/__init__.py",
    "Lib/site-packages/conda_build/os_utils/__pycache__/__init__.cpython-37.pyc",
    "Lib/site-packages/conda_build/os_utils/__pycache__/elf.cpython-37.pyc",
    "Lib/site-packages/conda_build/os_utils/__pycache__/external.cpython-37.pyc",
    "Lib/site-packages/conda_build/os_utils/__pycache__/ldd.cpython-37.pyc",
    "Lib/site-packages/conda_build/os_utils/__pycache__/liefldd.cpython-37.pyc",
    "Lib/site-packages/conda_build/os_utils/__pycache__/macho.cpython-37.pyc",
    "Lib/site-packages/conda_build/os_utils/__pycache__/pyldd.cpython-37.pyc",
    "Lib/site-packages/conda_build/os_utils/elf.py",
    "Lib/site-packages/conda_build/os_utils/external.py",
    "Lib/site-packages/conda_build/os_utils/ldd.py",
    "Lib/site-packages/conda_build/os_utils/liefldd.py",
    "Lib/site-packages/conda_build/os_utils/macho.py",
    "Lib/site-packages/conda_build/os_utils/pyldd.py",
    "Lib/site-packages/conda_build/post.py",
    "Lib/site-packages/conda_build/render.py",
    "Lib/site-packages/conda_build/skeletons/__init__.py",
    "Lib/site-packages/conda_build/skeletons/__pycache__/__init__.cpython-37.pyc",
    "Lib/site-packages/conda_build/skeletons/__pycache__/_example_skeleton.cpython-37.pyc",
    "Lib/site-packages/conda_build/skeletons/__pycache__/cpan.cpython-37.pyc",
    "Lib/site-packages/conda_build/skeletons/__pycache__/cran.cpython-37.pyc",
    "Lib/site-packages/conda_build/skeletons/__pycache__/luarocks.cpython-37.pyc",
    "Lib/site-packages/conda_build/skeletons/__pycache__/pypi.cpython-37.pyc",
    "Lib/site-packages/conda_build/skeletons/__pycache__/rpm.cpython-37.pyc",
    "Lib/site-packages/conda_build/skeletons/_example_skeleton.py",
    "Lib/site-packages/conda_build/skeletons/cpan.py",
    "Lib/site-packages/conda_build/skeletons/cran.py",
    "Lib/site-packages/conda_build/skeletons/luarocks.py",
    "Lib/site-packages/conda_build/skeletons/pypi.py",
    "Lib/site-packages/conda_build/skeletons/rpm.py",
    "Lib/site-packages/conda_build/source.py",
    "Lib/site-packages/conda_build/tarcheck.py",
    "Lib/site-packages/conda_build/templates/channeldata-index.html.j2",
    "Lib/site-packages/conda_build/templates/npm.yaml",
    "Lib/site-packages/conda_build/templates/rss.xml.j2",
    "Lib/site-packages/conda_build/templates/setuptools.yaml",
    "Lib/site-packages/conda_build/templates/subdir-index.html.j2",
    "Lib/site-packages/conda_build/utils.py",
    "Lib/site-packages/conda_build/variants.py",
    "Lib/site-packages/conda_build/windows.py",
    "Scripts/conda-build-script.py",
    "Scripts/conda-build.exe",
    "Scripts/conda-convert-script.py",
    "Scripts/conda-convert.exe",
    "Scripts/conda-debug-script.py",
    "Scripts/conda-debug.exe",
    "Scripts/conda-develop-script.py",
    "Scripts/conda-develop.exe",
    "Scripts/conda-index-script.py",
    "Scripts/conda-index.exe",
    "Scripts/conda-inspect-script.py",
    "Scripts/conda-inspect.exe",
    "Scripts/conda-metapackage-script.py",
    "Scripts/conda-metapackage.exe",
    "Scripts/conda-render-script.py",
    "Scripts/conda-render.exe",
    "Scripts/conda-skeleton-script.py",
    "Scripts/conda-skeleton.exe",
    ".nonadmin"
  ],
  "fn": "conda-build-3.23.3-py37haa95532_0.conda",
  "legacy_bz2_md5": "f9f31e224ebe47a82a74dcb0bc649092",
  "license": "BSD-3-Clause",
  "license_family": "BSD",
  "link": {
    "source": "D:\\Users\\Ravi\\miniconda3\\pkgs\\conda-build-3.23.3-py37haa95532_0",
    "type": 1
  },
  "md5": "5ccea63aa5eb787a7831a589f4500406",
  "name": "conda-build",
  "package_tarball_full_path": "D:\\Users\\Ravi\\miniconda3\\pkgs\\conda-build-3.23.3-py37haa95532_0.conda",
  "paths_data": {
    "paths": [
      {
        "_path": "Lib/site-packages/conda_build-3.23.3-py3.7.egg-info/PKG-INFO",
        "path_type": "hardlink",
        "sha256": "9e8d4eeb81efdd4d86171621f63f79a77d85d798d15a82783cd19586962db2ff",
        "sha256_in_prefix": "9e8d4eeb81efdd4d86171621f63f79a77d85d798d15a82783cd19586962db2ff",
        "size_in_bytes": 3531
      },
      {
        "_path": "Lib/site-packages/conda_build-3.23.3-py3.7.egg-info/SOURCES.txt",
        "path_type": "hardlink",
        "sha256": "d1413f10baa1d5d37556b989d3475e5ed1c7bfa47a2946a32afa2a029ae5ac8a",
        "sha256_in_prefix": "d1413f10baa1d5d37556b989d3475e5ed1c7bfa47a2946a32afa2a029ae5ac8a",
        "size_in_bytes": 2105
      },
      {
        "_path": "Lib/site-packages/conda_build-3.23.3-py3.7.egg-info/dependency_links.txt",
        "path_type": "hardlink",
        "sha256": "01ba4719c80b6fe911b091a7c05124b64eeece964e09c058ef8f9805daca546b",
        "sha256_in_prefix": "01ba4719c80b6fe911b091a7c05124b64eeece964e09c058ef8f9805daca546b",
        "size_in_bytes": 1
      },
      {
        "_path": "Lib/site-packages/conda_build-3.23.3-py3.7.egg-info/entry_points.txt",
        "path_type": "hardlink",
        "sha256": "8d79040c7b75b5901eeab4d94de90fdb9f5d9e160e07b053d560a4356da14aa9",
        "sha256_in_prefix": "8d79040c7b75b5901eeab4d94de90fdb9f5d9e160e07b053d560a4356da14aa9",
        "size_in_bytes": 536
      },
      {
        "_path": "Lib/site-packages/conda_build-3.23.3-py3.7.egg-info/not-zip-safe",
        "path_type": "hardlink",
        "sha256": "7eb70257593da06f682a3ddda54a9d260d4fc514f645237f5ca74b08f8da61a6",
        "sha256_in_prefix": "7eb70257593da06f682a3ddda54a9d260d4fc514f645237f5ca74b08f8da61a6",
        "size_in_bytes": 2
      },
      {
        "_path": "Lib/site-packages/conda_build-3.23.3-py3.7.egg-info/requires.txt",
        "path_type": "hardlink",
        "sha256": "587de7468e058f1d0c7070d9f3cd8ec99f25e9db0fce416ccc717ef695917142",
        "sha256_in_prefix": "587de7468e058f1d0c7070d9f3cd8ec99f25e9db0fce416ccc717ef695917142",
        "size_in_bytes": 125
      },
      {
        "_path": "Lib/site-packages/conda_build-3.23.3-py3.7.egg-info/top_level.txt",
        "path_type": "hardlink",
        "sha256": "14ee379515151d2fd558e28e4f767876fd45f7c9418cd47087b91b809f017ab8",
        "sha256_in_prefix": "14ee379515151d2fd558e28e4f767876fd45f7c9418cd47087b91b809f017ab8",
        "size_in_bytes": 12
      },
      {
        "_path": "Lib/site-packages/conda_build/__init__.py",
        "path_type": "hardlink",
        "sha256": "c0072ba2e871ad05d76aba5223fc289a0f734a6cea8dcc5c9028b13d121c1006",
        "sha256_in_prefix": "c0072ba2e871ad05d76aba5223fc289a0f734a6cea8dcc5c9028b13d121c1006",
        "size_in_bytes": 344
      },
      {
        "_path": "Lib/site-packages/conda_build/__pycache__/__init__.cpython-37.pyc",
        "path_type": "hardlink",
        "sha256": "bdd0925ce1734621d46c9e998fd916a15eb85362b1dff479565cc15608855713",
        "sha256_in_prefix": "bdd0925ce1734621d46c9e998fd916a15eb85362b1dff479565cc15608855713",
        "size_in_bytes": 327
      },
      {
        "_path": "Lib/site-packages/conda_build/__pycache__/_link.cpython-37.pyc",
        "path_type": "hardlink",
        "sha256": "9bc2262fdc6f6597d0f4ef5e228e37049034a1c56665f7f0d5097d57a536b488",
        "sha256_in_prefix": "9bc2262fdc6f6597d0f4ef5e228e37049034a1c56665f7f0d5097d57a536b488",
        "size_in_bytes": 3444
      },
      {
        "_path": "Lib/site-packages/conda_build/__pycache__/_load_setup_py_data.cpython-37.pyc",
        "path_type": "hardlink",
        "sha256": "d5925d130c4f92960321d89d7b6996c76d89a101b99d9d11519b105294e26b7e",
        "sha256_in_prefix": "d5925d130c4f92960321d89d7b6996c76d89a101b99d9d11519b105294e26b7e",
        "size_in_bytes": 3380
      },
      {
        "_path": "Lib/site-packages/conda_build/__pycache__/_version.cpython-37.pyc",
        "path_type": "hardlink",
        "sha256": "e38102203dd6e2aab53b868f87a975e76ffec18075f1bf644e9c3b7f49352dd0",
        "sha256_in_prefix": "e38102203dd6e2aab53b868f87a975e76ffec18075f1bf644e9c3b7f49352dd0",
        "size_in_bytes": 449
      },
      {
        "_path": "Lib/site-packages/conda_build/__pycache__/api.cpython-37.pyc",
        "path_type": "hardlink",
        "sha256": "6ab7cf3c9e7d2d73080b901fdd1412e7aaee8c504bcd83904d22329b75a86a38",
        "sha256_in_prefix": "6ab7cf3c9e7d2d73080b901fdd1412e7aaee8c504bcd83904d22329b75a86a38",
        "size_in_bytes": 16716
      },
      {
        "_path": "Lib/site-packages/conda_build/__pycache__/bdist_conda.cpython-37.pyc",
        "path_type": "hardlink",
        "sha256": "a4b4fe4f6c2515e4f898b045ff376f517335efdcd55baaa0a410b1aa5945869c",
        "sha256_in_prefix": "a4b4fe4f6c2515e4f898b045ff376f517335efdcd55baaa0a410b1aa5945869c",
        "size_in_bytes": 8037
      },
      {
        "_path": "Lib/site-packages/conda_build/__pycache__/build.cpython-37.pyc",
        "path_type": "hardlink",
        "sha256": "9524fcd060e7a12abc20cc1c6737b8dfa79411aef6d648953c7518ba4b93a8d7",
        "sha256_in_prefix": "9524fcd060e7a12abc20cc1c6737b8dfa79411aef6d648953c7518ba4b93a8d7",
        "size_in_bytes": 89136
      },
      {
        "_path": "Lib/site-packages/conda_build/__pycache__/conda_interface.cpython-37.pyc",
        "path_type": "hardlink",
        "sha256": "6ef9b1895a8ccf716bba202ade119590d9aac1fbba594eeb139359d63dd7b8db",
        "sha256_in_prefix": "6ef9b1895a8ccf716bba202ade119590d9aac1fbba594eeb139359d63dd7b8db",
        "size_in_bytes": 9032
      },
      {
        "_path": "Lib/site-packages/conda_build/__pycache__/config.cpython-37.pyc",
        "path_type": "hardlink",
        "sha256": "d00162b2ff881a4f3a671250209d25b93a75e7b72e3b969fa2fe9649a830b63b",
        "sha256_in_prefix": "d00162b2ff881a4f3a671250209d25b93a75e7b72e3b969fa2fe9649a830b63b",
        "size_in_bytes": 25195
      },
      {
        "_path": "Lib/site-packages/conda_build/__pycache__/convert.cpython-37.pyc",
        "path_type": "hardlink",
        "sha256": "b6cfea05940a00516badf986dc8937ac81dd8e8d5ea9b5e636bdaf3b768db08c",
        "sha256_in_prefix": "b6cfea05940a00516badf986dc8937ac81dd8e8d5ea9b5e636bdaf3b768db08c",
        "size_in_bytes": 25460
      },
      {
        "_path": "Lib/site-packages/conda_build/__pycache__/create_test.cpython-37.pyc",
        "path_type": "hardlink",
        "sha256": "a04a9dc7d421cfcba89ad15ec282978c60eeb9b4643c43e4c475af6cbd869e13",
        "sha256_in_prefix": "a04a9dc7d421cfcba89ad15ec282978c60eeb9b4643c43e4c475af6cbd869e13",
        "size_in_bytes": 6854
      },
      {
        "_path": "Lib/site-packages/conda_build/__pycache__/develop.cpython-37.pyc",
        "path_type": "hardlink",
        "sha256": "fd8725d941315f6f5eac05079745278428eceb909a1c904f554faefc080da684",
        "sha256_in_prefix": "fd8725d941315f6f5eac05079745278428eceb909a1c904f554faefc080da684",
        "size_in_bytes": 4541
      },
      {
        "_path": "Lib/site-packages/conda_build/__pycache__/environ.cpython-37.pyc",
        "path_type": "hardlink",
        "sha256": "5a72da3046c809e2fbebf4d87751baef31e6afc9768af814bdf0c62e03066c4e",
        "sha256_in_prefix": "5a72da3046c809e2fbebf4d87751baef31e6afc9768af814bdf0c62e03066c4e",
        "size_in_bytes": 27960
      },
      {
        "_path": "Lib/site-packages/conda_build/__pycache__/exceptions.cpython-37.pyc",
        "path_type": "hardlink",
        "sha256": "36f34e605adcf83a253f10fc2f27a2be407bb06fba1b7784970b485d9cf69104",
        "sha256_in_prefix": "36f34e605adcf83a253f10fc2f27a2be407bb06fba1b7784970b485d9cf69104",
        "size_in_bytes": 5257
      },
      {
        "_path": "Lib/site-packages/conda_build/__pycache__/features.cpython-37.pyc",
        "path_type": "hardlink",
        "sha256": "39db5325d8728bfe8496fa8c0fb54273bd219d9f43ecddbe47fe10381b20f20f",
        "sha256_in_prefix": "39db5325d8728bfe8496fa8c0fb54273bd219d9f43ecddbe47fe10381b20f20f",
        "size_in_bytes": 507
      },
      {
        "_path": "Lib/site-packages/conda_build/__pycache__/index.cpython-37.pyc",
        "path_type": "hardlink",
        "sha256": "ddf4f2419c9afa4540582b2a508cccf85dce99b1e53b59a8d56334c5f9073124",
        "sha256_in_prefix": "ddf4f2419c9afa4540582b2a508cccf85dce99b1e53b59a8d56334c5f9073124",
        "size_in_bytes": 38495
      },
      {
        "_path": "Lib/site-packages/conda_build/__pycache__/inspect_pkg.cpython-37.pyc",
        "path_type": "hardlink",
        "sha256": "70a081c39e79d23aef8620e7b1169ae7f100c7d731c0f292399b0276970740c5",
        "sha256_in_prefix": "70a081c39e79d23aef8620e7b1169ae7f100c7d731c0f292399b0276970740c5",
        "size_in_bytes": 9170
      },
      {
        "_path": "Lib/site-packages/conda_build/__pycache__/jinja_context.cpython-37.pyc",
        "path_type": "hardlink",
        "sha256": "40e45fbdee89fdfd4705188f7b44ce47d2833c4d7b5b63a8c79e1c7e30a974f3",
        "sha256_in_prefix": "40e45fbdee89fdfd4705188f7b44ce47d2833c4d7b5b63a8c79e1c7e30a974f3",
        "size_in_bytes": 19329
      },
      {
        "_path": "Lib/site-packages/conda_build/__pycache__/license_family.cpython-37.pyc",
        "path_type": "hardlink",
        "sha256": "375673859d94fa3e9b4c443840d19281f1afc4de340f06825711fe5352fffacc",
        "sha256_in_prefix": "375673859d94fa3e9b4c443840d19281f1afc4de340f06825711fe5352fffacc",
        "size_in_bytes": 2840
      },
      {
        "_path": "Lib/site-packages/conda_build/__pycache__/metadata.cpython-37.pyc",
        "path_type": "hardlink",
        "sha256": "2f5eae708966e56c66314c683cc98ff09ff6efbb6168c5dcf10f12ec0f57fe23",
        "sha256_in_prefix": "2f5eae708966e56c66314c683cc98ff09ff6efbb6168c5dcf10f12ec0f57fe23",
        "size_in_bytes": 70866
      },
      {
        "_path": "Lib/site-packages/conda_build/__pycache__/metapackage.cpython-37.pyc",
        "path_type": "hardlink",
        "sha256": "8c6e0379ae8751b603cd8fbaeaa65563d63986266f3fe13a3fc324ee377ad8d9",
        "sha256_in_prefix": "8c6e0379ae8751b603cd8fbaeaa65563d63986266f3fe13a3fc324ee377ad8d9",
        "size_in_bytes": 977
      },
      {
        "_path": "Lib/site-packages/conda_build/__pycache__/noarch_python.cpython-37.pyc",
        "path_type": "hardlink",
        "sha256": "a796adf6ce82eccb48c819464e5855fc7cc6872f9a1e547498e2ff56067fe416",
        "sha256_in_prefix": "a796adf6ce82eccb48c819464e5855fc7cc6872f9a1e547498e2ff56067fe416",
        "size_in_bytes": 3868
      },
      {
        "_path": "Lib/site-packages/conda_build/__pycache__/post.cpython-37.pyc",
        "path_type": "hardlink",
        "sha256": "0fdde71009507d98febc2078e93c25eb90d472def6047fc8e2e9105ae9819ed5",
        "sha256_in_prefix": "0fdde71009507d98febc2078e93c25eb90d472def6047fc8e2e9105ae9819ed5",
        "size_in_bytes": 41220
      },
      {
        "_path": "Lib/site-packages/conda_build/__pycache__/render.cpython-37.pyc",
        "path_type": "hardlink",
        "sha256": "05821b3d785ae1626e1ef2179d7c6eb19b9b12dc62bbe26644ded0d0b70d28e0",
        "sha256_in_prefix": "05821b3d785ae1626e1ef2179d7c6eb19b9b12dc62bbe26644ded0d0b70d28e0",
        "size_in_bytes": 25604
      },
      {
        "_path": "Lib/site-packages/conda_build/__pycache__/source.cpython-37.pyc",
        "path_type": "hardlink",
        "sha256": "a9cb311ca98b58be1ac1a23fec1a1721fe5c903bc047dc8b4982fe31964a15a4",
        "sha256_in_prefix": "a9cb311ca98b58be1ac1a23fec1a1721fe5c903bc047dc8b4982fe31964a15a4",
        "size_in_bytes": 23461
      },
      {
        "_path": "Lib/site-packages/conda_build/__pycache__/tarcheck.cpython-37.pyc",
        "path_type": "hardlink",
        "sha256": "2622dcc67debf3fa2da11f616dbb2d91d82dcbc3d435e17f93933ee1badec75b",
        "sha256_in_prefix": "2622dcc67debf3fa2da11f616dbb2d91d82dcbc3d435e17f93933ee1badec75b",
        "size_in_bytes": 3908
      },
      {
        "_path": "Lib/site-packages/conda_build/__pycache__/utils.cpython-37.pyc",
        "path_type": "hardlink",
        "sha256": "74e0cfcd13817e2a14da46ba48b6fbd3697b4fdaaa73807e2ed25f3dd4233460",
        "sha256_in_prefix": "74e0cfcd13817e2a14da46ba48b6fbd3697b4fdaaa73807e2ed25f3dd4233460",
        "size_in_bytes": 55446
      },
      {
        "_path": "Lib/site-packages/conda_build/__pycache__/variants.cpython-37.pyc",
        "path_type": "hardlink",
        "sha256": "cfb98262e30bf1725d07dc9d4dbd8c3e367383950cd1115141048f6faf668e9c",
        "sha256_in_prefix": "cfb98262e30bf1725d07dc9d4dbd8c3e367383950cd1115141048f6faf668e9c",
        "size_in_bytes": 22340
      },
      {
        "_path": "Lib/site-packages/conda_build/__pycache__/windows.cpython-37.pyc",
        "path_type": "hardlink",
        "sha256": "987092833ec53f8ff8822df8725b0ed079db3756f0db5519285ffa2bded46d5e",
        "sha256_in_prefix": "987092833ec53f8ff8822df8725b0ed079db3756f0db5519285ffa2bded46d5e",
        "size_in_bytes": 7124
      },
      {
        "_path": "Lib/site-packages/conda_build/_link.py",
        "path_type": "hardlink",
        "sha256": "b2dbb0b4bb66cc82e308eef23c76da3ecae7eb5d56d9d1bbde270a8b4e1e5947",
        "sha256_in_prefix": "b2dbb0b4bb66cc82e308eef23c76da3ecae7eb5d56d9d1bbde270a8b4e1e5947",
        "size_in_bytes": 4173
      },
      {
        "_path": "Lib/site-packages/conda_build/_load_setup_py_data.py",
        "path_type": "hardlink",
        "sha256": "d35e13f85f2b19ab1a4bf03ee75099eac6dc6e1c98279be9611d8722159972da",
        "sha256_in_prefix": "d35e13f85f2b19ab1a4bf03ee75099eac6dc6e1c98279be9611d8722159972da",
        "size_in_bytes": 5578
      },
      {
        "_path": "Lib/site-packages/conda_build/_version.py",
        "path_type": "hardlink",
        "sha256": "1335776988f127c0b89c81ad3365ce5d8a33009636e2460e855d5e21a12d0d93",
        "sha256_in_prefix": "1335776988f127c0b89c81ad3365ce5d8a33009636e2460e855d5e21a12d0d93",
        "size_in_bytes": 519
      },
      {
        "_path": "Lib/site-packages/conda_build/api.py",
        "path_type": "hardlink",
        "sha256": "b6a3c1f1d85be51cce03c39e0feaa2de0e22d3f083619a3a42d3176b57c3e48d",
        "sha256_in_prefix": "b6a3c1f1d85be51cce03c39e0feaa2de0e22d3f083619a3a42d3176b57c3e48d",
        "size_in_bytes": 24800
      },
      {
        "_path": "Lib/site-packages/conda_build/bdist_conda.py",
        "path_type": "hardlink",
        "sha256": "2a67f2d220839e86774a9d1366c14e6ba261ef81426890069a1238e981caa308",
        "sha256_in_prefix": "2a67f2d220839e86774a9d1366c14e6ba261ef81426890069a1238e981caa308",
        "size_in_bytes": 11678
      },
      {
        "_path": "Lib/site-packages/conda_build/build.py",
        "file_mode": "text",
        "path_type": "hardlink",
        "prefix_placeholder": "/opt/anaconda1anaconda2anaconda3",
        "sha256": "80484c779970d54fc4770770d4fd7e8c3746bf9dca507422b0de9ac6318de577",
        "sha256_in_prefix": "7656e68b34504afb9d0b5ac60782ca24adff02b9ab1e0c9bea02ebb477b65039",
        "size_in_bytes": 165970
      },
      {
        "_path": "Lib/site-packages/conda_build/cli-32.exe",
        "path_type": "hardlink",
        "sha256": "d7a051e88c406b36a872f55a9ade4319451ee651601da157095c5c751e7124e8",
        "sha256_in_prefix": "d7a051e88c406b36a872f55a9ade4319451ee651601da157095c5c751e7124e8",
        "size_in_bytes": 40960
      },
      {
        "_path": "Lib/site-packages/conda_build/cli-64.exe",
        "path_type": "hardlink",
        "sha256": "5ea569f2b5bc9c273351641a1a3c52821ce2a9370bc8202f0247c793ebd8a618",
        "sha256_in_prefix": "5ea569f2b5bc9c273351641a1a3c52821ce2a9370bc8202f0247c793ebd8a618",
        "size_in_bytes": 41984
      },
      {
        "_path": "Lib/site-packages/conda_build/cli/__init__.py",
        "path_type": "hardlink",
        "sha256": "9a40af4d54173e2bb86745df93424293a9f55f48c392c1c413022ec76547939a",
        "sha256_in_prefix": "9a40af4d54173e2bb86745df93424293a9f55f48c392c1c413022ec76547939a",
        "size_in_bytes": 75
      },
      {
        "_path": "Lib/site-packages/conda_build/cli/__pycache__/__init__.cpython-37.pyc",
        "path_type": "hardlink",
        "sha256": "66bccbfd3647c085d4ce4195c32a22e65c5b4c98561d7de13497d8270bb17013",
        "sha256_in_prefix": "66bccbfd3647c085d4ce4195c32a22e65c5b4c98561d7de13497d8270bb17013",
        "size_in_bytes": 132
      },
      {
        "_path": "Lib/site-packages/conda_build/cli/__pycache__/actions.cpython-37.pyc",
        "path_type": "hardlink",
        "sha256": "f44360c4ee2f234ebeac0a45e07870d933a571de745db6d76351169d08918a62",
        "sha256_in_prefix": "f44360c4ee2f234ebeac0a45e07870d933a571de745db6d76351169d08918a62",
        "size_in_bytes": 757
      },
      {
        "_path": "Lib/site-packages/conda_build/cli/__pycache__/main_build.cpython-37.pyc",
        "path_type": "hardlink",
        "sha256": "ee285b3184eb9064996e53a0aa6e1c0f5c8a05c73bf7714649e2555b9c1dcde9",
        "sha256_in_prefix": "ee285b3184eb9064996e53a0aa6e1c0f5c8a05c73bf7714649e2555b9c1dcde9",
        "size_in_bytes": 14433
      },
      {
        "_path": "Lib/site-packages/conda_build/cli/__pycache__/main_convert.cpython-37.pyc",
        "path_type": "hardlink",
        "sha256": "c95524cb36310316ff24d2e3ae98ac3e1f4e93fd17465b48a26544f43748cac0",
        "sha256_in_prefix": "c95524cb36310316ff24d2e3ae98ac3e1f4e93fd17465b48a26544f43748cac0",
        "size_in_bytes": 2929
      },
      {
        "_path": "Lib/site-packages/conda_build/cli/__pycache__/main_debug.cpython-37.pyc",
        "path_type": "hardlink",
        "sha256": "ab82e3b6e94482acc72a0b0c7575d8092664c8783645ca0e85f2365ac0ebc1ac",
        "sha256_in_prefix": "ab82e3b6e94482acc72a0b0c7575d8092664c8783645ca0e85f2365ac0ebc1ac",
        "size_in_bytes": 3326
      },
      {
        "_path": "Lib/site-packages/conda_build/cli/__pycache__/main_develop.cpython-37.pyc",
        "path_type": "hardlink",
        "sha256": "2221f7d18c3165505d5be7050c2c7898860ffd1a5bf13599a7c306af41b8c0a3",
        "sha256_in_prefix": "2221f7d18c3165505d5be7050c2c7898860ffd1a5bf13599a7c306af41b8c0a3",
        "size_in_bytes": 1878
      },
      {
        "_path": "Lib/site-packages/conda_build/cli/__pycache__/main_index.cpython-37.pyc",
        "path_type": "hardlink",
        "sha256": "c8236676815fcd879baccd42e321d2c8f0df5527493f88c2ba79c65997fbf3ca",
        "sha256_in_prefix": "c8236676815fcd879baccd42e321d2c8f0df5527493f88c2ba79c65997fbf3ca",
        "size_in_bytes": 3007
      },
      {
        "_path": "Lib/site-packages/conda_build/cli/__pycache__/main_inspect.cpython-37.pyc",
        "path_type": "hardlink",
        "sha256": "6d2ddefe4e46bcdd96a7cf40a8c504dde3ca4aa4785778bf91a90a6cc2b7a18d",
        "sha256_in_prefix": "6d2ddefe4e46bcdd96a7cf40a8c504dde3ca4aa4785778bf91a90a6cc2b7a18d",
        "size_in_bytes": 4684
      },
      {
        "_path": "Lib/site-packages/conda_build/cli/__pycache__/main_metapackage.cpython-37.pyc",
        "path_type": "hardlink",
        "sha256": "57952edada89168fbfd24dc4ce804712f7a2c9ae66e3c57b33acbaa14c6e3a46",
        "sha256_in_prefix": "57952edada89168fbfd24dc4ce804712f7a2c9ae66e3c57b33acbaa14c6e3a46",
        "size_in_bytes": 3281
      },
      {
        "_path": "Lib/site-packages/conda_build/cli/__pycache__/main_render.cpython-37.pyc",
        "path_type": "hardlink",
        "sha256": "f5d2efd805c45e86b639640da45eebb3de6dde3a23b60ae3942a4b4ef4eaa5da",
        "sha256_in_prefix": "f5d2efd805c45e86b639640da45eebb3de6dde3a23b60ae3942a4b4ef4eaa5da",
        "size_in_bytes": 6692
      },
      {
        "_path": "Lib/site-packages/conda_build/cli/__pycache__/main_skeleton.cpython-37.pyc",
        "path_type": "hardlink",
        "sha256": "bdca98c656a010d556024a3faed916169cc42cc28d884709a54f5f115b91537a",
        "sha256_in_prefix": "bdca98c656a010d556024a3faed916169cc42cc28d884709a54f5f115b91537a",
        "size_in_bytes": 1862
      },
      {
        "_path": "Lib/site-packages/conda_build/cli/__pycache__/validators.cpython-37.pyc",
        "path_type": "hardlink",
        "sha256": "5fd54ee2f766e0a8f74026f7160cce376a97f9cfd95d41f23d1e9b80c79327b0",
        "sha256_in_prefix": "5fd54ee2f766e0a8f74026f7160cce376a97f9cfd95d41f23d1e9b80c79327b0",
        "size_in_bytes": 925
      },
      {
        "_path": "Lib/site-packages/conda_build/cli/actions.py",
        "path_type": "hardlink",
        "sha256": "e63ca227c161eda847002b195e6a097409716abffdfaa5cbad1bae4d941427ea",
        "sha256_in_prefix": "e63ca227c161eda847002b195e6a097409716abffdfaa5cbad1bae4d941427ea",
        "size_in_bytes": 668
      },
      {
        "_path": "Lib/site-packages/conda_build/cli/main_build.py",
        "path_type": "hardlink",
        "sha256": "a20260358ef5dbe547a0a2439b08638c7396928162d608baecea73fe04594a24",
        "sha256_in_prefix": "a20260358ef5dbe547a0a2439b08638c7396928162d608baecea73fe04594a24",
        "size_in_bytes": 19779
      },
      {
        "_path": "Lib/site-packages/conda_build/cli/main_convert.py",
        "path_type": "hardlink",
        "sha256": "36e2ebbd38f17687fbce882243da795b0a460a6c0a8a78133fc335e4b4776249",
        "sha256_in_prefix": "36e2ebbd38f17687fbce882243da795b0a460a6c0a8a78133fc335e4b4776249",
        "size_in_bytes": 3206
      },
      {
        "_path": "Lib/site-packages/conda_build/cli/main_debug.py",
        "path_type": "hardlink",
        "sha256": "321b56104ccc7087683aec0437baff3ad91b06654f56b8d289e34024d2c17ce9",
        "sha256_in_prefix": "321b56104ccc7087683aec0437baff3ad91b06654f56b8d289e34024d2c17ce9",
        "size_in_bytes": 3649
      },
      {
        "_path": "Lib/site-packages/conda_build/cli/main_develop.py",
        "path_type": "hardlink",
        "sha256": "6416bfd4af20eef33f56594e231b0bc91c55770f72130257f2c734d3cb643ab9",
        "sha256_in_prefix": "6416bfd4af20eef33f56594e231b0bc91c55770f72130257f2c734d3cb643ab9",
        "size_in_bytes": 2222
      },
      {
        "_path": "Lib/site-packages/conda_build/cli/main_index.py",
        "path_type": "hardlink",
        "sha256": "69dd97176264dc02d48e9a3e67a1adaaf2d389b84c55a41d1c5e0bc54ba0652a",
        "sha256_in_prefix": "69dd97176264dc02d48e9a3e67a1adaaf2d389b84c55a41d1c5e0bc54ba0652a",
        "size_in_bytes": 3226
      },
      {
        "_path": "Lib/site-packages/conda_build/cli/main_inspect.py",
        "path_type": "hardlink",
        "sha256": "a17d1e42a1a7b571edf6a520f3fce63762ff63a4de0ec60b129ecb5181cadbf7",
        "sha256_in_prefix": "a17d1e42a1a7b571edf6a520f3fce63762ff63a4de0ec60b129ecb5181cadbf7",
        "size_in_bytes": 6639
      },
      {
        "_path": "Lib/site-packages/conda_build/cli/main_metapackage.py",
        "path_type": "hardlink",
        "sha256": "fcb21f4d22e08856ef0b8e206ceb12f7977ee63c0de5969a6d3f527480e0b2cc",
        "sha256_in_prefix": "fcb21f4d22e08856ef0b8e206ceb12f7977ee63c0de5969a6d3f527480e0b2cc",
        "size_in_bytes": 3629
      },
      {
        "_path": "Lib/site-packages/conda_build/cli/main_render.py",
        "path_type": "hardlink",
        "sha256": "85ef2a44cb1271323e3f19c977ec7df69777111bf87f82b0b112ac75b86dd6a4",
        "sha256_in_prefix": "85ef2a44cb1271323e3f19c977ec7df69777111bf87f82b0b112ac75b86dd6a4",
        "size_in_bytes": 8052
      },
      {
        "_path": "Lib/site-packages/conda_build/cli/main_skeleton.py",
        "path_type": "hardlink",
        "sha256": "d8d092a82c4fb6c8503413f444016ef1630babe915e979b2b1d6905db594348c",
        "sha256_in_prefix": "d8d092a82c4fb6c8503413f444016ef1630babe915e979b2b1d6905db594348c",
        "size_in_bytes": 1560
      },
      {
        "_path": "Lib/site-packages/conda_build/cli/validators.py",
        "path_type": "hardlink",
        "sha256": "ab92a16b92586ea84b9f01b9885d8f7fe6e15bc4d6f81c164fd9bfe6e2790cd4",
        "sha256_in_prefix": "ab92a16b92586ea84b9f01b9885d8f7fe6e15bc4d6f81c164fd9bfe6e2790cd4",
        "size_in_bytes": 871
      },
      {
        "_path": "Lib/site-packages/conda_build/conda_interface.py",
        "path_type": "hardlink",
        "sha256": "53398e58e2ca3793bbc236e3b3120cf09f29a5c5383a9b825b1d366ff10f8312",
        "sha256_in_prefix": "53398e58e2ca3793bbc236e3b3120cf09f29a5c5383a9b825b1d366ff10f8312",
        "size_in_bytes": 12488
      },
      {
        "_path": "Lib/site-packages/conda_build/config.py",
        "path_type": "hardlink",
        "sha256": "3f0cdb209e40b5912587e02889be1525d306229ef939e0f76c3ec136e34e86e0",
        "sha256_in_prefix": "3f0cdb209e40b5912587e02889be1525d306229ef939e0f76c3ec136e34e86e0",
        "size_in_bytes": 34056
      },
      {
        "_path": "Lib/site-packages/conda_build/convert.py",
        "file_mode": "text",
        "path_type": "hardlink",
        "prefix_placeholder": "/opt/anaconda1anaconda2anaconda3",
        "sha256": "de70a8ed59cdfb67e8f929d6cb3152c87a2be8d57dd9c93e9facb8c35ee1ae3a",
        "sha256_in_prefix": "d8bfe78bdebedd333b48531396b0acfcf0a3661b54907c8735e269acd02a7062",
        "size_in_bytes": 32246
      },
      {
        "_path": "Lib/site-packages/conda_build/create_test.py",
        "path_type": "hardlink",
        "sha256": "98d6acc36edc6635d57767371f3544186b66ddd67ec635fbcb46c95c6121e43e",
        "sha256_in_prefix": "98d6acc36edc6635d57767371f3544186b66ddd67ec635fbcb46c95c6121e43e",
        "size_in_bytes": 10638
      },
      {
        "_path": "Lib/site-packages/conda_build/develop.py",
        "path_type": "hardlink",
        "sha256": "74588ab27559a81553ac71e1143f13a580308fe2e05daf710970852bd4324d84",
        "sha256_in_prefix": "74588ab27559a81553ac71e1143f13a580308fe2e05daf710970852bd4324d84",
        "size_in_bytes": 5625
      },
      {
        "_path": "Lib/site-packages/conda_build/environ.py",
        "path_type": "hardlink",
        "sha256": "b29d644a61474601b7d8cb6f8b33a249d9db51c5b41cdad93571a37e225f899b",
        "sha256_in_prefix": "b29d644a61474601b7d8cb6f8b33a249d9db51c5b41cdad93571a37e225f899b",
        "size_in_bytes": 44901
      },
      {
        "_path": "Lib/site-packages/conda_build/exceptions.py",
        "path_type": "hardlink",
        "sha256": "c2c5cf10c6a9b821be0e6d36f0a2b65e65ff6df56574a467e7f0382ffed8bdae",
        "sha256_in_prefix": "c2c5cf10c6a9b821be0e6d36f0a2b65e65ff6df56574a467e7f0382ffed8bdae",
        "size_in_bytes": 3399
      },
      {
        "_path": "Lib/site-packages/conda_build/features.py",
        "path_type": "hardlink",
        "sha256": "e5952b647da9a7569b667fbea8ee5c8273690523994eefe6f63406e84b3f77e0",
        "sha256_in_prefix": "e5952b647da9a7569b667fbea8ee5c8273690523994eefe6f63406e84b3f77e0",
        "size_in_bytes": 657
      },
      {
        "_path": "Lib/site-packages/conda_build/index.py",
        "path_type": "hardlink",
        "sha256": "1a61a6800ca3ca16f355ace620579071f7594fb3da3c6eb694f6f87c3726b647",
        "sha256_in_prefix": "1a61a6800ca3ca16f355ace620579071f7594fb3da3c6eb694f6f87c3726b647",
        "size_in_bytes": 64326
      },
      {
        "_path": "Lib/site-packages/conda_build/inspect_pkg.py",
        "path_type": "hardlink",
        "sha256": "c15d0e4eee9fc99fc212a2f07abc5df995cd7d6669077c1f837e30863d5b6221",
        "sha256_in_prefix": "c15d0e4eee9fc99fc212a2f07abc5df995cd7d6669077c1f837e30863d5b6221",
        "size_in_bytes": 12955
      },
      {
        "_path": "Lib/site-packages/conda_build/jinja_context.py",
        "path_type": "hardlink",
        "sha256": "3a7df6a6b2cbfbac9a5203c82911c59799556aa43efd6e530510f6f8d72342b0",
        "sha256_in_prefix": "3a7df6a6b2cbfbac9a5203c82911c59799556aa43efd6e530510f6f8d72342b0",
        "size_in_bytes": 26600
      },
      {
        "_path": "Lib/site-packages/conda_build/license_family.py",
        "path_type": "hardlink",
        "sha256": "aa28415a7494d1bcbfb0126de23c4e9281ba14c056e6c8070515a59e5a8604ef",
        "sha256_in_prefix": "aa28415a7494d1bcbfb0126de23c4e9281ba14c056e6c8070515a59e5a8604ef",
        "size_in_bytes": 3311
      },
      {
        "_path": "Lib/site-packages/conda_build/metadata.py",
        "path_type": "hardlink",
        "sha256": "2bfab11978f82e9f1979fa7cae83adef587298fde3054eb1a1f201a374a6c7f7",
        "sha256_in_prefix": "2bfab11978f82e9f1979fa7cae83adef587298fde3054eb1a1f201a374a6c7f7",
        "size_in_bytes": 112017
      },
      {
        "_path": "Lib/site-packages/conda_build/metapackage.py",
        "path_type": "hardlink",
        "sha256": "55377d65c6c0b6790e1df1d8f039b9ce4846c7242682768321e6ad31dae28717",
        "sha256_in_prefix": "55377d65c6c0b6790e1df1d8f039b9ce4846c7242682768321e6ad31dae28717",
        "size_in_bytes": 1158
      },
      {
        "_path": "Lib/site-packages/conda_build/noarch_python.py",
        "path_type": "hardlink",
        "sha256": "52c11016bc53ff10904f15312fb3e427b3804561144737f988be97a0ca18b28b",
        "sha256_in_prefix": "52c11016bc53ff10904f15312fb3e427b3804561144737f988be97a0ca18b28b",
        "size_in_bytes": 5141
      },
      {
        "_path": "Lib/site-packages/conda_build/os_utils/__init__.py",
        "path_type": "hardlink",
        "sha256": "9a40af4d54173e2bb86745df93424293a9f55f48c392c1c413022ec76547939a",
        "sha256_in_prefix": "9a40af4d54173e2bb86745df93424293a9f55f48c392c1c413022ec76547939a",
        "size_in_bytes": 75
      },
      {
        "_path": "Lib/site-packages/conda_build/os_utils/__pycache__/__init__.cpython-37.pyc",
        "path_type": "hardlink",
        "sha256": "46bb5f4924bdfb228cb0ccec57bbac6695b03fcc4ad2c1451711740c17efa031",
        "sha256_in_prefix": "46bb5f4924bdfb228cb0ccec57bbac6695b03fcc4ad2c1451711740c17efa031",
        "size_in_bytes": 137
      },
      {
        "_path": "Lib/site-packages/conda_build/os_utils/__pycache__/elf.cpython-37.pyc",
        "path_type": "hardlink",
        "sha256": "2c8e3f9b7be1997dc5ef455092eb6414e67f82010ac94fb7b83c3b5431d5d9ff",
        "sha256_in_prefix": "2c8e3f9b7be1997dc5ef455092eb6414e67f82010ac94fb7b83c3b5431d5d9ff",
        "size_in_bytes": 696
      },
      {
        "_path": "Lib/site-packages/conda_build/os_utils/__pycache__/external.cpython-37.pyc",
        "path_type": "hardlink",
        "sha256": "cf962d120dd8c5c73c2b51bebfa6d0e9fe6da0c87776eafff9365a7c7e0e48e3",
        "sha256_in_prefix": "cf962d120dd8c5c73c2b51bebfa6d0e9fe6da0c87776eafff9365a7c7e0e48e3",
        "size_in_bytes": 1653
      },
      {
        "_path": "Lib/site-packages/conda_build/os_utils/__pycache__/ldd.cpython-37.pyc",
        "path_type": "hardlink",
        "sha256": "78d122501e43ae78aa9959273cc8b0bf836f3fcdc0b214bcc1de80a2b4574c01",
        "sha256_in_prefix": "78d122501e43ae78aa9959273cc8b0bf836f3fcdc0b214bcc1de80a2b4574c01",
        "size_in_bytes": 3497
      },
      {
        "_path": "Lib/site-packages/conda_build/os_utils/__pycache__/liefldd.cpython-37.pyc",
        "path_type": "hardlink",
        "sha256": "151fbcd77211a07f9439f26c538c1f7afc55afe60c66f8afab4d893eb95e6f39",
        "sha256_in_prefix": "151fbcd77211a07f9439f26c538c1f7afc55afe60c66f8afab4d893eb95e6f39",
        "size_in_bytes": 27683
      },
      {
        "_path": "Lib/site-packages/conda_build/os_utils/__pycache__/macho.cpython-37.pyc",
        "path_type": "hardlink",
        "sha256": "41ff473cfd51ed97838d5d89daf9050fa612db08b1e936e4712f0b4a66c82f93",
        "sha256_in_prefix": "41ff473cfd51ed97838d5d89daf9050fa612db08b1e936e4712f0b4a66c82f93",
        "size_in_bytes": 10311
      },
      {
        "_path": "Lib/site-packages/conda_build/os_utils/__pycache__/pyldd.cpython-37.pyc",
        "path_type": "hardlink",
        "sha256": "7518628004e103b7c5f43de41cd1959c375feabe22123181142472111523c512",
        "sha256_in_prefix": "7518628004e103b7c5f43de41cd1959c375feabe22123181142472111523c512",
        "size_in_bytes": 36896
      },
      {
        "_path": "Lib/site-packages/conda_build/os_utils/elf.py",
        "path_type": "hardlink",
        "sha256": "c221aa32f398c8f77ebab7bd45a548125c046d34d2c5649193fcea001bd3bd9b",
        "sha256_in_prefix": "c221aa32f398c8f77ebab7bd45a548125c046d34d2c5649193fcea001bd3bd9b",
        "size_in_bytes": 713
      },
      {
        "_path": "Lib/site-packages/conda_build/os_utils/external.py",
        "path_type": "hardlink",
        "sha256": "d2c62fb4fbe34af06f1c0a9da451edf8bd160cc6a466b1ba6458cad17bcab70f",
        "sha256_in_prefix": "d2c62fb4fbe34af06f1c0a9da451edf8bd160cc6a466b1ba6458cad17bcab70f",
        "size_in_bytes": 2529
      },
      {
        "_path": "Lib/site-packages/conda_build/os_utils/ldd.py",
        "path_type": "hardlink",
        "sha256": "1b41c70bc687763e3faeeca74726064ed4d56eb6e57fdc18ec29b23cb2e88e4e",
        "sha256_in_prefix": "1b41c70bc687763e3faeeca74726064ed4d56eb6e57fdc18ec29b23cb2e88e4e",
        "size_in_bytes": 3949
      },
      {
        "_path": "Lib/site-packages/conda_build/os_utils/liefldd.py",
        "path_type": "hardlink",
        "sha256": "169c669eb8934f4c02ea7c73343dcb334158535fbf147817461d18ff078bba6f",
        "sha256_in_prefix": "169c669eb8934f4c02ea7c73343dcb334158535fbf147817461d18ff078bba6f",
        "size_in_bytes": 44098
      },
      {
        "_path": "Lib/site-packages/conda_build/os_utils/macho.py",
        "path_type": "hardlink",
        "sha256": "b825fbd24bd3fef5ce9f31bf93fd0e3fa4cb3190fc487ae2af2ee953e82a294f",
        "sha256_in_prefix": "b825fbd24bd3fef5ce9f31bf93fd0e3fa4cb3190fc487ae2af2ee953e82a294f",
        "size_in_bytes": 11845
      },
      {
        "_path": "Lib/site-packages/conda_build/os_utils/pyldd.py",
        "path_type": "hardlink",
        "sha256": "97d1a74745f05b05e9632d8aac088e5a44d1f11d8c9c6f79727289157406517c",
        "sha256_in_prefix": "97d1a74745f05b05e9632d8aac088e5a44d1f11d8c9c6f79727289157406517c",
        "size_in_bytes": 48623
      },
      {
        "_path": "Lib/site-packages/conda_build/post.py",
        "path_type": "hardlink",
        "sha256": "c71a972ef0d1bc5e86ad84269791b5e8b2991dadcd94325f5748dfeac115988b",
        "sha256_in_prefix": "c71a972ef0d1bc5e86ad84269791b5e8b2991dadcd94325f5748dfeac115988b",
        "size_in_bytes": 66321
      },
      {
        "_path": "Lib/site-packages/conda_build/render.py",
        "path_type": "hardlink",
        "sha256": "db1fb15c21fb50947377954dbbc6e60f6c7e30a45161ac016c9c9869d8eb0721",
        "sha256_in_prefix": "db1fb15c21fb50947377954dbbc6e60f6c7e30a45161ac016c9c9869d8eb0721",
        "size_in_bytes": 40672
      },
      {
        "_path": "Lib/site-packages/conda_build/skeletons/__init__.py",
        "path_type": "hardlink",
        "sha256": "9a40af4d54173e2bb86745df93424293a9f55f48c392c1c413022ec76547939a",
        "sha256_in_prefix": "9a40af4d54173e2bb86745df93424293a9f55f48c392c1c413022ec76547939a",
        "size_in_bytes": 75
      },
      {
        "_path": "Lib/site-packages/conda_build/skeletons/__pycache__/__init__.cpython-37.pyc",
        "path_type": "hardlink",
        "sha256": "6284676baf46a93a7727d08e174ffd6afe6e8489aceef709bab50c6e329708df",
        "sha256_in_prefix": "6284676baf46a93a7727d08e174ffd6afe6e8489aceef709bab50c6e329708df",
        "size_in_bytes": 138
      },
      {
        "_path": "Lib/site-packages/conda_build/skeletons/__pycache__/_example_skeleton.cpython-37.pyc",
        "path_type": "hardlink",
        "sha256": "4a905f222bd2bcd4ff42060e19ed3ed52b2d6cd1e4fa0167de4c0be91afb32c6",
        "sha256_in_prefix": "4a905f222bd2bcd4ff42060e19ed3ed52b2d6cd1e4fa0167de4c0be91afb32c6",
        "size_in_bytes": 1424
      },
      {
        "_path": "Lib/site-packages/conda_build/skeletons/__pycache__/cpan.cpython-37.pyc",
        "path_type": "hardlink",
        "sha256": "d69a4528c31c22ba5236284662aab3df89b729c99da64d0072401f222b6a06d8",
        "sha256_in_prefix": "d69a4528c31c22ba5236284662aab3df89b729c99da64d0072401f222b6a06d8",
        "size_in_bytes": 24147
      },
      {
        "_path": "Lib/site-packages/conda_build/skeletons/__pycache__/cran.cpython-37.pyc",
        "path_type": "hardlink",
        "sha256": "898f99330210f0a8a1160b13d8e53682872b32ee4e420edf8ea491d0441a82a3",
        "sha256_in_prefix": "898f99330210f0a8a1160b13d8e53682872b32ee4e420edf8ea491d0441a82a3",
        "size_in_bytes": 41372
      },
      {
        "_path": "Lib/site-packages/conda_build/skeletons/__pycache__/luarocks.cpython-37.pyc",
        "path_type": "hardlink",
        "sha256": "7a976e60bb16480318961c692d40f4e3b7c95d1a3d5cab3dd8911f00627d77aa",
        "sha256_in_prefix": "7a976e60bb16480318961c692d40f4e3b7c95d1a3d5cab3dd8911f00627d77aa",
        "size_in_bytes": 9478
      },
      {
        "_path": "Lib/site-packages/conda_build/skeletons/__pycache__/pypi.cpython-37.pyc",
        "path_type": "hardlink",
        "sha256": "cef9b89266b58d6bec384755fe89a08df38b52431d53a77554237c2410fcea87",
        "sha256_in_prefix": "cef9b89266b58d6bec384755fe89a08df38b52431d53a77554237c2410fcea87",
        "size_in_bytes": 32548
      },
      {
        "_path": "Lib/site-packages/conda_build/skeletons/__pycache__/rpm.cpython-37.pyc",
        "path_type": "hardlink",
        "sha256": "6e26f74d69f4046ff60917b558fee1a3d5e20b8da6b648816cd80dc1364d1e0f",
        "sha256_in_prefix": "6e26f74d69f4046ff60917b558fee1a3d5e20b8da6b648816cd80dc1364d1e0f",
        "size_in_bytes": 17088
      },
      {
        "_path": "Lib/site-packages/conda_build/skeletons/_example_skeleton.py",
        "path_type": "hardlink",
        "sha256": "1111cd6db3e0256f916ca566a8ab65999851b680bdfd1020699912bb93f9cc11",
        "sha256_in_prefix": "1111cd6db3e0256f916ca566a8ab65999851b680bdfd1020699912bb93f9cc11",
        "size_in_bytes": 1284
      },
      {
        "_path": "Lib/site-packages/conda_build/skeletons/cpan.py",
        "path_type": "hardlink",
        "sha256": "0d24523cd2d5a2f6764bb6a1a6e80dad79f76378caf7f9b754210494f6bda651",
        "sha256_in_prefix": "0d24523cd2d5a2f6764bb6a1a6e80dad79f76378caf7f9b754210494f6bda651",
        "size_in_bytes": 40749
      },
      {
        "_path": "Lib/site-packages/conda_build/skeletons/cran.py",
        "path_type": "hardlink",
        "sha256": "0c04ac10410d2f92b26244f7f418424cb34a0cecbc6e3e01025a19600be7281c",
        "sha256_in_prefix": "0c04ac10410d2f92b26244f7f418424cb34a0cecbc6e3e01025a19600be7281c",
        "size_in_bytes": 65400
      },
      {
        "_path": "Lib/site-packages/conda_build/skeletons/luarocks.py",
        "path_type": "hardlink",
        "sha256": "701743259380fdcb63445454b4a2bbc2d3da966fa48af912cb4099f0a73c21ad",
        "sha256_in_prefix": "701743259380fdcb63445454b4a2bbc2d3da966fa48af912cb4099f0a73c21ad",
        "size_in_bytes": 12206
      },
      {
        "_path": "Lib/site-packages/conda_build/skeletons/pypi.py",
        "path_type": "hardlink",
        "sha256": "4a9c2ddac947c651477509eecf721a5b0002a0f3d13eee4f47689684c1b95de8",
        "sha256_in_prefix": "4a9c2ddac947c651477509eecf721a5b0002a0f3d13eee4f47689684c1b95de8",
        "size_in_bytes": 48609
      },
      {
        "_path": "Lib/site-packages/conda_build/skeletons/rpm.py",
        "path_type": "hardlink",
        "sha256": "3dd661193cad1668303a9474f66bc5339670b2e98bc0a65841c21f693b285066",
        "sha256_in_prefix": "3dd661193cad1668303a9474f66bc5339670b2e98bc0a65841c21f693b285066",
        "size_in_bytes": 29934
      },
      {
        "_path": "Lib/site-packages/conda_build/source.py",
        "path_type": "hardlink",
        "sha256": "4b1c072ffac7e436b587d86e142be0880a12cd53972dafbc8ca389c6c60e8c82",
        "sha256_in_prefix": "4b1c072ffac7e436b587d86e142be0880a12cd53972dafbc8ca389c6c60e8c82",
        "size_in_bytes": 38710
      },
      {
        "_path": "Lib/site-packages/conda_build/tarcheck.py",
        "path_type": "hardlink",
        "sha256": "a55a889e0fc4cddde45f59a30a97f4baaa7be1d9bf410ea8de6ab9bdb8a355d1",
        "sha256_in_prefix": "a55a889e0fc4cddde45f59a30a97f4baaa7be1d9bf410ea8de6ab9bdb8a355d1",
        "size_in_bytes": 3474
      },
      {
        "_path": "Lib/site-packages/conda_build/templates/channeldata-index.html.j2",
        "path_type": "hardlink",
        "sha256": "7318d0f9132b0c8aa11761a5ac39957a94067d0bc38543e9a947297a97e5896c",
        "sha256_in_prefix": "7318d0f9132b0c8aa11761a5ac39957a94067d0bc38543e9a947297a97e5896c",
        "size_in_bytes": 3302
      },
      {
        "_path": "Lib/site-packages/conda_build/templates/npm.yaml",
        "path_type": "hardlink",
        "sha256": "73c57df1182979b823f5947570e6617b9b186b59aff4b5bd6e4e08ac73edf703",
        "sha256_in_prefix": "73c57df1182979b823f5947570e6617b9b186b59aff4b5bd6e4e08ac73edf703",
        "size_in_bytes": 695
      },
      {
        "_path": "Lib/site-packages/conda_build/templates/rss.xml.j2",
        "path_type": "hardlink",
        "sha256": "56e23fa9c19e3aa1f56577570061ba4e00254341b7ac5e247363744dd80c084f",
        "sha256_in_prefix": "56e23fa9c19e3aa1f56577570061ba4e00254341b7ac5e247363744dd80c084f",
        "size_in_bytes": 1161
      },
      {
        "_path": "Lib/site-packages/conda_build/templates/setuptools.yaml",
        "path_type": "hardlink",
        "sha256": "a4c800211539c34c80b9289a23a7e3038ca0504a51e00080ce81ca1acde4fcad",
        "sha256_in_prefix": "a4c800211539c34c80b9289a23a7e3038ca0504a51e00080ce81ca1acde4fcad",
        "size_in_bytes": 1057
      },
      {
        "_path": "Lib/site-packages/conda_build/templates/subdir-index.html.j2",
        "path_type": "hardlink",
        "sha256": "2e809fd8abd7030c19797094cc8365d51c690bfbb993d28049b498d412dbcb52",
        "sha256_in_prefix": "2e809fd8abd7030c19797094cc8365d51c690bfbb993d28049b498d412dbcb52",
        "size_in_bytes": 1886
      },
      {
        "_path": "Lib/site-packages/conda_build/utils.py",
        "path_type": "hardlink",
        "sha256": "e0c11e2972c94868e9d1a10fbbe232e887d44199982b7266a199adfc854caa66",
        "sha256_in_prefix": "e0c11e2972c94868e9d1a10fbbe232e887d44199982b7266a199adfc854caa66",
        "size_in_bytes": 75448
      },
      {
        "_path": "Lib/site-packages/conda_build/variants.py",
        "path_type": "hardlink",
        "sha256": "5dfc22873ac9cb2336fc7a5cb40f0f462edc4e381f96df1cb117b3ad26406464",
        "sha256_in_prefix": "5dfc22873ac9cb2336fc7a5cb40f0f462edc4e381f96df1cb117b3ad26406464",
        "size_in_bytes": 28442
      },
      {
        "_path": "Lib/site-packages/conda_build/windows.py",
        "path_type": "hardlink",
        "sha256": "a9503432a81e0ff5634f080744a057453478fb38af99875c3f31f781f669da6e",
        "sha256_in_prefix": "a9503432a81e0ff5634f080744a057453478fb38af99875c3f31f781f669da6e",
        "size_in_bytes": 14019
      },
      {
        "_path": "Scripts/conda-build-script.py",
        "path_type": "hardlink",
        "sha256": "17c133f71186bb35c0ed62c85bf980411a913f0d183f061788f682f4064fb3b1",
        "sha256_in_prefix": "17c133f71186bb35c0ed62c85bf980411a913f0d183f061788f682f4064fb3b1",
        "size_in_bytes": 220
      },
      {
        "_path": "Scripts/conda-build.exe",
        "path_type": "hardlink",
        "sha256": "5ea569f2b5bc9c273351641a1a3c52821ce2a9370bc8202f0247c793ebd8a618",
        "sha256_in_prefix": "5ea569f2b5bc9c273351641a1a3c52821ce2a9370bc8202f0247c793ebd8a618",
        "size_in_bytes": 41984
      },
      {
        "_path": "Scripts/conda-convert-script.py",
        "path_type": "hardlink",
        "sha256": "4335879e9eea42409649f91de86e77254a3ec3c68d75e6307d906c80845c0260",
        "sha256_in_prefix": "4335879e9eea42409649f91de86e77254a3ec3c68d75e6307d906c80845c0260",
        "size_in_bytes": 222
      },
      {
        "_path": "Scripts/conda-convert.exe",
        "path_type": "hardlink",
        "sha256": "5ea569f2b5bc9c273351641a1a3c52821ce2a9370bc8202f0247c793ebd8a618",
        "sha256_in_prefix": "5ea569f2b5bc9c273351641a1a3c52821ce2a9370bc8202f0247c793ebd8a618",
        "size_in_bytes": 41984
      },
      {
        "_path": "Scripts/conda-debug-script.py",
        "path_type": "hardlink",
        "sha256": "73134f7d14e9554331e4159b870d11f2c50bd1b39355dd9c40d3e794c33a4574",
        "sha256_in_prefix": "73134f7d14e9554331e4159b870d11f2c50bd1b39355dd9c40d3e794c33a4574",
        "size_in_bytes": 220
      },
      {
        "_path": "Scripts/conda-debug.exe",
        "path_type": "hardlink",
        "sha256": "5ea569f2b5bc9c273351641a1a3c52821ce2a9370bc8202f0247c793ebd8a618",
        "sha256_in_prefix": "5ea569f2b5bc9c273351641a1a3c52821ce2a9370bc8202f0247c793ebd8a618",
        "size_in_bytes": 41984
      },
      {
        "_path": "Scripts/conda-develop-script.py",
        "path_type": "hardlink",
        "sha256": "22eba79c350f5e88080abc9d638de7c6e2c6bf710b7eeeb28cca018313155548",
        "sha256_in_prefix": "22eba79c350f5e88080abc9d638de7c6e2c6bf710b7eeeb28cca018313155548",
        "size_in_bytes": 222
      },
      {
        "_path": "Scripts/conda-develop.exe",
        "path_type": "hardlink",
        "sha256": "5ea569f2b5bc9c273351641a1a3c52821ce2a9370bc8202f0247c793ebd8a618",
        "sha256_in_prefix": "5ea569f2b5bc9c273351641a1a3c52821ce2a9370bc8202f0247c793ebd8a618",
        "size_in_bytes": 41984
      },
      {
        "_path": "Scripts/conda-index-script.py",
        "path_type": "hardlink",
        "sha256": "91c1199bef0ca0a8a8c9e7bd243a582efd2728cf00e1053a6caa7bca4e3b5b5f",
        "sha256_in_prefix": "91c1199bef0ca0a8a8c9e7bd243a582efd2728cf00e1053a6caa7bca4e3b5b5f",
        "size_in_bytes": 220
      },
      {
        "_path": "Scripts/conda-index.exe",
        "path_type": "hardlink",
        "sha256": "5ea569f2b5bc9c273351641a1a3c52821ce2a9370bc8202f0247c793ebd8a618",
        "sha256_in_prefix": "5ea569f2b5bc9c273351641a1a3c52821ce2a9370bc8202f0247c793ebd8a618",
        "size_in_bytes": 41984
      },
      {
        "_path": "Scripts/conda-inspect-script.py",
        "path_type": "hardlink",
        "sha256": "8540889b322339704be1c93bf9e95d30589cd580540dd7e7bad2bf11def5d54b",
        "sha256_in_prefix": "8540889b322339704be1c93bf9e95d30589cd580540dd7e7bad2bf11def5d54b",
        "size_in_bytes": 222
      },
      {
        "_path": "Scripts/conda-inspect.exe",
        "path_type": "hardlink",
        "sha256": "5ea569f2b5bc9c273351641a1a3c52821ce2a9370bc8202f0247c793ebd8a618",
        "sha256_in_prefix": "5ea569f2b5bc9c273351641a1a3c52821ce2a9370bc8202f0247c793ebd8a618",
        "size_in_bytes": 41984
      },
      {
        "_path": "Scripts/conda-metapackage-script.py",
        "path_type": "hardlink",
        "sha256": "2e225f47422f95afbbe7882da08b2fd919174ce95d80359f9005cd0b3b190afd",
        "sha256_in_prefix": "2e225f47422f95afbbe7882da08b2fd919174ce95d80359f9005cd0b3b190afd",
        "size_in_bytes": 226
      },
      {
        "_path": "Scripts/conda-metapackage.exe",
        "path_type": "hardlink",
        "sha256": "5ea569f2b5bc9c273351641a1a3c52821ce2a9370bc8202f0247c793ebd8a618",
        "sha256_in_prefix": "5ea569f2b5bc9c273351641a1a3c52821ce2a9370bc8202f0247c793ebd8a618",
        "size_in_bytes": 41984
      },
      {
        "_path": "Scripts/conda-render-script.py",
        "path_type": "hardlink",
        "sha256": "733eff3bad96eb75dfab682eb4e0ff2490cdccb5a1f4a4973160b7fc90a43fef",
        "sha256_in_prefix": "733eff3bad96eb75dfab682eb4e0ff2490cdccb5a1f4a4973160b7fc90a43fef",
        "size_in_bytes": 221
      },
      {
        "_path": "Scripts/conda-render.exe",
        "path_type": "hardlink",
        "sha256": "5ea569f2b5bc9c273351641a1a3c52821ce2a9370bc8202f0247c793ebd8a618",
        "sha256_in_prefix": "5ea569f2b5bc9c273351641a1a3c52821ce2a9370bc8202f0247c793ebd8a618",
        "size_in_bytes": 41984
      },
      {
        "_path": "Scripts/conda-skeleton-script.py",
        "path_type": "hardlink",
        "sha256": "dbd45f137cfaeb489c968029c54f1558334f18b3b7559b68d8f831818961f186",
        "sha256_in_prefix": "dbd45f137cfaeb489c968029c54f1558334f18b3b7559b68d8f831818961f186",
        "size_in_bytes": 223
      },
      {
        "_path": "Scripts/conda-skeleton.exe",
        "path_type": "hardlink",
        "sha256": "5ea569f2b5bc9c273351641a1a3c52821ce2a9370bc8202f0247c793ebd8a618",
        "sha256_in_prefix": "5ea569f2b5bc9c273351641a1a3c52821ce2a9370bc8202f0247c793ebd8a618",
        "size_in_bytes": 41984
      }
    ],
    "paths_version": 1
  },
  "requested_spec": "conda-build",
  "sha256": "b74915cc9bc9f5d2137db73806d195855abc9aea327ea75e167cbb169a47d396",
  "size": 586118,
  "subdir": "win-64",
  "timestamp": 1670407595807,
  "track_features": "",
  "url": "https://repo.anaconda.com/pkgs/main/win-64/conda-build-3.23.3-py37haa95532_0.conda",
  "version": "3.23.3"
}