{
  "build": "py37h8cc25b3_1",
  "build_number": 1,
  "channel": "https://repo.anaconda.com/pkgs/main/win-64",
  "constrains": [],
  "depends": [
    "python >=3.7,<3.8.0a0",
    "tqdm",
    "vc >=14.1,<15.0a0",
    "vs2015_runtime >=14.16.27012,<15.0a0"
  ],
  "extracted_package_dir": "D:\\Users\\Ravi\\miniconda3\\pkgs\\conda-package-handling-1.9.0-py37h8cc25b3_1",
  "features": "",
  "files": [
    "Lib/site-packages/conda_package_handling-1.9.0.dist-info/AUTHORS.md",
    "Lib/site-packages/conda_package_handling-1.9.0.dist-info/INSTALLER",
    "Lib/site-packages/conda_package_handling-1.9.0.dist-info/LICENSE",
    "Lib/site-packages/conda_package_handling-1.9.0.dist-info/METADATA",
    "Lib/site-packages/conda_package_handling-1.9.0.dist-info/RECORD",
    "Lib/site-packages/conda_package_handling-1.9.0.dist-info/REQUESTED",
    "Lib/site-packages/conda_package_handling-1.9.0.dist-info/WHEEL",
    "Lib/site-packages/conda_package_handling-1.9.0.dist-info/direct_url.json",
    "Lib/site-packages/conda_package_handling-1.9.0.dist-info/entry_points.txt",
    "Lib/site-packages/conda_package_handling-1.9.0.dist-info/top_level.txt",
    "Lib/site-packages/conda_package_handling/__init__.py",
    "Lib/site-packages/conda_package_handling/__main__.py",
    "Lib/site-packages/conda_package_handling/__pycache__/__init__.cpython-37.pyc",
    "Lib/site-packages/conda_package_handling/__pycache__/__main__.cpython-37.pyc",
    "Lib/site-packages/conda_package_handling/__pycache__/_version.cpython-37.pyc",
    "Lib/site-packages/conda_package_handling/__pycache__/api.cpython-37.pyc",
    "Lib/site-packages/conda_package_handling/__pycache__/archive_utils.cpython-37.pyc",
    "Lib/site-packages/conda_package_handling/__pycache__/cli.cpython-37.pyc",
    "Lib/site-packages/conda_package_handling/__pycache__/conda_fmt.cpython-37.pyc",
    "Lib/site-packages/conda_package_handling/__pycache__/exceptions.cpython-37.pyc",
    "Lib/site-packages/conda_package_handling/__pycache__/interface.cpython-37.pyc",
    "Lib/site-packages/conda_package_handling/__pycache__/tarball.cpython-37.pyc",
    "Lib/site-packages/conda_package_handling/__pycache__/utils.cpython-37.pyc",
    "Lib/site-packages/conda_package_handling/__pycache__/validate.cpython-37.pyc",
    "Lib/site-packages/conda_package_handling/_version.py",
    "Lib/site-packages/conda_package_handling/api.py",
    "Lib/site-packages/conda_package_handling/archive_utils.py",
    "Lib/site-packages/conda_package_handling/archive_utils_cy.cp37-win_amd64.pyd",
    "Lib/site-packages/conda_package_handling/cli.py",
    "Lib/site-packages/conda_package_handling/conda_fmt.py",
    "Lib/site-packages/conda_package_handling/exceptions.py",
    "Lib/site-packages/conda_package_handling/interface.py",
    "Lib/site-packages/conda_package_handling/tarball.py",
    "Lib/site-packages/conda_package_handling/utils.py",
    "Lib/site-packages/conda_package_handling/validate.py",
    "Scripts/cph-script.py",
    "Scripts/cph.exe",
    ".nonadmin"
  ],
  "fn": "conda-package-handling-1.9.0-py37h8cc25b3_1.conda",
  "legacy_bz2_md5": "87bd4d669d9d3c51e280597459f96590",
  "license": "BSD-3-Clause",
  "license_family": "BSD",
  "link": {
    "source": "D:\\Users\\Ravi\\miniconda3\\pkgs\\conda-package-handling-1.9.0-py37h8cc25b3_1",
    "type": 1
  },
  "md5": "4a374f25b1da6e81e8ff733f886b7012",
  "name": "conda-package-handling",
  "package_tarball_full_path": "D:\\Users\\Ravi\\miniconda3\\pkgs\\conda-package-handling-1.9.0-py37h8cc25b3_1.conda",
  "paths_data": {
    "paths": [
      {
        "_path": "Lib/site-packages/conda_package_handling-1.9.0.dist-info/AUTHORS.md",
        "path_type": "hardlink",
        "sha256": "d0f4313eff198c5188adfc622b387b67015418b134c11cef8d5b02acf0e3cdb2",
        "sha256_in_prefix": "d0f4313eff198c5188adfc622b387b67015418b134c11cef8d5b02acf0e3cdb2",
        "size_in_bytes": 440
      },
      {
        "_path": "Lib/site-packages/conda_package_handling-1.9.0.dist-info/INSTALLER",
        "path_type": "hardlink",
        "sha256": "d0edee15f91b406f3f99726e44eb990be6e34fd0345b52b910c568e0eef6a2a8",
        "sha256_in_prefix": "d0edee15f91b406f3f99726e44eb990be6e34fd0345b52b910c568e0eef6a2a8",
        "size_in_bytes": 5
      },
      {
        "_path": "Lib/site-packages/conda_package_handling-1.9.0.dist-info/LICENSE",
        "path_type": "hardlink",
        "sha256": "b7fece5b9cad61c6a6842ed67766c138068bead39a295ba94749bcb3322b5e75",
        "sha256_in_prefix": "b7fece5b9cad61c6a6842ed67766c138068bead39a295ba94749bcb3322b5e75",
        "size_in_bytes": 1505
      },
      {
        "_path": "Lib/site-packages/conda_package_handling-1.9.0.dist-info/METADATA",
        "path_type": "hardlink",
        "sha256": "952417c894d6c2e44c7b3359a4ab003e92fa1fa59653257b0406ee4fa8e41a81",
        "sha256_in_prefix": "952417c894d6c2e44c7b3359a4ab003e92fa1fa59653257b0406ee4fa8e41a81",
        "size_in_bytes": 474
      },
      {
        "_path": "Lib/site-packages/conda_package_handling-1.9.0.dist-info/RECORD",
        "path_type": "hardlink",
        "sha256": "98b95f090cec64149a89260ec69e1985af4efe0a352f969876250b2595914f7b",
        "sha256_in_prefix": "98b95f090cec64149a89260ec69e1985af4efe0a352f969876250b2595914f7b",
        "size_in_bytes": 3033
      },
      {
        "_path": "Lib/site-packages/conda_package_handling-1.9.0.dist-info/REQUESTED",
        "path_type": "hardlink",
        "sha256": "e3b0c44298fc1c149afbf4c8996fb92427ae41e4649b934ca495991b7852b855",
        "sha256_in_prefix": "e3b0c44298fc1c149afbf4c8996fb92427ae41e4649b934ca495991b7852b855",
        "size_in_bytes": 0
      },
      {
        "_path": "Lib/site-packages/conda_package_handling-1.9.0.dist-info/WHEEL",
        "path_type": "hardlink",
        "sha256": "f85a83263a381eb92b21a4e1bed01879fd9e1009f5fd0bd57b99c83429d411b4",
        "sha256_in_prefix": "f85a83263a381eb92b21a4e1bed01879fd9e1009f5fd0bd57b99c83429d411b4",
        "size_in_bytes": 101
      },
      {
        "_path": "Lib/site-packages/conda_package_handling-1.9.0.dist-info/direct_url.json",
        "path_type": "hardlink",
        "sha256": "4aa3c5ce9cffc74f63da30f4d465cbceb6b169a1386c61cd2e3031cf930e4682",
        "sha256_in_prefix": "4aa3c5ce9cffc74f63da30f4d465cbceb6b169a1386c61cd2e3031cf930e4682",
        "size_in_bytes": 102
      },
      {
        "_path": "Lib/site-packages/conda_package_handling-1.9.0.dist-info/entry_points.txt",
        "path_type": "hardlink",
        "sha256": "e2005ded93aff6fe8fdd522223abde570817cca0aefdf5223aac2a55bd154e7a",
        "sha256_in_prefix": "e2005ded93aff6fe8fdd522223abde570817cca0aefdf5223aac2a55bd154e7a",
        "size_in_bytes": 56
      },
      {
        "_path": "Lib/site-packages/conda_package_handling-1.9.0.dist-info/top_level.txt",
        "path_type": "hardlink",
        "sha256": "df6f745b783c31b23284c4ba8a70b7a13cd2cc8c1e63903650a93ffc066b9d26",
        "sha256_in_prefix": "df6f745b783c31b23284c4ba8a70b7a13cd2cc8c1e63903650a93ffc066b9d26",
        "size_in_bytes": 23
      },
      {
        "_path": "Lib/site-packages/conda_package_handling/__init__.py",
        "path_type": "hardlink",
        "sha256": "f2d4fe8f981b24161f93f4428fd99f02df68eafacbb2a46cee4b775869d14807",
        "sha256_in_prefix": "f2d4fe8f981b24161f93f4428fd99f02df68eafacbb2a46cee4b775869d14807",
        "size_in_bytes": 72
      },
      {
        "_path": "Lib/site-packages/conda_package_handling/__main__.py",
        "path_type": "hardlink",
        "sha256": "fce0f423187893f03ddad0da772f3bbb4dcd1c9eac7666db2614af1162889666",
        "sha256_in_prefix": "fce0f423187893f03ddad0da772f3bbb4dcd1c9eac7666db2614af1162889666",
        "size_in_bytes": 50
      },
      {
        "_path": "Lib/site-packages/conda_package_handling/__pycache__/__init__.cpython-37.pyc",
        "path_type": "hardlink",
        "sha256": "b7d7e1c1d988a9f997aa82b1bc49f319880b4299e311777279c9fe480ca5e375",
        "sha256_in_prefix": "b7d7e1c1d988a9f997aa82b1bc49f319880b4299e311777279c9fe480ca5e375",
        "size_in_bytes": 222
      },
      {
        "_path": "Lib/site-packages/conda_package_handling/__pycache__/__main__.cpython-37.pyc",
        "path_type": "hardlink",
        "sha256": "acace99dce558ba3a5dd607341597b972fac0fc84b40959e31d8692bb4d1533e",
        "sha256_in_prefix": "acace99dce558ba3a5dd607341597b972fac0fc84b40959e31d8692bb4d1533e",
        "size_in_bytes": 199
      },
      {
        "_path": "Lib/site-packages/conda_package_handling/__pycache__/_version.cpython-37.pyc",
        "path_type": "hardlink",
        "sha256": "15efe7e04e519f7459250c473c07050dccafecdc778037c22f21a7a3617659ff",
        "sha256_in_prefix": "15efe7e04e519f7459250c473c07050dccafecdc778037c22f21a7a3617659ff",
        "size_in_bytes": 459
      },
      {
        "_path": "Lib/site-packages/conda_package_handling/__pycache__/api.cpython-37.pyc",
        "path_type": "hardlink",
        "sha256": "37fd021b2e0fdc85319d7f222baa97d4df9181354bde9de35bb93a86a85b6965",
        "sha256_in_prefix": "37fd021b2e0fdc85319d7f222baa97d4df9181354bde9de35bb93a86a85b6965",
        "size_in_bytes": 6489
      },
      {
        "_path": "Lib/site-packages/conda_package_handling/__pycache__/archive_utils.cpython-37.pyc",
        "path_type": "hardlink",
        "sha256": "96e3855f172cb918865bfea47b07a020cd57bceb137971acb41fcecfce16dfa6",
        "sha256_in_prefix": "96e3855f172cb918865bfea47b07a020cd57bceb137971acb41fcecfce16dfa6",
        "size_in_bytes": 1162
      },
      {
        "_path": "Lib/site-packages/conda_package_handling/__pycache__/cli.cpython-37.pyc",
        "path_type": "hardlink",
        "sha256": "e5b97e86b11e069e079a2d66c67ef4e616d02fa643a6c025835b5d41d2ce4335",
        "sha256_in_prefix": "e5b97e86b11e069e079a2d66c67ef4e616d02fa643a6c025835b5d41d2ce4335",
        "size_in_bytes": 4545
      },
      {
        "_path": "Lib/site-packages/conda_package_handling/__pycache__/conda_fmt.cpython-37.pyc",
        "path_type": "hardlink",
        "sha256": "6d308f3a3f855fe6b74e7092f1d77c2711368e3d587ed1fd9baee0542ccdbdc6",
        "sha256_in_prefix": "6d308f3a3f855fe6b74e7092f1d77c2711368e3d587ed1fd9baee0542ccdbdc6",
        "size_in_bytes": 4054
      },
      {
        "_path": "Lib/site-packages/conda_package_handling/__pycache__/exceptions.cpython-37.pyc",
        "path_type": "hardlink",
        "sha256": "f4252446ebf0dbc5181a3055e24e1b0bd064c22121d00c5ebf859c3b58a7e497",
        "sha256_in_prefix": "f4252446ebf0dbc5181a3055e24e1b0bd064c22121d00c5ebf859c3b58a7e497",
        "size_in_bytes": 2453
      },
      {
        "_path": "Lib/site-packages/conda_package_handling/__pycache__/interface.cpython-37.pyc",
        "path_type": "hardlink",
        "sha256": "6b5f56d19a49fbb50be11c6ba883837ec200463dfd11b870fdbeff681fcf0861",
        "sha256_in_prefix": "6b5f56d19a49fbb50be11c6ba883837ec200463dfd11b870fdbeff681fcf0861",
        "size_in_bytes": 1063
      },
      {
        "_path": "Lib/site-packages/conda_package_handling/__pycache__/tarball.cpython-37.pyc",
        "path_type": "hardlink",
        "sha256": "cd099d975918649767a7dc9a1f15eb27f4a19a9e91ed48f90f4942fd2fa42499",
        "sha256_in_prefix": "cd099d975918649767a7dc9a1f15eb27f4a19a9e91ed48f90f4942fd2fa42499",
        "size_in_bytes": 5633
      },
      {
        "_path": "Lib/site-packages/conda_package_handling/__pycache__/utils.cpython-37.pyc",
        "path_type": "hardlink",
        "sha256": "25b5be389229c85946d9bd1a9db738e02500d928459124418da03d76c33fa2d5",
        "sha256_in_prefix": "25b5be389229c85946d9bd1a9db738e02500d928459124418da03d76c33fa2d5",
        "size_in_bytes": 12562
      },
      {
        "_path": "Lib/site-packages/conda_package_handling/__pycache__/validate.cpython-37.pyc",
        "path_type": "hardlink",
        "sha256": "771fa06866161368f59c1920b740fe3a8253fc18038f244cd5435b1421dc9472",
        "sha256_in_prefix": "771fa06866161368f59c1920b740fe3a8253fc18038f244cd5435b1421dc9472",
        "size_in_bytes": 961
      },
      {
        "_path": "Lib/site-packages/conda_package_handling/_version.py",
        "path_type": "hardlink",
        "sha256": "d7d6d2aaf5ba45f8b1723a49f74da9cfd59fddd6e7beba9bfef58932d31b23cf",
        "sha256_in_prefix": "d7d6d2aaf5ba45f8b1723a49f74da9cfd59fddd6e7beba9bfef58932d31b23cf",
        "size_in_bytes": 518
      },
      {
        "_path": "Lib/site-packages/conda_package_handling/api.py",
        "path_type": "hardlink",
        "sha256": "464c5cd02bef0433369fa6bdef4af507ec80b12900126f8c6e196ac625c19173",
        "sha256_in_prefix": "464c5cd02bef0433369fa6bdef4af507ec80b12900126f8c6e196ac625c19173",
        "size_in_bytes": 7426
      },
      {
        "_path": "Lib/site-packages/conda_package_handling/archive_utils.py",
        "path_type": "hardlink",
        "sha256": "ddde53894206200b4d788a0747b7066203041d5f7661b21e95920bdb34c21ceb",
        "sha256_in_prefix": "ddde53894206200b4d788a0747b7066203041d5f7661b21e95920bdb34c21ceb",
        "size_in_bytes": 1013
      },
      {
        "_path": "Lib/site-packages/conda_package_handling/archive_utils_cy.cp37-win_amd64.pyd",
        "path_type": "hardlink",
        "sha256": "74ebf4d26a8be5db4a02ece27ee51cdc46beb5773dac5dbc842f2f3355bd5833",
        "sha256_in_prefix": "74ebf4d26a8be5db4a02ece27ee51cdc46beb5773dac5dbc842f2f3355bd5833",
        "size_in_bytes": 1118208
      },
      {
        "_path": "Lib/site-packages/conda_package_handling/cli.py",
        "path_type": "hardlink",
        "sha256": "c5975a8797c1348f8fdb6f24359c0fc79cd06826da29ad018f633513b925ef41",
        "sha256_in_prefix": "c5975a8797c1348f8fdb6f24359c0fc79cd06826da29ad018f633513b925ef41",
        "size_in_bytes": 6054
      },
      {
        "_path": "Lib/site-packages/conda_package_handling/conda_fmt.py",
        "path_type": "hardlink",
        "sha256": "726753ceb6ac3ac1c3da26eee70988c46d11e63a353fde45f47251d5496b6906",
        "sha256_in_prefix": "726753ceb6ac3ac1c3da26eee70988c46d11e63a353fde45f47251d5496b6906",
        "size_in_bytes": 4246
      },
      {
        "_path": "Lib/site-packages/conda_package_handling/exceptions.py",
        "path_type": "hardlink",
        "sha256": "686c5979c3f8f9c00e90b8674279ed5ddb8330d05e1d4fc02f59883185a4358f",
        "sha256_in_prefix": "686c5979c3f8f9c00e90b8674279ed5ddb8330d05e1d4fc02f59883185a4358f",
        "size_in_bytes": 1938
      },
      {
        "_path": "Lib/site-packages/conda_package_handling/interface.py",
        "path_type": "hardlink",
        "sha256": "97cbfcb11c2e521719dbd2a800c808b522521fdce6ea3c2b9cf2ffce084e84e4",
        "sha256_in_prefix": "97cbfcb11c2e521719dbd2a800c808b522521fdce6ea3c2b9cf2ffce084e84e4",
        "size_in_bytes": 534
      },
      {
        "_path": "Lib/site-packages/conda_package_handling/tarball.py",
        "path_type": "hardlink",
        "sha256": "d20e64d5f6a2e789705b12b8c6c402bd9e66771a01d2e5e53e74207536d9f292",
        "sha256_in_prefix": "d20e64d5f6a2e789705b12b8c6c402bd9e66771a01d2e5e53e74207536d9f292",
        "size_in_bytes": 7043
      },
      {
        "_path": "Lib/site-packages/conda_package_handling/utils.py",
        "path_type": "hardlink",
        "sha256": "85c84b169e18315e36fb1ef17ac9acc953ef16aef1f5fc7bb10c8918ddeb0b51",
        "sha256_in_prefix": "85c84b169e18315e36fb1ef17ac9acc953ef16aef1f5fc7bb10c8918ddeb0b51",
        "size_in_bytes": 16355
      },
      {
        "_path": "Lib/site-packages/conda_package_handling/validate.py",
        "path_type": "hardlink",
        "sha256": "ed2dd7daf11e9e2fb936e8aa693e829735b1f4d78102d4cce41d375dc05706eb",
        "sha256_in_prefix": "ed2dd7daf11e9e2fb936e8aa693e829735b1f4d78102d4cce41d375dc05706eb",
        "size_in_bytes": 1233
      },
      {
        "_path": "Scripts/cph-script.py",
        "path_type": "hardlink",
        "sha256": "ce27bca42e3e581f3c49f77c3d95f69138f8230d694c037ef54142e3b045f37a",
        "sha256_in_prefix": "ce27bca42e3e581f3c49f77c3d95f69138f8230d694c037ef54142e3b045f37a",
        "size_in_bytes": 220
      },
      {
        "_path": "Scripts/cph.exe",
        "path_type": "hardlink",
        "sha256": "5ea569f2b5bc9c273351641a1a3c52821ce2a9370bc8202f0247c793ebd8a618",
        "sha256_in_prefix": "5ea569f2b5bc9c273351641a1a3c52821ce2a9370bc8202f0247c793ebd8a618",
        "size_in_bytes": 41984
      }
    ],
    "paths_version": 1
  },
  "requested_spec": "None",
  "sha256": "7bc2d8323fcfa5f2c97bfb3fa596957e5aa6d836ef5c506542a45eb8f005427e",
  "size": 761941,
  "subdir": "win-64",
  "timestamp": 1666940560192,
  "track_features": "",
  "url": "https://repo.anaconda.com/pkgs/main/win-64/conda-package-handling-1.9.0-py37h8cc25b3_1.conda",
  "version": "1.9.0"
}