{
  "build": "py37h21b164f_0",
  "build_number": 0,
  "channel": "https://repo.anaconda.com/pkgs/main/win-64",
  "constrains": [],
  "depends": [
    "cffi >=1.12",
    "openssl",
    "python >=3.7,<3.8.0a0",
    "vc >=14.1,<15.0a0",
    "vs2015_runtime >=14.16.27012,<15.0a0"
  ],
  "extracted_package_dir": "D:\\Users\\Ravi\\miniconda3\\pkgs\\cryptography-38.0.1-py37h21b164f_0",
  "features": "",
  "files": [
    "Lib/site-packages/cryptography-38.0.1.dist-info/INSTALLER",
    "Lib/site-packages/cryptography-38.0.1.dist-info/LICENSE",
    "Lib/site-packages/cryptography-38.0.1.dist-info/LICENSE.APACHE",
    "Lib/site-packages/cryptography-38.0.1.dist-info/LICENSE.BSD",
    "Lib/site-packages/cryptography-38.0.1.dist-info/LICENSE.PSF",
    "Lib/site-packages/cryptography-38.0.1.dist-info/METADATA",
    "Lib/site-packages/cryptography-38.0.1.dist-info/RECORD",
    "Lib/site-packages/cryptography-38.0.1.dist-info/REQUESTED",
    "Lib/site-packages/cryptography-38.0.1.dist-info/WHEEL",
    "Lib/site-packages/cryptography-38.0.1.dist-info/direct_url.json",
    "Lib/site-packages/cryptography-38.0.1.dist-info/top_level.txt",
    "Lib/site-packages/cryptography/__about__.py",
    "Lib/site-packages/cryptography/__init__.py",
    "Lib/site-packages/cryptography/__pycache__/__about__.cpython-37.pyc",
    "Lib/site-packages/cryptography/__pycache__/__init__.cpython-37.pyc",
    "Lib/site-packages/cryptography/__pycache__/exceptions.cpython-37.pyc",
    "Lib/site-packages/cryptography/__pycache__/fernet.cpython-37.pyc",
    "Lib/site-packages/cryptography/__pycache__/utils.cpython-37.pyc",
    "Lib/site-packages/cryptography/exceptions.py",
    "Lib/site-packages/cryptography/fernet.py",
    "Lib/site-packages/cryptography/hazmat/__init__.py",
    "Lib/site-packages/cryptography/hazmat/__pycache__/__init__.cpython-37.pyc",
    "Lib/site-packages/cryptography/hazmat/__pycache__/_oid.cpython-37.pyc",
    "Lib/site-packages/cryptography/hazmat/_oid.py",
    "Lib/site-packages/cryptography/hazmat/backends/__init__.py",
    "Lib/site-packages/cryptography/hazmat/backends/__pycache__/__init__.cpython-37.pyc",
    "Lib/site-packages/cryptography/hazmat/backends/openssl/__init__.py",
    "Lib/site-packages/cryptography/hazmat/backends/openssl/__pycache__/__init__.cpython-37.pyc",
    "Lib/site-packages/cryptography/hazmat/backends/openssl/__pycache__/aead.cpython-37.pyc",
    "Lib/site-packages/cryptography/hazmat/backends/openssl/__pycache__/backend.cpython-37.pyc",
    "Lib/site-packages/cryptography/hazmat/backends/openssl/__pycache__/ciphers.cpython-37.pyc",
    "Lib/site-packages/cryptography/hazmat/backends/openssl/__pycache__/cmac.cpython-37.pyc",
    "Lib/site-packages/cryptography/hazmat/backends/openssl/__pycache__/decode_asn1.cpython-37.pyc",
    "Lib/site-packages/cryptography/hazmat/backends/openssl/__pycache__/dh.cpython-37.pyc",
    "Lib/site-packages/cryptography/hazmat/backends/openssl/__pycache__/dsa.cpython-37.pyc",
    "Lib/site-packages/cryptography/hazmat/backends/openssl/__pycache__/ec.cpython-37.pyc",
    "Lib/site-packages/cryptography/hazmat/backends/openssl/__pycache__/ed25519.cpython-37.pyc",
    "Lib/site-packages/cryptography/hazmat/backends/openssl/__pycache__/ed448.cpython-37.pyc",
    "Lib/site-packages/cryptography/hazmat/backends/openssl/__pycache__/hashes.cpython-37.pyc",
    "Lib/site-packages/cryptography/hazmat/backends/openssl/__pycache__/hmac.cpython-37.pyc",
    "Lib/site-packages/cryptography/hazmat/backends/openssl/__pycache__/poly1305.cpython-37.pyc",
    "Lib/site-packages/cryptography/hazmat/backends/openssl/__pycache__/rsa.cpython-37.pyc",
    "Lib/site-packages/cryptography/hazmat/backends/openssl/__pycache__/utils.cpython-37.pyc",
    "Lib/site-packages/cryptography/hazmat/backends/openssl/__pycache__/x25519.cpython-37.pyc",
    "Lib/site-packages/cryptography/hazmat/backends/openssl/__pycache__/x448.cpython-37.pyc",
    "Lib/site-packages/cryptography/hazmat/backends/openssl/__pycache__/x509.cpython-37.pyc",
    "Lib/site-packages/cryptography/hazmat/backends/openssl/aead.py",
    "Lib/site-packages/cryptography/hazmat/backends/openssl/backend.py",
    "Lib/site-packages/cryptography/hazmat/backends/openssl/ciphers.py",
    "Lib/site-packages/cryptography/hazmat/backends/openssl/cmac.py",
    "Lib/site-packages/cryptography/hazmat/backends/openssl/decode_asn1.py",
    "Lib/site-packages/cryptography/hazmat/backends/openssl/dh.py",
    "Lib/site-packages/cryptography/hazmat/backends/openssl/dsa.py",
    "Lib/site-packages/cryptography/hazmat/backends/openssl/ec.py",
    "Lib/site-packages/cryptography/hazmat/backends/openssl/ed25519.py",
    "Lib/site-packages/cryptography/hazmat/backends/openssl/ed448.py",
    "Lib/site-packages/cryptography/hazmat/backends/openssl/hashes.py",
    "Lib/site-packages/cryptography/hazmat/backends/openssl/hmac.py",
    "Lib/site-packages/cryptography/hazmat/backends/openssl/poly1305.py",
    "Lib/site-packages/cryptography/hazmat/backends/openssl/rsa.py",
    "Lib/site-packages/cryptography/hazmat/backends/openssl/utils.py",
    "Lib/site-packages/cryptography/hazmat/backends/openssl/x25519.py",
    "Lib/site-packages/cryptography/hazmat/backends/openssl/x448.py",
    "Lib/site-packages/cryptography/hazmat/backends/openssl/x509.py",
    "Lib/site-packages/cryptography/hazmat/bindings/__init__.py",
    "Lib/site-packages/cryptography/hazmat/bindings/__pycache__/__init__.cpython-37.pyc",
    "Lib/site-packages/cryptography/hazmat/bindings/_openssl.pyd",
    "Lib/site-packages/cryptography/hazmat/bindings/_openssl.pyi",
    "Lib/site-packages/cryptography/hazmat/bindings/_rust.pyd",
    "Lib/site-packages/cryptography/hazmat/bindings/_rust/__init__.pyi",
    "Lib/site-packages/cryptography/hazmat/bindings/_rust/asn1.pyi",
    "Lib/site-packages/cryptography/hazmat/bindings/_rust/ocsp.pyi",
    "Lib/site-packages/cryptography/hazmat/bindings/_rust/x509.pyi",
    "Lib/site-packages/cryptography/hazmat/bindings/openssl/__init__.py",
    "Lib/site-packages/cryptography/hazmat/bindings/openssl/__pycache__/__init__.cpython-37.pyc",
    "Lib/site-packages/cryptography/hazmat/bindings/openssl/__pycache__/_conditional.cpython-37.pyc",
    "Lib/site-packages/cryptography/hazmat/bindings/openssl/__pycache__/binding.cpython-37.pyc",
    "Lib/site-packages/cryptography/hazmat/bindings/openssl/_conditional.py",
    "Lib/site-packages/cryptography/hazmat/bindings/openssl/binding.py",
    "Lib/site-packages/cryptography/hazmat/primitives/__init__.py",
    "Lib/site-packages/cryptography/hazmat/primitives/__pycache__/__init__.cpython-37.pyc",
    "Lib/site-packages/cryptography/hazmat/primitives/__pycache__/_asymmetric.cpython-37.pyc",
    "Lib/site-packages/cryptography/hazmat/primitives/__pycache__/_cipheralgorithm.cpython-37.pyc",
    "Lib/site-packages/cryptography/hazmat/primitives/__pycache__/_serialization.cpython-37.pyc",
    "Lib/site-packages/cryptography/hazmat/primitives/__pycache__/cmac.cpython-37.pyc",
    "Lib/site-packages/cryptography/hazmat/primitives/__pycache__/constant_time.cpython-37.pyc",
    "Lib/site-packages/cryptography/hazmat/primitives/__pycache__/hashes.cpython-37.pyc",
    "Lib/site-packages/cryptography/hazmat/primitives/__pycache__/hmac.cpython-37.pyc",
    "Lib/site-packages/cryptography/hazmat/primitives/__pycache__/keywrap.cpython-37.pyc",
    "Lib/site-packages/cryptography/hazmat/primitives/__pycache__/padding.cpython-37.pyc",
    "Lib/site-packages/cryptography/hazmat/primitives/__pycache__/poly1305.cpython-37.pyc",
    "Lib/site-packages/cryptography/hazmat/primitives/_asymmetric.py",
    "Lib/site-packages/cryptography/hazmat/primitives/_cipheralgorithm.py",
    "Lib/site-packages/cryptography/hazmat/primitives/_serialization.py",
    "Lib/site-packages/cryptography/hazmat/primitives/asymmetric/__init__.py",
    "Lib/site-packages/cryptography/hazmat/primitives/asymmetric/__pycache__/__init__.cpython-37.pyc",
    "Lib/site-packages/cryptography/hazmat/primitives/asymmetric/__pycache__/dh.cpython-37.pyc",
    "Lib/site-packages/cryptography/hazmat/primitives/asymmetric/__pycache__/dsa.cpython-37.pyc",
    "Lib/site-packages/cryptography/hazmat/primitives/asymmetric/__pycache__/ec.cpython-37.pyc",
    "Lib/site-packages/cryptography/hazmat/primitives/asymmetric/__pycache__/ed25519.cpython-37.pyc",
    "Lib/site-packages/cryptography/hazmat/primitives/asymmetric/__pycache__/ed448.cpython-37.pyc",
    "Lib/site-packages/cryptography/hazmat/primitives/asymmetric/__pycache__/padding.cpython-37.pyc",
    "Lib/site-packages/cryptography/hazmat/primitives/asymmetric/__pycache__/rsa.cpython-37.pyc",
    "Lib/site-packages/cryptography/hazmat/primitives/asymmetric/__pycache__/types.cpython-37.pyc",
    "Lib/site-packages/cryptography/hazmat/primitives/asymmetric/__pycache__/utils.cpython-37.pyc",
    "Lib/site-packages/cryptography/hazmat/primitives/asymmetric/__pycache__/x25519.cpython-37.pyc",
    "Lib/site-packages/cryptography/hazmat/primitives/asymmetric/__pycache__/x448.cpython-37.pyc",
    "Lib/site-packages/cryptography/hazmat/primitives/asymmetric/dh.py",
    "Lib/site-packages/cryptography/hazmat/primitives/asymmetric/dsa.py",
    "Lib/site-packages/cryptography/hazmat/primitives/asymmetric/ec.py",
    "Lib/site-packages/cryptography/hazmat/primitives/asymmetric/ed25519.py",
    "Lib/site-packages/cryptography/hazmat/primitives/asymmetric/ed448.py",
    "Lib/site-packages/cryptography/hazmat/primitives/asymmetric/padding.py",
    "Lib/site-packages/cryptography/hazmat/primitives/asymmetric/rsa.py",
    "Lib/site-packages/cryptography/hazmat/primitives/asymmetric/types.py",
    "Lib/site-packages/cryptography/hazmat/primitives/asymmetric/utils.py",
    "Lib/site-packages/cryptography/hazmat/primitives/asymmetric/x25519.py",
    "Lib/site-packages/cryptography/hazmat/primitives/asymmetric/x448.py",
    "Lib/site-packages/cryptography/hazmat/primitives/ciphers/__init__.py",
    "Lib/site-packages/cryptography/hazmat/primitives/ciphers/__pycache__/__init__.cpython-37.pyc",
    "Lib/site-packages/cryptography/hazmat/primitives/ciphers/__pycache__/aead.cpython-37.pyc",
    "Lib/site-packages/cryptography/hazmat/primitives/ciphers/__pycache__/algorithms.cpython-37.pyc",
    "Lib/site-packages/cryptography/hazmat/primitives/ciphers/__pycache__/base.cpython-37.pyc",
    "Lib/site-packages/cryptography/hazmat/primitives/ciphers/__pycache__/modes.cpython-37.pyc",
    "Lib/site-packages/cryptography/hazmat/primitives/ciphers/aead.py",
    "Lib/site-packages/cryptography/hazmat/primitives/ciphers/algorithms.py",
    "Lib/site-packages/cryptography/hazmat/primitives/ciphers/base.py",
    "Lib/site-packages/cryptography/hazmat/primitives/ciphers/modes.py",
    "Lib/site-packages/cryptography/hazmat/primitives/cmac.py",
    "Lib/site-packages/cryptography/hazmat/primitives/constant_time.py",
    "Lib/site-packages/cryptography/hazmat/primitives/hashes.py",
    "Lib/site-packages/cryptography/hazmat/primitives/hmac.py",
    "Lib/site-packages/cryptography/hazmat/primitives/kdf/__init__.py",
    "Lib/site-packages/cryptography/hazmat/primitives/kdf/__pycache__/__init__.cpython-37.pyc",
    "Lib/site-packages/cryptography/hazmat/primitives/kdf/__pycache__/concatkdf.cpython-37.pyc",
    "Lib/site-packages/cryptography/hazmat/primitives/kdf/__pycache__/hkdf.cpython-37.pyc",
    "Lib/site-packages/cryptography/hazmat/primitives/kdf/__pycache__/kbkdf.cpython-37.pyc",
    "Lib/site-packages/cryptography/hazmat/primitives/kdf/__pycache__/pbkdf2.cpython-37.pyc",
    "Lib/site-packages/cryptography/hazmat/primitives/kdf/__pycache__/scrypt.cpython-37.pyc",
    "Lib/site-packages/cryptography/hazmat/primitives/kdf/__pycache__/x963kdf.cpython-37.pyc",
    "Lib/site-packages/cryptography/hazmat/primitives/kdf/concatkdf.py",
    "Lib/site-packages/cryptography/hazmat/primitives/kdf/hkdf.py",
    "Lib/site-packages/cryptography/hazmat/primitives/kdf/kbkdf.py",
    "Lib/site-packages/cryptography/hazmat/primitives/kdf/pbkdf2.py",
    "Lib/site-packages/cryptography/hazmat/primitives/kdf/scrypt.py",
    "Lib/site-packages/cryptography/hazmat/primitives/kdf/x963kdf.py",
    "Lib/site-packages/cryptography/hazmat/primitives/keywrap.py",
    "Lib/site-packages/cryptography/hazmat/primitives/padding.py",
    "Lib/site-packages/cryptography/hazmat/primitives/poly1305.py",
    "Lib/site-packages/cryptography/hazmat/primitives/serialization/__init__.py",
    "Lib/site-packages/cryptography/hazmat/primitives/serialization/__pycache__/__init__.cpython-37.pyc",
    "Lib/site-packages/cryptography/hazmat/primitives/serialization/__pycache__/base.cpython-37.pyc",
    "Lib/site-packages/cryptography/hazmat/primitives/serialization/__pycache__/pkcs12.cpython-37.pyc",
    "Lib/site-packages/cryptography/hazmat/primitives/serialization/__pycache__/pkcs7.cpython-37.pyc",
    "Lib/site-packages/cryptography/hazmat/primitives/serialization/__pycache__/ssh.cpython-37.pyc",
    "Lib/site-packages/cryptography/hazmat/primitives/serialization/base.py",
    "Lib/site-packages/cryptography/hazmat/primitives/serialization/pkcs12.py",
    "Lib/site-packages/cryptography/hazmat/primitives/serialization/pkcs7.py",
    "Lib/site-packages/cryptography/hazmat/primitives/serialization/ssh.py",
    "Lib/site-packages/cryptography/hazmat/primitives/twofactor/__init__.py",
    "Lib/site-packages/cryptography/hazmat/primitives/twofactor/__pycache__/__init__.cpython-37.pyc",
    "Lib/site-packages/cryptography/hazmat/primitives/twofactor/__pycache__/hotp.cpython-37.pyc",
    "Lib/site-packages/cryptography/hazmat/primitives/twofactor/__pycache__/totp.cpython-37.pyc",
    "Lib/site-packages/cryptography/hazmat/primitives/twofactor/hotp.py",
    "Lib/site-packages/cryptography/hazmat/primitives/twofactor/totp.py",
    "Lib/site-packages/cryptography/py.typed",
    "Lib/site-packages/cryptography/utils.py",
    "Lib/site-packages/cryptography/x509/__init__.py",
    "Lib/site-packages/cryptography/x509/__pycache__/__init__.cpython-37.pyc",
    "Lib/site-packages/cryptography/x509/__pycache__/base.cpython-37.pyc",
    "Lib/site-packages/cryptography/x509/__pycache__/certificate_transparency.cpython-37.pyc",
    "Lib/site-packages/cryptography/x509/__pycache__/extensions.cpython-37.pyc",
    "Lib/site-packages/cryptography/x509/__pycache__/general_name.cpython-37.pyc",
    "Lib/site-packages/cryptography/x509/__pycache__/name.cpython-37.pyc",
    "Lib/site-packages/cryptography/x509/__pycache__/ocsp.cpython-37.pyc",
    "Lib/site-packages/cryptography/x509/__pycache__/oid.cpython-37.pyc",
    "Lib/site-packages/cryptography/x509/base.py",
    "Lib/site-packages/cryptography/x509/certificate_transparency.py",
    "Lib/site-packages/cryptography/x509/extensions.py",
    "Lib/site-packages/cryptography/x509/general_name.py",
    "Lib/site-packages/cryptography/x509/name.py",
    "Lib/site-packages/cryptography/x509/ocsp.py",
    "Lib/site-packages/cryptography/x509/oid.py",
    ".nonadmin"
  ],
  "fn": "cryptography-38.0.1-py37h21b164f_0.conda",
  "legacy_bz2_md5": "882b2d4c8b5f03df1a25f8a58633a25d",
  "license": "(BSD-3-Clause OR Apache-2.0) AND PSF-2.0 AND MIT",
  "license_family": "BSD",
  "link": {
    "source": "D:\\Users\\Ravi\\miniconda3\\pkgs\\cryptography-38.0.1-py37h21b164f_0",
    "type": 1
  },
  "md5": "dfa32d771b00dcbc28255c0800bf1504",
  "name": "cryptography",
  "package_tarball_full_path": "D:\\Users\\Ravi\\miniconda3\\pkgs\\cryptography-38.0.1-py37h21b164f_0.conda",
  "paths_data": {
    "paths": [
      {
        "_path": "Lib/site-packages/cryptography-38.0.1.dist-info/INSTALLER",
        "path_type": "hardlink",
        "sha256": "d0edee15f91b406f3f99726e44eb990be6e34fd0345b52b910c568e0eef6a2a8",
        "sha256_in_prefix": "d0edee15f91b406f3f99726e44eb990be6e34fd0345b52b910c568e0eef6a2a8",
        "size_in_bytes": 5
      },
      {
        "_path": "Lib/site-packages/cryptography-38.0.1.dist-info/LICENSE",
        "path_type": "hardlink",
        "sha256": "43dad2cc752ab721cd9a9f36ece70fb53ab7713551f2d3d8694d8e8c5a06d6e2",
        "sha256_in_prefix": "43dad2cc752ab721cd9a9f36ece70fb53ab7713551f2d3d8694d8e8c5a06d6e2",
        "size_in_bytes": 323
      },
      {
        "_path": "Lib/site-packages/cryptography-38.0.1.dist-info/LICENSE.APACHE",
        "path_type": "hardlink",
        "sha256": "aac73b3148f6d1d7111dbca32099f68d26c644c6813ae1e4f05f6579aa2663fe",
        "sha256_in_prefix": "aac73b3148f6d1d7111dbca32099f68d26c644c6813ae1e4f05f6579aa2663fe",
        "size_in_bytes": 11360
      },
      {
        "_path": "Lib/site-packages/cryptography-38.0.1.dist-info/LICENSE.BSD",
        "path_type": "hardlink",
        "sha256": "602c4c7482de6479dd2e9793cda275e5e63d773dacd1eca689232ab7008fb4fb",
        "sha256_in_prefix": "602c4c7482de6479dd2e9793cda275e5e63d773dacd1eca689232ab7008fb4fb",
        "size_in_bytes": 1532
      },
      {
        "_path": "Lib/site-packages/cryptography-38.0.1.dist-info/LICENSE.PSF",
        "path_type": "hardlink",
        "sha256": "693ec0a662b39f995a4f252b03a6222945470c1b6f12ca02918e4efe0df64b9f",
        "sha256_in_prefix": "693ec0a662b39f995a4f252b03a6222945470c1b6f12ca02918e4efe0df64b9f",
        "size_in_bytes": 2415
      },
      {
        "_path": "Lib/site-packages/cryptography-38.0.1.dist-info/METADATA",
        "path_type": "hardlink",
        "sha256": "739787ef83386b5512d8b9dbecd486411387809780e72e427de553bed6176b6f",
        "sha256_in_prefix": "739787ef83386b5512d8b9dbecd486411387809780e72e427de553bed6176b6f",
        "size_in_bytes": 5284
      },
      {
        "_path": "Lib/site-packages/cryptography-38.0.1.dist-info/RECORD",
        "path_type": "hardlink",
        "sha256": "26530decc9a8dda48738ac598107778e960d84f4ca6b8acd0dce5e82b087a0f2",
        "sha256_in_prefix": "26530decc9a8dda48738ac598107778e960d84f4ca6b8acd0dce5e82b087a0f2",
        "size_in_bytes": 15912
      },
      {
        "_path": "Lib/site-packages/cryptography-38.0.1.dist-info/REQUESTED",
        "path_type": "hardlink",
        "sha256": "e3b0c44298fc1c149afbf4c8996fb92427ae41e4649b934ca495991b7852b855",
        "sha256_in_prefix": "e3b0c44298fc1c149afbf4c8996fb92427ae41e4649b934ca495991b7852b855",
        "size_in_bytes": 0
      },
      {
        "_path": "Lib/site-packages/cryptography-38.0.1.dist-info/WHEEL",
        "path_type": "hardlink",
        "sha256": "f85a83263a381eb92b21a4e1bed01879fd9e1009f5fd0bd57b99c83429d411b4",
        "sha256_in_prefix": "f85a83263a381eb92b21a4e1bed01879fd9e1009f5fd0bd57b99c83429d411b4",
        "size_in_bytes": 101
      },
      {
        "_path": "Lib/site-packages/cryptography-38.0.1.dist-info/direct_url.json",
        "path_type": "hardlink",
        "sha256": "cc2de50537f1b86e87d801416e63d82c0545dd10efdada4d011c369a2aba8ac7",
        "sha256_in_prefix": "cc2de50537f1b86e87d801416e63d82c0545dd10efdada4d011c369a2aba8ac7",
        "size_in_bytes": 92
      },
      {
        "_path": "Lib/site-packages/cryptography-38.0.1.dist-info/top_level.txt",
        "path_type": "hardlink",
        "sha256": "28d693f929f62b8bb135a11b7ba9987439f7a960cc969e32f8cb567c1ef79c97",
        "sha256_in_prefix": "28d693f929f62b8bb135a11b7ba9987439f7a960cc969e32f8cb567c1ef79c97",
        "size_in_bytes": 13
      },
      {
        "_path": "Lib/site-packages/cryptography/__about__.py",
        "path_type": "hardlink",
        "sha256": "857a4969ded61b2af92e69d6eb3496f94e9d03fe18c9f4b06aa88a9572cc1881",
        "sha256_in_prefix": "857a4969ded61b2af92e69d6eb3496f94e9d03fe18c9f4b06aa88a9572cc1881",
        "size_in_bytes": 417
      },
      {
        "_path": "Lib/site-packages/cryptography/__init__.py",
        "path_type": "hardlink",
        "sha256": "8f4f0908dfeefe6f1e2fecf16d747182cae25ba39edbda124a8fdeda1cb26ac8",
        "sha256_in_prefix": "8f4f0908dfeefe6f1e2fecf16d747182cae25ba39edbda124a8fdeda1cb26ac8",
        "size_in_bytes": 748
      },
      {
        "_path": "Lib/site-packages/cryptography/__pycache__/__about__.cpython-37.pyc",
        "path_type": "hardlink",
        "sha256": "f25fe78dfce225992aa80b728e48c9f9e1656b1479e38ea4b8258b7e36dcc4f9",
        "sha256_in_prefix": "f25fe78dfce225992aa80b728e48c9f9e1656b1479e38ea4b8258b7e36dcc4f9",
        "size_in_bytes": 333
      },
      {
        "_path": "Lib/site-packages/cryptography/__pycache__/__init__.cpython-37.pyc",
        "path_type": "hardlink",
        "sha256": "8da48f482ec828d0ed1231bbcc241051bc989d42a0d440f4b174fd2185df5382",
        "sha256_in_prefix": "8da48f482ec828d0ed1231bbcc241051bc989d42a0d440f4b174fd2185df5382",
        "size_in_bytes": 632
      },
      {
        "_path": "Lib/site-packages/cryptography/__pycache__/exceptions.cpython-37.pyc",
        "path_type": "hardlink",
        "sha256": "25ab6d5d21f9a2be6687cfc1e23cf62847cff02f776f3332a55913d846213ed0",
        "sha256_in_prefix": "25ab6d5d21f9a2be6687cfc1e23cf62847cff02f776f3332a55913d846213ed0",
        "size_in_bytes": 2532
      },
      {
        "_path": "Lib/site-packages/cryptography/__pycache__/fernet.cpython-37.pyc",
        "path_type": "hardlink",
        "sha256": "4720e61d05a65cfabc758ad7230eac4ecfa3618e11e9ab79c67dc4b927eff141",
        "sha256_in_prefix": "4720e61d05a65cfabc758ad7230eac4ecfa3618e11e9ab79c67dc4b927eff141",
        "size_in_bytes": 6451
      },
      {
        "_path": "Lib/site-packages/cryptography/__pycache__/utils.cpython-37.pyc",
        "path_type": "hardlink",
        "sha256": "325cc7489866da8a726cf92dc9a8aa9aa93435e7b37d01a60fd11d6942e5eeda",
        "sha256_in_prefix": "325cc7489866da8a726cf92dc9a8aa9aa93435e7b37d01a60fd11d6942e5eeda",
        "size_in_bytes": 5381
      },
      {
        "_path": "Lib/site-packages/cryptography/exceptions.py",
        "path_type": "hardlink",
        "sha256": "b0dfd555317f2ee28c33a47e948012145bb3026cf5b99d906dc764a3d5b24bae",
        "sha256_in_prefix": "b0dfd555317f2ee28c33a47e948012145bb3026cf5b99d906dc764a3d5b24bae",
        "size_in_bytes": 1471
      },
      {
        "_path": "Lib/site-packages/cryptography/fernet.py",
        "path_type": "hardlink",
        "sha256": "a511ff1ca9751120540530d871f1d393fe70df558f681e4c5b446e0e1afac5ad",
        "sha256_in_prefix": "a511ff1ca9751120540530d871f1d393fe70df558f681e4c5b446e0e1afac5ad",
        "size_in_bytes": 6843
      },
      {
        "_path": "Lib/site-packages/cryptography/hazmat/__init__.py",
        "path_type": "hardlink",
        "sha256": "39896f829af350bcd996c7f7c984ec77a554572426a6c6c78e025d367b324701",
        "sha256_in_prefix": "39896f829af350bcd996c7f7c984ec77a554572426a6c6c78e025d367b324701",
        "size_in_bytes": 418
      },
      {
        "_path": "Lib/site-packages/cryptography/hazmat/__pycache__/__init__.cpython-37.pyc",
        "path_type": "hardlink",
        "sha256": "c7953093142b8e1556252d57baa7192d882848170feaabb52d8fbca6cf536d92",
        "sha256_in_prefix": "c7953093142b8e1556252d57baa7192d882848170feaabb52d8fbca6cf536d92",
        "size_in_bytes": 379
      },
      {
        "_path": "Lib/site-packages/cryptography/hazmat/__pycache__/_oid.cpython-37.pyc",
        "path_type": "hardlink",
        "sha256": "eaf3037220c9827476e6b75d2d275965bff20db963d4d00049c82adc26b7c04d",
        "sha256_in_prefix": "eaf3037220c9827476e6b75d2d275965bff20db963d4d00049c82adc26b7c04d",
        "size_in_bytes": 9744
      },
      {
        "_path": "Lib/site-packages/cryptography/hazmat/_oid.py",
        "path_type": "hardlink",
        "sha256": "88cef5cba0635deed81251c6314f7680dbee91772b2227a3761cee424b219ae9",
        "sha256_in_prefix": "88cef5cba0635deed81251c6314f7680dbee91772b2227a3761cee424b219ae9",
        "size_in_bytes": 13635
      },
      {
        "_path": "Lib/site-packages/cryptography/hazmat/backends/__init__.py",
        "path_type": "hardlink",
        "sha256": "6e0ae3075497daf5d7fab99f1bb0383ea1a4abe8aca9055719a66d8d61c0823d",
        "sha256_in_prefix": "6e0ae3075497daf5d7fab99f1bb0383ea1a4abe8aca9055719a66d8d61c0823d",
        "size_in_bytes": 324
      },
      {
        "_path": "Lib/site-packages/cryptography/hazmat/backends/__pycache__/__init__.cpython-37.pyc",
        "path_type": "hardlink",
        "sha256": "d59827adfe112acd41f6333f1deaaf666715ae1218787436deb0552c552d46b9",
        "sha256_in_prefix": "d59827adfe112acd41f6333f1deaaf666715ae1218787436deb0552c552d46b9",
        "size_in_bytes": 381
      },
      {
        "_path": "Lib/site-packages/cryptography/hazmat/backends/openssl/__init__.py",
        "path_type": "hardlink",
        "sha256": "eeba73d59dde57dbd9cbf77688baf00bc3b3d2f12bb8316b8c995ce96d990d70",
        "sha256_in_prefix": "eeba73d59dde57dbd9cbf77688baf00bc3b3d2f12bb8316b8c995ce96d990d70",
        "size_in_bytes": 271
      },
      {
        "_path": "Lib/site-packages/cryptography/hazmat/backends/openssl/__pycache__/__init__.cpython-37.pyc",
        "path_type": "hardlink",
        "sha256": "674005592db5627c9d70e613332a71e5e6edd53a0deea2353d6eabb8cdc98335",
        "sha256_in_prefix": "674005592db5627c9d70e613332a71e5e6edd53a0deea2353d6eabb8cdc98335",
        "size_in_bytes": 251
      },
      {
        "_path": "Lib/site-packages/cryptography/hazmat/backends/openssl/__pycache__/aead.cpython-37.pyc",
        "path_type": "hardlink",
        "sha256": "e161eb5b7fa06971344fceabe22db408b9f153f0c3c2e2b2f2d1a8d75ccef8c3",
        "sha256_in_prefix": "e161eb5b7fa06971344fceabe22db408b9f153f0c3c2e2b2f2d1a8d75ccef8c3",
        "size_in_bytes": 4991
      },
      {
        "_path": "Lib/site-packages/cryptography/hazmat/backends/openssl/__pycache__/backend.cpython-37.pyc",
        "path_type": "hardlink",
        "sha256": "794da70fd8c0be9e0a8b1167e1341122ac19e2daf2ceb1a952a3955a8c68a0ee",
        "sha256_in_prefix": "794da70fd8c0be9e0a8b1167e1341122ac19e2daf2ceb1a952a3955a8c68a0ee",
        "size_in_bytes": 66045
      },
      {
        "_path": "Lib/site-packages/cryptography/hazmat/backends/openssl/__pycache__/ciphers.cpython-37.pyc",
        "path_type": "hardlink",
        "sha256": "b442506c48e38697ff60709866833447ee78f75a4fe83dd270ca632de62bef35",
        "sha256_in_prefix": "b442506c48e38697ff60709866833447ee78f75a4fe83dd270ca632de62bef35",
        "size_in_bytes": 6340
      },
      {
        "_path": "Lib/site-packages/cryptography/hazmat/backends/openssl/__pycache__/cmac.cpython-37.pyc",
        "path_type": "hardlink",
        "sha256": "c5c13bf3b17229d7d2bba3a424cea8a92cbce2c0c7dff33569f39f2d9c623cd0",
        "sha256_in_prefix": "c5c13bf3b17229d7d2bba3a424cea8a92cbce2c0c7dff33569f39f2d9c623cd0",
        "size_in_bytes": 2647
      },
      {
        "_path": "Lib/site-packages/cryptography/hazmat/backends/openssl/__pycache__/decode_asn1.cpython-37.pyc",
        "path_type": "hardlink",
        "sha256": "cc2e98115e93d5ed91d09606a4514c3db9fb606188c0e50da4b44707c9af508a",
        "sha256_in_prefix": "cc2e98115e93d5ed91d09606a4514c3db9fb606188c0e50da4b44707c9af508a",
        "size_in_bytes": 563
      },
      {
        "_path": "Lib/site-packages/cryptography/hazmat/backends/openssl/__pycache__/dh.cpython-37.pyc",
        "path_type": "hardlink",
        "sha256": "3fc969080570d820979272650ad647012fe84fcd7fb6726705d1b87b5228fb24",
        "sha256_in_prefix": "3fc969080570d820979272650ad647012fe84fcd7fb6726705d1b87b5228fb24",
        "size_in_bytes": 9101
      },
      {
        "_path": "Lib/site-packages/cryptography/hazmat/backends/openssl/__pycache__/dsa.cpython-37.pyc",
        "path_type": "hardlink",
        "sha256": "84dffb2073f238b954de26bdf8d8a3b3661243e8637c93b245722e8b28ff6454",
        "sha256_in_prefix": "84dffb2073f238b954de26bdf8d8a3b3661243e8637c93b245722e8b28ff6454",
        "size_in_bytes": 7251
      },
      {
        "_path": "Lib/site-packages/cryptography/hazmat/backends/openssl/__pycache__/ec.cpython-37.pyc",
        "path_type": "hardlink",
        "sha256": "0fc1efd2dc5acba736000d66b0d79b0822ec13797f2eb6ae3273df8137f6467e",
        "sha256_in_prefix": "0fc1efd2dc5acba736000d66b0d79b0822ec13797f2eb6ae3273df8137f6467e",
        "size_in_bytes": 8929
      },
      {
        "_path": "Lib/site-packages/cryptography/hazmat/backends/openssl/__pycache__/ed25519.cpython-37.pyc",
        "path_type": "hardlink",
        "sha256": "90051bd31e9917de2dac408d431e3597dd90ced06eb078cbb39f0ee4abf6b929",
        "sha256_in_prefix": "90051bd31e9917de2dac408d431e3597dd90ced06eb078cbb39f0ee4abf6b929",
        "size_in_bytes": 4546
      },
      {
        "_path": "Lib/site-packages/cryptography/hazmat/backends/openssl/__pycache__/ed448.cpython-37.pyc",
        "path_type": "hardlink",
        "sha256": "ba4b21a377e5df484ab3ac0550bfb55116f0beca85730d7c7602aa4be5ebed34",
        "sha256_in_prefix": "ba4b21a377e5df484ab3ac0550bfb55116f0beca85730d7c7602aa4be5ebed34",
        "size_in_bytes": 4514
      },
      {
        "_path": "Lib/site-packages/cryptography/hazmat/backends/openssl/__pycache__/hashes.cpython-37.pyc",
        "path_type": "hardlink",
        "sha256": "35e9139b8a0d35c82bbf1f4a5bc85151a74f64ba534c61cc8d36e5020243d74b",
        "sha256_in_prefix": "35e9139b8a0d35c82bbf1f4a5bc85151a74f64ba534c61cc8d36e5020243d74b",
        "size_in_bytes": 2758
      },
      {
        "_path": "Lib/site-packages/cryptography/hazmat/backends/openssl/__pycache__/hmac.cpython-37.pyc",
        "path_type": "hardlink",
        "sha256": "095fd4bef888f852559929a2c21c6d5eda597e02bcedf5b08a4fab21bd0ed424",
        "sha256_in_prefix": "095fd4bef888f852559929a2c21c6d5eda597e02bcedf5b08a4fab21bd0ed424",
        "size_in_bytes": 2739
      },
      {
        "_path": "Lib/site-packages/cryptography/hazmat/backends/openssl/__pycache__/poly1305.cpython-37.pyc",
        "path_type": "hardlink",
        "sha256": "43c05e820d135d9361ebbf21993c8fcf25ebaa30e5ddf6e2d323544e1978600b",
        "sha256_in_prefix": "43c05e820d135d9361ebbf21993c8fcf25ebaa30e5ddf6e2d323544e1978600b",
        "size_in_bytes": 2171
      },
      {
        "_path": "Lib/site-packages/cryptography/hazmat/backends/openssl/__pycache__/rsa.cpython-37.pyc",
        "path_type": "hardlink",
        "sha256": "5a0e2872897c4ce3c3dc61b3d706b007e41be3f14c0187ea7633a6da12ac0d9f",
        "sha256_in_prefix": "5a0e2872897c4ce3c3dc61b3d706b007e41be3f14c0187ea7633a6da12ac0d9f",
        "size_in_bytes": 13313
      },
      {
        "_path": "Lib/site-packages/cryptography/hazmat/backends/openssl/__pycache__/utils.cpython-37.pyc",
        "path_type": "hardlink",
        "sha256": "6f81d346d6bcd57614156f03a8a1f9b8febb8f14a083d368be54fac4aabf00f0",
        "sha256_in_prefix": "6f81d346d6bcd57614156f03a8a1f9b8febb8f14a083d368be54fac4aabf00f0",
        "size_in_bytes": 1655
      },
      {
        "_path": "Lib/site-packages/cryptography/hazmat/backends/openssl/__pycache__/x25519.cpython-37.pyc",
        "path_type": "hardlink",
        "sha256": "d4fcca69209ddd73eedf6d602ccf3e2322fa8b793e69d8f121eab492c65260fb",
        "sha256_in_prefix": "d4fcca69209ddd73eedf6d602ccf3e2322fa8b793e69d8f121eab492c65260fb",
        "size_in_bytes": 3756
      },
      {
        "_path": "Lib/site-packages/cryptography/hazmat/backends/openssl/__pycache__/x448.cpython-37.pyc",
        "path_type": "hardlink",
        "sha256": "30db15dd8c974dfc983175516a45f9cb4ec4e9340b7dcfe9471c93f88b8be2d9",
        "sha256_in_prefix": "30db15dd8c974dfc983175516a45f9cb4ec4e9340b7dcfe9471c93f88b8be2d9",
        "size_in_bytes": 3676
      },
      {
        "_path": "Lib/site-packages/cryptography/hazmat/backends/openssl/__pycache__/x509.cpython-37.pyc",
        "path_type": "hardlink",
        "sha256": "9a2257d63d416d6af5c27d104bdbd9b9d20f70ed16fc3ae0c04eef57b6caadd9",
        "sha256_in_prefix": "9a2257d63d416d6af5c27d104bdbd9b9d20f70ed16fc3ae0c04eef57b6caadd9",
        "size_in_bytes": 1171
      },
      {
        "_path": "Lib/site-packages/cryptography/hazmat/backends/openssl/aead.py",
        "path_type": "hardlink",
        "sha256": "d46012cab24f3bc6be9833d34fb5496573dbff4cc476b916f96bbfaf157ee914",
        "sha256_in_prefix": "d46012cab24f3bc6be9833d34fb5496573dbff4cc476b916f96bbfaf157ee914",
        "size_in_bytes": 8442
      },
      {
        "_path": "Lib/site-packages/cryptography/hazmat/backends/openssl/backend.py",
        "path_type": "hardlink",
        "sha256": "a5f8c18d81f598cd15ed074792ca32788e204a1153292f4c91c362011e4a9d8f",
        "sha256_in_prefix": "a5f8c18d81f598cd15ed074792ca32788e204a1153292f4c91c362011e4a9d8f",
        "size_in_bytes": 101175
      },
      {
        "_path": "Lib/site-packages/cryptography/hazmat/backends/openssl/ciphers.py",
        "path_type": "hardlink",
        "sha256": "9f7aeb3d0662d5b94904aa8859e306ebe53a613bc46fcad71902a7f22fa41688",
        "sha256_in_prefix": "9f7aeb3d0662d5b94904aa8859e306ebe53a613bc46fcad71902a7f22fa41688",
        "size_in_bytes": 10342
      },
      {
        "_path": "Lib/site-packages/cryptography/hazmat/backends/openssl/cmac.py",
        "path_type": "hardlink",
        "sha256": "2b9f92d07ef6287647f963c07072f98c2b5c372a0165231eed59b11a7f3f5560",
        "sha256_in_prefix": "2b9f92d07ef6287647f963c07072f98c2b5c372a0165231eed59b11a7f3f5560",
        "size_in_bytes": 3005
      },
      {
        "_path": "Lib/site-packages/cryptography/hazmat/backends/openssl/decode_asn1.py",
        "path_type": "hardlink",
        "sha256": "9d2aad80ee4c2557ff51492fc3db5ecf5d338469ec187ab6e0e3f55f618a39ee",
        "sha256_in_prefix": "9d2aad80ee4c2557ff51492fc3db5ecf5d338469ec187ab6e0e3f55f618a39ee",
        "size_in_bytes": 1113
      },
      {
        "_path": "Lib/site-packages/cryptography/hazmat/backends/openssl/dh.py",
        "path_type": "hardlink",
        "sha256": "f5fc0fa2b753a042d391e27e73b4ee3bd362135bdf5017a39364045196efa38b",
        "sha256_in_prefix": "f5fc0fa2b753a042d391e27e73b4ee3bd362135bdf5017a39364045196efa38b",
        "size_in_bytes": 12230
      },
      {
        "_path": "Lib/site-packages/cryptography/hazmat/backends/openssl/dsa.py",
        "path_type": "hardlink",
        "sha256": "6b07cff34ca401f6f80bf23e68ea3e3e7194d4317ab9ff1b9c48be8e5775f1e7",
        "sha256_in_prefix": "6b07cff34ca401f6f80bf23e68ea3e3e7194d4317ab9ff1b9c48be8e5775f1e7",
        "size_in_bytes": 8888
      },
      {
        "_path": "Lib/site-packages/cryptography/hazmat/backends/openssl/ec.py",
        "path_type": "hardlink",
        "sha256": "920c705b9d3c1535c3c061beee94b2c012e520264a29fa386dc4c79cda6cbc96",
        "sha256_in_prefix": "920c705b9d3c1535c3c061beee94b2c012e520264a29fa386dc4c79cda6cbc96",
        "size_in_bytes": 11103
      },
      {
        "_path": "Lib/site-packages/cryptography/hazmat/backends/openssl/ed25519.py",
        "path_type": "hardlink",
        "sha256": "8ab1d3fa349ba5334c307ab0e53f3ce6ecc08b74b27f791a687b939ca8103d28",
        "sha256_in_prefix": "8ab1d3fa349ba5334c307ab0e53f3ce6ecc08b74b27f791a687b939ca8103d28",
        "size_in_bytes": 5920
      },
      {
        "_path": "Lib/site-packages/cryptography/hazmat/backends/openssl/ed448.py",
        "path_type": "hardlink",
        "sha256": "2bc1c31225e5f7c40627ee25953e125597f9fb17bc682b9c8b4d039197f4961c",
        "sha256_in_prefix": "2bc1c31225e5f7c40627ee25953e125597f9fb17bc682b9c8b4d039197f4961c",
        "size_in_bytes": 5874
      },
      {
        "_path": "Lib/site-packages/cryptography/hazmat/backends/openssl/hashes.py",
        "path_type": "hardlink",
        "sha256": "dcbe5b9023a8d8b6d14953462dc6bff6ba42676cdbf08481acc2edb6cd41904c",
        "sha256_in_prefix": "dcbe5b9023a8d8b6d14953462dc6bff6ba42676cdbf08481acc2edb6cd41904c",
        "size_in_bytes": 3241
      },
      {
        "_path": "Lib/site-packages/cryptography/hazmat/backends/openssl/hmac.py",
        "path_type": "hardlink",
        "sha256": "f515fc6e8f72c0989ebe8a1dc639aa097983da2516c87da3066c3bf076fea4e6",
        "sha256_in_prefix": "f515fc6e8f72c0989ebe8a1dc639aa097983da2516c87da3066c3bf076fea4e6",
        "size_in_bytes": 3095
      },
      {
        "_path": "Lib/site-packages/cryptography/hazmat/backends/openssl/poly1305.py",
        "path_type": "hardlink",
        "sha256": "feac8609735a415085a5ad6a8dbffd52db08ea59a7922ff5e496dce6f8a16de1",
        "sha256_in_prefix": "feac8609735a415085a5ad6a8dbffd52db08ea59a7922ff5e496dce6f8a16de1",
        "size_in_bytes": 2514
      },
      {
        "_path": "Lib/site-packages/cryptography/hazmat/backends/openssl/rsa.py",
        "path_type": "hardlink",
        "sha256": "476aa9bc96e41e6c7d00724744abd4edcad8c7b0416e9020120f1b09f411a8b4",
        "sha256_in_prefix": "476aa9bc96e41e6c7d00724744abd4edcad8c7b0416e9020120f1b09f411a8b4",
        "size_in_bytes": 21562
      },
      {
        "_path": "Lib/site-packages/cryptography/hazmat/backends/openssl/utils.py",
        "path_type": "hardlink",
        "sha256": "ec0adaf352a46344022cfa96ea4506f5d12ca79d9c67790e509733c04a5e709d",
        "sha256_in_prefix": "ec0adaf352a46344022cfa96ea4506f5d12ca79d9c67790e509733c04a5e709d",
        "size_in_bytes": 1977
      },
      {
        "_path": "Lib/site-packages/cryptography/hazmat/backends/openssl/x25519.py",
        "path_type": "hardlink",
        "sha256": "a00fdaa38a36ee48bf380c7451735e23622d67ce1783f962ec8b750f1165ad9d",
        "sha256_in_prefix": "a00fdaa38a36ee48bf380c7451735e23622d67ce1783f962ec8b750f1165ad9d",
        "size_in_bytes": 4753
      },
      {
        "_path": "Lib/site-packages/cryptography/hazmat/backends/openssl/x448.py",
        "path_type": "hardlink",
        "sha256": "6bfce0a86529185bf2284a0a451d6f80d743fe0935831198a41a756bac7d1ee1",
        "sha256_in_prefix": "6bfce0a86529185bf2284a0a451d6f80d743fe0935831198a41a756bac7d1ee1",
        "size_in_bytes": 4338
      },
      {
        "_path": "Lib/site-packages/cryptography/hazmat/backends/openssl/x509.py",
        "path_type": "hardlink",
        "sha256": "594a110ba50333d16439d9fac51e4c93ebff582abb789af27a718df678bc2fe0",
        "sha256_in_prefix": "594a110ba50333d16439d9fac51e4c93ebff582abb789af27a718df678bc2fe0",
        "size_in_bytes": 1452
      },
      {
        "_path": "Lib/site-packages/cryptography/hazmat/bindings/__init__.py",
        "path_type": "hardlink",
        "sha256": "b3da0a090db2705757a0445d4b58a669fb9e4a406c2fd92f6f27e085a6ae67d6",
        "sha256_in_prefix": "b3da0a090db2705757a0445d4b58a669fb9e4a406c2fd92f6f27e085a6ae67d6",
        "size_in_bytes": 180
      },
      {
        "_path": "Lib/site-packages/cryptography/hazmat/bindings/__pycache__/__init__.cpython-37.pyc",
        "path_type": "hardlink",
        "sha256": "c17711542ba267270be0b8fab7e6b4f0af930fc40c79c4c7a8af6435fa7c38e2",
        "sha256_in_prefix": "c17711542ba267270be0b8fab7e6b4f0af930fc40c79c4c7a8af6435fa7c38e2",
        "size_in_bytes": 145
      },
      {
        "_path": "Lib/site-packages/cryptography/hazmat/bindings/_openssl.pyd",
        "path_type": "hardlink",
        "sha256": "d013a0fea76b43bd485f1053cdf02a665708104154f616dba157e78e7af6eca3",
        "sha256_in_prefix": "d013a0fea76b43bd485f1053cdf02a665708104154f616dba157e78e7af6eca3",
        "size_in_bytes": 550912
      },
      {
        "_path": "Lib/site-packages/cryptography/hazmat/bindings/_openssl.pyi",
        "path_type": "hardlink",
        "sha256": "9a93492ee60b6c256b7798b7dc5053996c0bff9e43c3b24f9122e5497f50ee82",
        "sha256_in_prefix": "9a93492ee60b6c256b7798b7dc5053996c0bff9e43c3b24f9122e5497f50ee82",
        "size_in_bytes": 230
      },
      {
        "_path": "Lib/site-packages/cryptography/hazmat/bindings/_rust.pyd",
        "path_type": "hardlink",
        "sha256": "72f26030183d42ca88c3ce313346ff1ab1ee25e2f8870303ab44cdae1e755215",
        "sha256_in_prefix": "72f26030183d42ca88c3ce313346ff1ab1ee25e2f8870303ab44cdae1e755215",
        "size_in_bytes": 1748480
      },
      {
        "_path": "Lib/site-packages/cryptography/hazmat/bindings/_rust/__init__.pyi",
        "path_type": "hardlink",
        "sha256": "1b3b4d24f68959e8f5f1fc5b99252f1b2fb7fe0e237bcb27ebefa39cf71a33d7",
        "sha256_in_prefix": "1b3b4d24f68959e8f5f1fc5b99252f1b2fb7fe0e237bcb27ebefa39cf71a33d7",
        "size_in_bytes": 859
      },
      {
        "_path": "Lib/site-packages/cryptography/hazmat/bindings/_rust/asn1.pyi",
        "path_type": "hardlink",
        "sha256": "f42c88fa0aceb0b401fe17e78493e81bd74d39d27b660e81d22529cc2a30878e",
        "sha256_in_prefix": "f42c88fa0aceb0b401fe17e78493e81bd74d39d27b660e81d22529cc2a30878e",
        "size_in_bytes": 592
      },
      {
        "_path": "Lib/site-packages/cryptography/hazmat/bindings/_rust/ocsp.pyi",
        "path_type": "hardlink",
        "sha256": "fab6c31b631c10ec8a75b2cb0826492d9a6debe570ef2e9186db66a97977d03b",
        "sha256_in_prefix": "fab6c31b631c10ec8a75b2cb0826492d9a6debe570ef2e9186db66a97977d03b",
        "size_in_bytes": 949
      },
      {
        "_path": "Lib/site-packages/cryptography/hazmat/bindings/_rust/x509.pyi",
        "path_type": "hardlink",
        "sha256": "8f1d977df62c1cd07f09cf9ebcb9e53377e5b8cb93dff2f66c2ffe651fa6c1e9",
        "sha256_in_prefix": "8f1d977df62c1cd07f09cf9ebcb9e53377e5b8cb93dff2f66c2ffe651fa6c1e9",
        "size_in_bytes": 1678
      },
      {
        "_path": "Lib/site-packages/cryptography/hazmat/bindings/openssl/__init__.py",
        "path_type": "hardlink",
        "sha256": "b3da0a090db2705757a0445d4b58a669fb9e4a406c2fd92f6f27e085a6ae67d6",
        "sha256_in_prefix": "b3da0a090db2705757a0445d4b58a669fb9e4a406c2fd92f6f27e085a6ae67d6",
        "size_in_bytes": 180
      },
      {
        "_path": "Lib/site-packages/cryptography/hazmat/bindings/openssl/__pycache__/__init__.cpython-37.pyc",
        "path_type": "hardlink",
        "sha256": "9a8abd140c5accfd2f989424c313ec992854399fcc9bc2a64c21d1f0a49f195c",
        "sha256_in_prefix": "9a8abd140c5accfd2f989424c313ec992854399fcc9bc2a64c21d1f0a49f195c",
        "size_in_bytes": 153
      },
      {
        "_path": "Lib/site-packages/cryptography/hazmat/bindings/openssl/__pycache__/_conditional.cpython-37.pyc",
        "path_type": "hardlink",
        "sha256": "da1439b6033c58ffa2fbbb5ad8c25c644b51e95e5a78862b5ed3f34bf002c0ce",
        "sha256_in_prefix": "da1439b6033c58ffa2fbbb5ad8c25c644b51e95e5a78862b5ed3f34bf002c0ce",
        "size_in_bytes": 10381
      },
      {
        "_path": "Lib/site-packages/cryptography/hazmat/bindings/openssl/__pycache__/binding.cpython-37.pyc",
        "path_type": "hardlink",
        "sha256": "307ff1e9b96d7f1bf5df68c00ed618923c7fc79f68b5422f46b9fe3c01ab0055",
        "sha256_in_prefix": "307ff1e9b96d7f1bf5df68c00ed618923c7fc79f68b5422f46b9fe3c01ab0055",
        "size_in_bytes": 6318
      },
      {
        "_path": "Lib/site-packages/cryptography/hazmat/bindings/openssl/_conditional.py",
        "path_type": "hardlink",
        "sha256": "bac8b2f501c291bb3e82bc39be9cd436f24bac6a6d0a97af9efa9c37fea47ec5",
        "sha256_in_prefix": "bac8b2f501c291bb3e82bc39be9cd436f24bac6a6d0a97af9efa9c37fea47ec5",
        "size_in_bytes": 10667
      },
      {
        "_path": "Lib/site-packages/cryptography/hazmat/bindings/openssl/binding.py",
        "path_type": "hardlink",
        "sha256": "b9b781de98a209c007068ba91ab7fa430b59db3859bfbbd8e6a9fbc962f0e12f",
        "sha256_in_prefix": "b9b781de98a209c007068ba91ab7fa430b59db3859bfbbd8e6a9fbc962f0e12f",
        "size_in_bytes": 8023
      },
      {
        "_path": "Lib/site-packages/cryptography/hazmat/primitives/__init__.py",
        "path_type": "hardlink",
        "sha256": "b3da0a090db2705757a0445d4b58a669fb9e4a406c2fd92f6f27e085a6ae67d6",
        "sha256_in_prefix": "b3da0a090db2705757a0445d4b58a669fb9e4a406c2fd92f6f27e085a6ae67d6",
        "size_in_bytes": 180
      },
      {
        "_path": "Lib/site-packages/cryptography/hazmat/primitives/__pycache__/__init__.cpython-37.pyc",
        "path_type": "hardlink",
        "sha256": "bafff0f79f31c6f875a6d38bf735830992f63469cd4df1f0eb3f85e533851abf",
        "sha256_in_prefix": "bafff0f79f31c6f875a6d38bf735830992f63469cd4df1f0eb3f85e533851abf",
        "size_in_bytes": 147
      },
      {
        "_path": "Lib/site-packages/cryptography/hazmat/primitives/__pycache__/_asymmetric.cpython-37.pyc",
        "path_type": "hardlink",
        "sha256": "8457397e73dc37b617e8dd5e47e0326835159bdf5191bcb91b3e7e05c83b6bac",
        "sha256_in_prefix": "8457397e73dc37b617e8dd5e47e0326835159bdf5191bcb91b3e7e05c83b6bac",
        "size_in_bytes": 591
      },
      {
        "_path": "Lib/site-packages/cryptography/hazmat/primitives/__pycache__/_cipheralgorithm.cpython-37.pyc",
        "path_type": "hardlink",
        "sha256": "bccdee4e16dca1216ec88c51b1edeb193061ed2cbb5d9805b256a08b472e2b81",
        "sha256_in_prefix": "bccdee4e16dca1216ec88c51b1edeb193061ed2cbb5d9805b256a08b472e2b81",
        "size_in_bytes": 1493
      },
      {
        "_path": "Lib/site-packages/cryptography/hazmat/primitives/__pycache__/_serialization.cpython-37.pyc",
        "path_type": "hardlink",
        "sha256": "a2b45d155803765dfc2492719ab13f9b5a748f98c5c6aaacff8a1de5c1ea3d38",
        "sha256_in_prefix": "a2b45d155803765dfc2492719ab13f9b5a748f98c5c6aaacff8a1de5c1ea3d38",
        "size_in_bytes": 5184
      },
      {
        "_path": "Lib/site-packages/cryptography/hazmat/primitives/__pycache__/cmac.cpython-37.pyc",
        "path_type": "hardlink",
        "sha256": "c24fa7949118819916acbdf250cbeba92d01c0abb105828b5335ab7c0af06fc2",
        "sha256_in_prefix": "c24fa7949118819916acbdf250cbeba92d01c0abb105828b5335ab7c0af06fc2",
        "size_in_bytes": 2073
      },
      {
        "_path": "Lib/site-packages/cryptography/hazmat/primitives/__pycache__/constant_time.cpython-37.pyc",
        "path_type": "hardlink",
        "sha256": "5cf72a1c3a7fb4c6e721d0a6b4cf6a31cc54b59aa4f95f39a48be706ed4bc2ca",
        "sha256_in_prefix": "5cf72a1c3a7fb4c6e721d0a6b4cf6a31cc54b59aa4f95f39a48be706ed4bc2ca",
        "size_in_bytes": 423
      },
      {
        "_path": "Lib/site-packages/cryptography/hazmat/primitives/__pycache__/hashes.cpython-37.pyc",
        "path_type": "hardlink",
        "sha256": "ca153e1e45c4a1415b5c3089a4c49690bd8331e7448a9f123f7cec9a90b05d8d",
        "sha256_in_prefix": "ca153e1e45c4a1415b5c3089a4c49690bd8331e7448a9f123f7cec9a90b05d8d",
        "size_in_bytes": 8487
      },
      {
        "_path": "Lib/site-packages/cryptography/hazmat/primitives/__pycache__/hmac.cpython-37.pyc",
        "path_type": "hardlink",
        "sha256": "05610ba752cc80884900d41c92d99d9cf09de77ab642ef61078ccb03ad9bfbca",
        "sha256_in_prefix": "05610ba752cc80884900d41c92d99d9cf09de77ab642ef61078ccb03ad9bfbca",
        "size_in_bytes": 2225
      },
      {
        "_path": "Lib/site-packages/cryptography/hazmat/primitives/__pycache__/keywrap.cpython-37.pyc",
        "path_type": "hardlink",
        "sha256": "194365e29c57ce8fd9ff6e32b0efa86b950d37f5a96267198c7ba01334d750af",
        "sha256_in_prefix": "194365e29c57ce8fd9ff6e32b0efa86b950d37f5a96267198c7ba01334d750af",
        "size_in_bytes": 4796
      },
      {
        "_path": "Lib/site-packages/cryptography/hazmat/primitives/__pycache__/padding.cpython-37.pyc",
        "path_type": "hardlink",
        "sha256": "66bda365433884c0c82b2e2fc9afb41e81905b4c572a7e9063ab42ae51dde326",
        "sha256_in_prefix": "66bda365433884c0c82b2e2fc9afb41e81905b4c572a7e9063ab42ae51dde326",
        "size_in_bytes": 7229
      },
      {
        "_path": "Lib/site-packages/cryptography/hazmat/primitives/__pycache__/poly1305.cpython-37.pyc",
        "path_type": "hardlink",
        "sha256": "8184cacbd4ccc9139f8926505bd21d94b0fea140fdbef6a8c76eaed58063844a",
        "sha256_in_prefix": "8184cacbd4ccc9139f8926505bd21d94b0fea140fdbef6a8c76eaed58063844a",
        "size_in_bytes": 2202
      },
      {
        "_path": "Lib/site-packages/cryptography/hazmat/primitives/_asymmetric.py",
        "path_type": "hardlink",
        "sha256": "9d52709b191a922ac05df169e35d290b8918fc28a7ccde45489c21127d88137e",
        "sha256_in_prefix": "9d52709b191a922ac05df169e35d290b8918fc28a7ccde45489c21127d88137e",
        "size_in_bytes": 485
      },
      {
        "_path": "Lib/site-packages/cryptography/hazmat/primitives/_cipheralgorithm.py",
        "path_type": "hardlink",
        "sha256": "cddecdf2b05859a7fcb4f33b183b59f6f5206ab2bf3f4fcf50d0858b7034bb47",
        "sha256_in_prefix": "cddecdf2b05859a7fcb4f33b183b59f6f5206ab2bf3f4fcf50d0858b7034bb47",
        "size_in_bytes": 1016
      },
      {
        "_path": "Lib/site-packages/cryptography/hazmat/primitives/_serialization.py",
        "path_type": "hardlink",
        "sha256": "1ecb01b089b7acd54f72dd676530022736f299973659a64059d920d65e6c943d",
        "sha256_in_prefix": "1ecb01b089b7acd54f72dd676530022736f299973659a64059d920d65e6c943d",
        "size_in_bytes": 5196
      },
      {
        "_path": "Lib/site-packages/cryptography/hazmat/primitives/asymmetric/__init__.py",
        "path_type": "hardlink",
        "sha256": "b3da0a090db2705757a0445d4b58a669fb9e4a406c2fd92f6f27e085a6ae67d6",
        "sha256_in_prefix": "b3da0a090db2705757a0445d4b58a669fb9e4a406c2fd92f6f27e085a6ae67d6",
        "size_in_bytes": 180
      },
      {
        "_path": "Lib/site-packages/cryptography/hazmat/primitives/asymmetric/__pycache__/__init__.cpython-37.pyc",
        "path_type": "hardlink",
        "sha256": "08e5bfc9b46c319caa9f9ff589ae74bea1b29b3eb1b9995d4efe883776d5c392",
        "sha256_in_prefix": "08e5bfc9b46c319caa9f9ff589ae74bea1b29b3eb1b9995d4efe883776d5c392",
        "size_in_bytes": 158
      },
      {
        "_path": "Lib/site-packages/cryptography/hazmat/primitives/asymmetric/__pycache__/dh.cpython-37.pyc",
        "path_type": "hardlink",
        "sha256": "6b262fc23e63248980c3a2e9438ad8a09296573702e3721ce354ef26902fc7fe",
        "sha256_in_prefix": "6b262fc23e63248980c3a2e9438ad8a09296573702e3721ce354ef26902fc7fe",
        "size_in_bytes": 8225
      },
      {
        "_path": "Lib/site-packages/cryptography/hazmat/primitives/asymmetric/__pycache__/dsa.cpython-37.pyc",
        "path_type": "hardlink",
        "sha256": "80addefdd365cc40a30635a550b43d045d4a9eb5dad36edc885f8ad71dd3e2b4",
        "sha256_in_prefix": "80addefdd365cc40a30635a550b43d045d4a9eb5dad36edc885f8ad71dd3e2b4",
        "size_in_bytes": 9570
      },
      {
        "_path": "Lib/site-packages/cryptography/hazmat/primitives/asymmetric/__pycache__/ec.cpython-37.pyc",
        "path_type": "hardlink",
        "sha256": "35523a8bca1b8b8434669378df6f967e024d57f0b8915f9e94be24b0f62defc7",
        "sha256_in_prefix": "35523a8bca1b8b8434669378df6f967e024d57f0b8915f9e94be24b0f62defc7",
        "size_in_bytes": 16316
      },
      {
        "_path": "Lib/site-packages/cryptography/hazmat/primitives/asymmetric/__pycache__/ed25519.cpython-37.pyc",
        "path_type": "hardlink",
        "sha256": "d1183d4c432cfccbbcfdbd5fa9d8f01d476581158cedc384291b7e9b1139de79",
        "sha256_in_prefix": "d1183d4c432cfccbbcfdbd5fa9d8f01d476581158cedc384291b7e9b1139de79",
        "size_in_bytes": 3086
      },
      {
        "_path": "Lib/site-packages/cryptography/hazmat/primitives/asymmetric/__pycache__/ed448.cpython-37.pyc",
        "path_type": "hardlink",
        "sha256": "879e234151a06403e4b5468c8e78bfaf7fe3861149e59084e12c2cae02ed107c",
        "sha256_in_prefix": "879e234151a06403e4b5468c8e78bfaf7fe3861149e59084e12c2cae02ed107c",
        "size_in_bytes": 2988
      },
      {
        "_path": "Lib/site-packages/cryptography/hazmat/primitives/asymmetric/__pycache__/padding.cpython-37.pyc",
        "path_type": "hardlink",
        "sha256": "692888cd18055ef42bf97f12ec1fed8ca40649998d7f90ddaf33a0273ad7c0ed",
        "sha256_in_prefix": "692888cd18055ef42bf97f12ec1fed8ca40649998d7f90ddaf33a0273ad7c0ed",
        "size_in_bytes": 3350
      },
      {
        "_path": "Lib/site-packages/cryptography/hazmat/primitives/asymmetric/__pycache__/rsa.cpython-37.pyc",
        "path_type": "hardlink",
        "sha256": "0ef1a3329bd7651fc447c9723385763390c6d23560f108acfb5a3b350bcb8f94",
        "sha256_in_prefix": "0ef1a3329bd7651fc447c9723385763390c6d23560f108acfb5a3b350bcb8f94",
        "size_in_bytes": 11547
      },
      {
        "_path": "Lib/site-packages/cryptography/hazmat/primitives/asymmetric/__pycache__/types.cpython-37.pyc",
        "path_type": "hardlink",
        "sha256": "97bc6970d5292e5ce16f737ee49c7993d280776765119f4cd2b4b12621ab49fb",
        "sha256_in_prefix": "97bc6970d5292e5ce16f737ee49c7993d280776765119f4cd2b4b12621ab49fb",
        "size_in_bytes": 1018
      },
      {
        "_path": "Lib/site-packages/cryptography/hazmat/primitives/asymmetric/__pycache__/utils.cpython-37.pyc",
        "path_type": "hardlink",
        "sha256": "430dc2a86b77a31d74ec6f0f848a76f6604f81352603bc9d889d5fc5a714cf1f",
        "sha256_in_prefix": "430dc2a86b77a31d74ec6f0f848a76f6604f81352603bc9d889d5fc5a714cf1f",
        "size_in_bytes": 953
      },
      {
        "_path": "Lib/site-packages/cryptography/hazmat/primitives/asymmetric/__pycache__/x25519.cpython-37.pyc",
        "path_type": "hardlink",
        "sha256": "954cdc90bae3edda3a00a5a43ac84a4d8d99e6190579241aaafc14997e743a17",
        "sha256_in_prefix": "954cdc90bae3edda3a00a5a43ac84a4d8d99e6190579241aaafc14997e743a17",
        "size_in_bytes": 2873
      },
      {
        "_path": "Lib/site-packages/cryptography/hazmat/primitives/asymmetric/__pycache__/x448.cpython-37.pyc",
        "path_type": "hardlink",
        "sha256": "720c9505ea4e4816a8b3bcb5f57a042caeaf311f144a18b893af17d56ead77b6",
        "sha256_in_prefix": "720c9505ea4e4816a8b3bcb5f57a042caeaf311f144a18b893af17d56ead77b6",
        "size_in_bytes": 2839
      },
      {
        "_path": "Lib/site-packages/cryptography/hazmat/primitives/asymmetric/dh.py",
        "path_type": "hardlink",
        "sha256": "a638e0285727d9b08068bff9cebd328305ccf291c917200eea4a09164ce141bf",
        "sha256_in_prefix": "a638e0285727d9b08068bff9cebd328305ccf291c917200eea4a09164ce141bf",
        "size_in_bytes": 6604
      },
      {
        "_path": "Lib/site-packages/cryptography/hazmat/primitives/asymmetric/dsa.py",
        "path_type": "hardlink",
        "sha256": "748a3a9588875915940b1c1e8c08b4d70d7ede38e6cc4b89a2fa9a56a0cedff8",
        "sha256_in_prefix": "748a3a9588875915940b1c1e8c08b4d70d7ede38e6cc4b89a2fa9a56a0cedff8",
        "size_in_bytes": 7870
      },
      {
        "_path": "Lib/site-packages/cryptography/hazmat/primitives/asymmetric/ec.py",
        "path_type": "hardlink",
        "sha256": "c17f301fd6c3ee0efe63198835a9bfb3d70f73d4543ebba2d907482a0e90dcd7",
        "sha256_in_prefix": "c17f301fd6c3ee0efe63198835a9bfb3d70f73d4543ebba2d907482a0e90dcd7",
        "size_in_bytes": 14468
      },
      {
        "_path": "Lib/site-packages/cryptography/hazmat/primitives/asymmetric/ed25519.py",
        "path_type": "hardlink",
        "sha256": "d6a3a5d54595ffe7172878709454b23c1761a71d8730346e92423a788e62f2f3",
        "sha256_in_prefix": "d6a3a5d54595ffe7172878709454b23c1761a71d8730346e92423a788e62f2f3",
        "size_in_bytes": 2728
      },
      {
        "_path": "Lib/site-packages/cryptography/hazmat/primitives/asymmetric/ed448.py",
        "path_type": "hardlink",
        "sha256": "a11fa3e2319c5949c6c568b51b2807c5565b82448e287b11eb2d44dcb7fac183",
        "sha256_in_prefix": "a11fa3e2319c5949c6c568b51b2807c5565b82448e287b11eb2d44dcb7fac183",
        "size_in_bytes": 2647
      },
      {
        "_path": "Lib/site-packages/cryptography/hazmat/primitives/asymmetric/padding.py",
        "path_type": "hardlink",
        "sha256": "1242ae63d7ba505a92b90d0bbf22982a5fcbd7db4e7cd09394758488a8077947",
        "sha256_in_prefix": "1242ae63d7ba505a92b90d0bbf22982a5fcbd7db4e7cd09394758488a8077947",
        "size_in_bytes": 2690
      },
      {
        "_path": "Lib/site-packages/cryptography/hazmat/primitives/asymmetric/rsa.py",
        "path_type": "hardlink",
        "sha256": "1a2088b81b8976979ec3ec89ee69d31782851ff15425abadd6bf9de9346cdf5b",
        "sha256_in_prefix": "1a2088b81b8976979ec3ec89ee69d31782851ff15425abadd6bf9de9346cdf5b",
        "size_in_bytes": 11322
      },
      {
        "_path": "Lib/site-packages/cryptography/hazmat/primitives/asymmetric/types.py",
        "path_type": "hardlink",
        "sha256": "5627718d458f38c07cabcbc689a5cc858ef5e59c3c53d55de3fae4aa339a8111",
        "sha256_in_prefix": "5627718d458f38c07cabcbc689a5cc858ef5e59c3c53d55de3fae4aa339a8111",
        "size_in_bytes": 1814
      },
      {
        "_path": "Lib/site-packages/cryptography/hazmat/primitives/asymmetric/utils.py",
        "path_type": "hardlink",
        "sha256": "e610f82a37cc6e6a33785ab4f0f2d5ba71ebe0581e57357536429a94408cdbab",
        "sha256_in_prefix": "e610f82a37cc6e6a33785ab4f0f2d5ba71ebe0581e57357536429a94408cdbab",
        "size_in_bytes": 756
      },
      {
        "_path": "Lib/site-packages/cryptography/hazmat/primitives/asymmetric/x25519.py",
        "path_type": "hardlink",
        "sha256": "fa76da1a5813d6cb9f3bd21cfaeaf0283aa5f036b453718bea164920ca878157",
        "sha256_in_prefix": "fa76da1a5813d6cb9f3bd21cfaeaf0283aa5f036b453718bea164920ca878157",
        "size_in_bytes": 2588
      },
      {
        "_path": "Lib/site-packages/cryptography/hazmat/primitives/asymmetric/x448.py",
        "path_type": "hardlink",
        "sha256": "5779716f554e8914daddbcd5502dee65ab76a207c4c5439d92d08819450c6766",
        "sha256_in_prefix": "5779716f554e8914daddbcd5502dee65ab76a207c4c5439d92d08819450c6766",
        "size_in_bytes": 2556
      },
      {
        "_path": "Lib/site-packages/cryptography/hazmat/primitives/ciphers/__init__.py",
        "path_type": "hardlink",
        "sha256": "429efc6373c34917f0a7b0c36b7a5ece52eb103fd016189cfcbbc3c382ccf594",
        "sha256_in_prefix": "429efc6373c34917f0a7b0c36b7a5ece52eb103fd016189cfcbbc3c382ccf594",
        "size_in_bytes": 646
      },
      {
        "_path": "Lib/site-packages/cryptography/hazmat/primitives/ciphers/__pycache__/__init__.cpython-37.pyc",
        "path_type": "hardlink",
        "sha256": "7f2b813b884e68e24be0a01eeb7914b69969b4a603fb1132094af4d99ffcce14",
        "sha256_in_prefix": "7f2b813b884e68e24be0a01eeb7914b69969b4a603fb1132094af4d99ffcce14",
        "size_in_bytes": 539
      },
      {
        "_path": "Lib/site-packages/cryptography/hazmat/primitives/ciphers/__pycache__/aead.cpython-37.pyc",
        "path_type": "hardlink",
        "sha256": "5ddc5582f93c9d03a15e0ad68fa8e0fceb414baba2b0b2080ee8f772a46141dc",
        "sha256_in_prefix": "5ddc5582f93c9d03a15e0ad68fa8e0fceb414baba2b0b2080ee8f772a46141dc",
        "size_in_bytes": 9829
      },
      {
        "_path": "Lib/site-packages/cryptography/hazmat/primitives/ciphers/__pycache__/algorithms.cpython-37.pyc",
        "path_type": "hardlink",
        "sha256": "c0120f6048b0578e35e426f0403033cd0091839972eb1e76d497dc57d1860821",
        "sha256_in_prefix": "c0120f6048b0578e35e426f0403033cd0091839972eb1e76d497dc57d1860821",
        "size_in_bytes": 7106
      },
      {
        "_path": "Lib/site-packages/cryptography/hazmat/primitives/ciphers/__pycache__/base.cpython-37.pyc",
        "path_type": "hardlink",
        "sha256": "cebbcead0f250058aee3e76460d49e751ce8f7b4df3654b14adc7f0c2554cf63",
        "sha256_in_prefix": "cebbcead0f250058aee3e76460d49e751ce8f7b4df3654b14adc7f0c2554cf63",
        "size_in_bytes": 8936
      },
      {
        "_path": "Lib/site-packages/cryptography/hazmat/primitives/ciphers/__pycache__/modes.cpython-37.pyc",
        "path_type": "hardlink",
        "sha256": "43d7d32ee18e7283ea29545d201c1a4056cd28f4f9a3f7cf399b1f4b76b22b57",
        "sha256_in_prefix": "43d7d32ee18e7283ea29545d201c1a4056cd28f4f9a3f7cf399b1f4b76b22b57",
        "size_in_bytes": 9065
      },
      {
        "_path": "Lib/site-packages/cryptography/hazmat/primitives/ciphers/aead.py",
        "path_type": "hardlink",
        "sha256": "427243d9da19f17769088ac3c2a2413606b0d9e1bd4f1e055a2ac83f5e7d3008",
        "sha256_in_prefix": "427243d9da19f17769088ac3c2a2413606b0d9e1bd4f1e055a2ac83f5e7d3008",
        "size_in_bytes": 11488
      },
      {
        "_path": "Lib/site-packages/cryptography/hazmat/primitives/ciphers/algorithms.py",
        "path_type": "hardlink",
        "sha256": "275a9e24af7b7e949a5f513410db16bc91bfa8a1a8399be6e7b6da046390a1f4",
        "sha256_in_prefix": "275a9e24af7b7e949a5f513410db16bc91bfa8a1a8399be6e7b6da046390a1f4",
        "size_in_bytes": 5135
      },
      {
        "_path": "Lib/site-packages/cryptography/hazmat/primitives/ciphers/base.py",
        "path_type": "hardlink",
        "sha256": "0220980b35db499f7041b5d631873ad082a6ceacf9eb5f5875a685d3356be2b6",
        "sha256_in_prefix": "0220980b35db499f7041b5d631873ad082a6ceacf9eb5f5875a685d3356be2b6",
        "size_in_bytes": 8251
      },
      {
        "_path": "Lib/site-packages/cryptography/hazmat/primitives/ciphers/modes.py",
        "path_type": "hardlink",
        "sha256": "8d142870b17e236067651295eba64bf6c4881c685437c61dbc0dc25ca5e8c6a8",
        "sha256_in_prefix": "8d142870b17e236067651295eba64bf6c4881c685437c61dbc0dc25ca5e8c6a8",
        "size_in_bytes": 8298
      },
      {
        "_path": "Lib/site-packages/cryptography/hazmat/primitives/cmac.py",
        "path_type": "hardlink",
        "sha256": "38391cec4a27635711c722744983aec2d89842fe81d193f12509b7ad7c5f5dde",
        "sha256_in_prefix": "38391cec4a27635711c722744983aec2d89842fe81d193f12509b7ad7c5f5dde",
        "size_in_bytes": 2037
      },
      {
        "_path": "Lib/site-packages/cryptography/hazmat/primitives/constant_time.py",
        "path_type": "hardlink",
        "sha256": "e9b916d3442384abac760b106dec5784c9465f45d1379f57366c564b65b7f0d0",
        "sha256_in_prefix": "e9b916d3442384abac760b106dec5784c9465f45d1379f57366c564b65b7f0d0",
        "size_in_bytes": 387
      },
      {
        "_path": "Lib/site-packages/cryptography/hazmat/primitives/hashes.py",
        "path_type": "hardlink",
        "sha256": "7296988e091ace5abb5f0d0c568477729d7b983d1383212f85941bca80161f35",
        "sha256_in_prefix": "7296988e091ace5abb5f0d0c568477729d7b983d1383212f85941bca80161f35",
        "size_in_bytes": 5996
      },
      {
        "_path": "Lib/site-packages/cryptography/hazmat/primitives/hmac.py",
        "path_type": "hardlink",
        "sha256": "33fb1ae2c98f2243bcadad7b5e5fdc33475a461182a3352effc8271de3c421bd",
        "sha256_in_prefix": "33fb1ae2c98f2243bcadad7b5e5fdc33475a461182a3352effc8271de3c421bd",
        "size_in_bytes": 2131
      },
      {
        "_path": "Lib/site-packages/cryptography/hazmat/primitives/kdf/__init__.py",
        "path_type": "hardlink",
        "sha256": "0dc661cdf2c6f1df086011fbef59464d55394bcece403a6ede7adf3b0667b260",
        "sha256_in_prefix": "0dc661cdf2c6f1df086011fbef59464d55394bcece403a6ede7adf3b0667b260",
        "size_in_bytes": 715
      },
      {
        "_path": "Lib/site-packages/cryptography/hazmat/primitives/kdf/__pycache__/__init__.cpython-37.pyc",
        "path_type": "hardlink",
        "sha256": "f88612febcd9aa50882d5ed8a01ae4279fbb55ed274ea16a6480800119719e9a",
        "sha256_in_prefix": "f88612febcd9aa50882d5ed8a01ae4279fbb55ed274ea16a6480800119719e9a",
        "size_in_bytes": 1001
      },
      {
        "_path": "Lib/site-packages/cryptography/hazmat/primitives/kdf/__pycache__/concatkdf.cpython-37.pyc",
        "path_type": "hardlink",
        "sha256": "87bb4c1a3a4f737ca276fac422f143ea99bae8da24c2da56f26bc6cd6f4e7f55",
        "sha256_in_prefix": "87bb4c1a3a4f737ca276fac422f143ea99bae8da24c2da56f26bc6cd6f4e7f55",
        "size_in_bytes": 3799
      },
      {
        "_path": "Lib/site-packages/cryptography/hazmat/primitives/kdf/__pycache__/hkdf.cpython-37.pyc",
        "path_type": "hardlink",
        "sha256": "e8d67e9ff5b8a73283ad0456c7dd8e693d6e816889cc8b40676c3d9fa26f193d",
        "sha256_in_prefix": "e8d67e9ff5b8a73283ad0456c7dd8e693d6e816889cc8b40676c3d9fa26f193d",
        "size_in_bytes": 2997
      },
      {
        "_path": "Lib/site-packages/cryptography/hazmat/primitives/kdf/__pycache__/kbkdf.cpython-37.pyc",
        "path_type": "hardlink",
        "sha256": "f9bc68b570597adfd2dc9bc1e8dc8cfb1993eca1af0ef87dc170cb4a04940670",
        "sha256_in_prefix": "f9bc68b570597adfd2dc9bc1e8dc8cfb1993eca1af0ef87dc170cb4a04940670",
        "size_in_bytes": 6991
      },
      {
        "_path": "Lib/site-packages/cryptography/hazmat/primitives/kdf/__pycache__/pbkdf2.cpython-37.pyc",
        "path_type": "hardlink",
        "sha256": "aa8ee6d3e3ed7efd5d7e17324dc4f744534111b71aa6243ed3195c8d2e515ee5",
        "sha256_in_prefix": "aa8ee6d3e3ed7efd5d7e17324dc4f744534111b71aa6243ed3195c8d2e515ee5",
        "size_in_bytes": 1905
      },
      {
        "_path": "Lib/site-packages/cryptography/hazmat/primitives/kdf/__pycache__/scrypt.cpython-37.pyc",
        "path_type": "hardlink",
        "sha256": "6aa899deca0ad7a20d42e8d4e8cad01ccaece8657e18f5d863e20ca8139112df",
        "sha256_in_prefix": "6aa899deca0ad7a20d42e8d4e8cad01ccaece8657e18f5d863e20ca8139112df",
        "size_in_bytes": 2031
      },
      {
        "_path": "Lib/site-packages/cryptography/hazmat/primitives/kdf/__pycache__/x963kdf.cpython-37.pyc",
        "path_type": "hardlink",
        "sha256": "1b1e1948246217151ed4eb526333020307fdf0e37c169fe46f7689659b811832",
        "sha256_in_prefix": "1b1e1948246217151ed4eb526333020307fdf0e37c169fe46f7689659b811832",
        "size_in_bytes": 1999
      },
      {
        "_path": "Lib/site-packages/cryptography/hazmat/primitives/kdf/concatkdf.py",
        "path_type": "hardlink",
        "sha256": "e585f0f1c2d9081613eab543192e5445011e1623d6f9944145c3dd6502314cc0",
        "sha256_in_prefix": "e585f0f1c2d9081613eab543192e5445011e1623d6f9944145c3dd6502314cc0",
        "size_in_bytes": 3772
      },
      {
        "_path": "Lib/site-packages/cryptography/hazmat/primitives/kdf/hkdf.py",
        "path_type": "hardlink",
        "sha256": "2e50d06c2be5373b8b6bf5095eb906e5f5c68c08e8af95ae9efdb7efc4c19a6b",
        "sha256_in_prefix": "2e50d06c2be5373b8b6bf5095eb906e5f5c68c08e8af95ae9efdb7efc4c19a6b",
        "size_in_bytes": 3031
      },
      {
        "_path": "Lib/site-packages/cryptography/hazmat/primitives/kdf/kbkdf.py",
        "path_type": "hardlink",
        "sha256": "62cd884d26c4c38f55d6ffc36a0401775ee8c10af60368b23ee7b89a8b7867f8",
        "sha256_in_prefix": "62cd884d26c4c38f55d6ffc36a0401775ee8c10af60368b23ee7b89a8b7867f8",
        "size_in_bytes": 9196
      },
      {
        "_path": "Lib/site-packages/cryptography/hazmat/primitives/kdf/pbkdf2.py",
        "path_type": "hardlink",
        "sha256": "c04307e0225f3dc70283d6a940b5f2594581ad92d3a582cb9e86449f3bda1d0a",
        "sha256_in_prefix": "c04307e0225f3dc70283d6a940b5f2594581ad92d3a582cb9e86449f3bda1d0a",
        "size_in_bytes": 2032
      },
      {
        "_path": "Lib/site-packages/cryptography/hazmat/primitives/kdf/scrypt.py",
        "path_type": "hardlink",
        "sha256": "26f5ff703d28d0ea7911c14d79986bfaf239b18bff2dd9c9ea43446d6deee68c",
        "sha256_in_prefix": "26f5ff703d28d0ea7911c14d79986bfaf239b18bff2dd9c9ea43446d6deee68c",
        "size_in_bytes": 2228
      },
      {
        "_path": "Lib/site-packages/cryptography/hazmat/primitives/kdf/x963kdf.py",
        "path_type": "hardlink",
        "sha256": "26c76b261c36209558925f0921650deba87b0eb29933646843fb70fe2280bdd2",
        "sha256_in_prefix": "26c76b261c36209558925f0921650deba87b0eb29933646843fb70fe2280bdd2",
        "size_in_bytes": 2018
      },
      {
        "_path": "Lib/site-packages/cryptography/hazmat/primitives/keywrap.py",
        "path_type": "hardlink",
        "sha256": "4d6ab21bd2bb93e626ab891c230eeedcd20a50f543b6fe9b8a6c312096137b6d",
        "sha256_in_prefix": "4d6ab21bd2bb93e626ab891c230eeedcd20a50f543b6fe9b8a6c312096137b6d",
        "size_in_bytes": 5643
      },
      {
        "_path": "Lib/site-packages/cryptography/hazmat/primitives/padding.py",
        "path_type": "hardlink",
        "sha256": "c6bb9ab0e13909df0a110fb2a7d5babfd58a3ef287f86b9d1c23ca43b03c1df2",
        "sha256_in_prefix": "c6bb9ab0e13909df0a110fb2a7d5babfd58a3ef287f86b9d1c23ca43b03c1df2",
        "size_in_bytes": 6207
      },
      {
        "_path": "Lib/site-packages/cryptography/hazmat/primitives/poly1305.py",
        "path_type": "hardlink",
        "sha256": "42fc4f32baa380a26dd2639949e64a93835cc6c3427769207c8f97d429b2516e",
        "sha256_in_prefix": "42fc4f32baa380a26dd2639949e64a93835cc6c3427769207c8f97d429b2516e",
        "size_in_bytes": 1837
      },
      {
        "_path": "Lib/site-packages/cryptography/hazmat/primitives/serialization/__init__.py",
        "path_type": "hardlink",
        "sha256": "7f974e2e60c4bd944e946ec7cac3d763d0e1bccf555d5440da4c04ac9a1bcd6c",
        "sha256_in_prefix": "7f974e2e60c4bd944e946ec7cac3d763d0e1bccf555d5440da4c04ac9a1bcd6c",
        "size_in_bytes": 1197
      },
      {
        "_path": "Lib/site-packages/cryptography/hazmat/primitives/serialization/__pycache__/__init__.cpython-37.pyc",
        "path_type": "hardlink",
        "sha256": "f0d6dd64a35d4f93e9064de7c553270e4c14c84d6d13402d31b1d382c0f70080",
        "sha256_in_prefix": "f0d6dd64a35d4f93e9064de7c553270e4c14c84d6d13402d31b1d382c0f70080",
        "size_in_bytes": 969
      },
      {
        "_path": "Lib/site-packages/cryptography/hazmat/primitives/serialization/__pycache__/base.cpython-37.pyc",
        "path_type": "hardlink",
        "sha256": "d806d256b1b3ff3444c29c8e3a52b273d8114aa0fe19b1f2b3f18a9935708c59",
        "sha256_in_prefix": "d806d256b1b3ff3444c29c8e3a52b273d8114aa0fe19b1f2b3f18a9935708c59",
        "size_in_bytes": 1634
      },
      {
        "_path": "Lib/site-packages/cryptography/hazmat/primitives/serialization/__pycache__/pkcs12.cpython-37.pyc",
        "path_type": "hardlink",
        "sha256": "aad90880a2a6aa6f67f6d1cf4b9cfe7a64fbc130af44695528fe0003c9e441fc",
        "sha256_in_prefix": "aad90880a2a6aa6f67f6d1cf4b9cfe7a64fbc130af44695528fe0003c9e441fc",
        "size_in_bytes": 6154
      },
      {
        "_path": "Lib/site-packages/cryptography/hazmat/primitives/serialization/__pycache__/pkcs7.cpython-37.pyc",
        "path_type": "hardlink",
        "sha256": "2337fba367135304f97202d4d279b19f2f0b314c766fddf3badbdad032c3169c",
        "sha256_in_prefix": "2337fba367135304f97202d4d279b19f2f0b314c766fddf3badbdad032c3169c",
        "size_in_bytes": 4654
      },
      {
        "_path": "Lib/site-packages/cryptography/hazmat/primitives/serialization/__pycache__/ssh.cpython-37.pyc",
        "path_type": "hardlink",
        "sha256": "449973f6ce48f97afc19143c9479bdf58568568c1f9c06e8ecb66c5ac08f2ba1",
        "sha256_in_prefix": "449973f6ce48f97afc19143c9479bdf58568568c1f9c06e8ecb66c5ac08f2ba1",
        "size_in_bytes": 19976
      },
      {
        "_path": "Lib/site-packages/cryptography/hazmat/primitives/serialization/base.py",
        "path_type": "hardlink",
        "sha256": "cb0f3fcb322faee4fa7e64be2ab4e62176c0174d2b22d1f8f165d33ce48b749e",
        "sha256_in_prefix": "cb0f3fcb322faee4fa7e64be2ab4e62176c0174d2b22d1f8f165d33ce48b749e",
        "size_in_bytes": 1761
      },
      {
        "_path": "Lib/site-packages/cryptography/hazmat/primitives/serialization/pkcs12.py",
        "path_type": "hardlink",
        "sha256": "0f492914e41d5dd4468abd6a83f982721529af59a5c21a6118697c383ec34786",
        "sha256_in_prefix": "0f492914e41d5dd4468abd6a83f982721529af59a5c21a6118697c383ec34786",
        "size_in_bytes": 6725
      },
      {
        "_path": "Lib/site-packages/cryptography/hazmat/primitives/serialization/pkcs7.py",
        "path_type": "hardlink",
        "sha256": "2e72123fed521035c2a6ca046d1d047ee2255a6f1e240816ba9b7482f1f2c885",
        "sha256_in_prefix": "2e72123fed521035c2a6ca046d1d047ee2255a6f1e240816ba9b7482f1f2c885",
        "size_in_bytes": 5870
      },
      {
        "_path": "Lib/site-packages/cryptography/hazmat/primitives/serialization/ssh.py",
        "path_type": "hardlink",
        "sha256": "616961295f2e4e297f2ce2c3f479b95f9119075b25be25b57a0d402f82627750",
        "sha256_in_prefix": "616961295f2e4e297f2ce2c3f479b95f9119075b25be25b57a0d402f82627750",
        "size_in_bytes": 23935
      },
      {
        "_path": "Lib/site-packages/cryptography/hazmat/primitives/twofactor/__init__.py",
        "path_type": "hardlink",
        "sha256": "647a38cf05a27453f6456165f25ba236e62454c64f821cf1e788b33cd482b43e",
        "sha256_in_prefix": "647a38cf05a27453f6456165f25ba236e62454c64f821cf1e788b33cd482b43e",
        "size_in_bytes": 222
      },
      {
        "_path": "Lib/site-packages/cryptography/hazmat/primitives/twofactor/__pycache__/__init__.cpython-37.pyc",
        "path_type": "hardlink",
        "sha256": "1a046a87945d3a7a4eec18f3efb79686c0a36840aae7d563cd8d537accb658c7",
        "sha256_in_prefix": "1a046a87945d3a7a4eec18f3efb79686c0a36840aae7d563cd8d537accb658c7",
        "size_in_bytes": 320
      },
      {
        "_path": "Lib/site-packages/cryptography/hazmat/primitives/twofactor/__pycache__/hotp.cpython-37.pyc",
        "path_type": "hardlink",
        "sha256": "10c31914d5fd61324f25a0dc4c15f7f46aae209a9149c3928e87f0de5074e50e",
        "sha256_in_prefix": "10c31914d5fd61324f25a0dc4c15f7f46aae209a9149c3928e87f0de5074e50e",
        "size_in_bytes": 3026
      },
      {
        "_path": "Lib/site-packages/cryptography/hazmat/primitives/twofactor/__pycache__/totp.cpython-37.pyc",
        "path_type": "hardlink",
        "sha256": "12de288acf8b9d9d1409f5ad46db17c3adc7961e237b808fcec94cf3f9891433",
        "sha256_in_prefix": "12de288acf8b9d9d1409f5ad46db17c3adc7961e237b808fcec94cf3f9891433",
        "size_in_bytes": 1632
      },
      {
        "_path": "Lib/site-packages/cryptography/hazmat/primitives/twofactor/hotp.py",
        "path_type": "hardlink",
        "sha256": "bf8c244db75cd44e773cec7aa5d36711406f00d6e6b787fab1c412b1380005e5",
        "sha256_in_prefix": "bf8c244db75cd44e773cec7aa5d36711406f00d6e6b787fab1c412b1380005e5",
        "size_in_bytes": 2989
      },
      {
        "_path": "Lib/site-packages/cryptography/hazmat/primitives/twofactor/totp.py",
        "path_type": "hardlink",
        "sha256": "6c8231388f8b70b18d6a107990dec0fd3c04c98313b0b8c777c7897386f670b8",
        "sha256_in_prefix": "6c8231388f8b70b18d6a107990dec0fd3c04c98313b0b8c777c7897386f670b8",
        "size_in_bytes": 1449
      },
      {
        "_path": "Lib/site-packages/cryptography/py.typed",
        "path_type": "hardlink",
        "sha256": "e3b0c44298fc1c149afbf4c8996fb92427ae41e4649b934ca495991b7852b855",
        "sha256_in_prefix": "e3b0c44298fc1c149afbf4c8996fb92427ae41e4649b934ca495991b7852b855",
        "size_in_bytes": 0
      },
      {
        "_path": "Lib/site-packages/cryptography/utils.py",
        "path_type": "hardlink",
        "sha256": "7994bcfb179501a1a8c89608db77cdf2ea34c0faa8d1a865f2bc686cb3b0ed99",
        "sha256_in_prefix": "7994bcfb179501a1a8c89608db77cdf2ea34c0faa8d1a865f2bc686cb3b0ed99",
        "size_in_bytes": 5031
      },
      {
        "_path": "Lib/site-packages/cryptography/x509/__init__.py",
        "path_type": "hardlink",
        "sha256": "c82d136eebcf9962f5538ac463ed26e3a49acaec427cf54d1568c925d8b9958d",
        "sha256_in_prefix": "c82d136eebcf9962f5538ac463ed26e3a49acaec427cf54d1568c925d8b9958d",
        "size_in_bytes": 7654
      },
      {
        "_path": "Lib/site-packages/cryptography/x509/__pycache__/__init__.cpython-37.pyc",
        "path_type": "hardlink",
        "sha256": "c1fa38d66c69ec71afc8d736afd9500dacd61cf8a97a8f021016dbf4f1996c66",
        "sha256_in_prefix": "c1fa38d66c69ec71afc8d736afd9500dacd61cf8a97a8f021016dbf4f1996c66",
        "size_in_bytes": 6265
      },
      {
        "_path": "Lib/site-packages/cryptography/x509/__pycache__/base.cpython-37.pyc",
        "path_type": "hardlink",
        "sha256": "d7328cdcbd47a7631282f746e600b82056320dfe853256415c722d87d8afd9ea",
        "sha256_in_prefix": "d7328cdcbd47a7631282f746e600b82056320dfe853256415c722d87d8afd9ea",
        "size_in_bytes": 32190
      },
      {
        "_path": "Lib/site-packages/cryptography/x509/__pycache__/certificate_transparency.cpython-37.pyc",
        "path_type": "hardlink",
        "sha256": "30c21acd3fe32e6f8c1c0c98a2ca9ec58251cb330ce5324eb0d21e99692ae57a",
        "sha256_in_prefix": "30c21acd3fe32e6f8c1c0c98a2ca9ec58251cb330ce5324eb0d21e99692ae57a",
        "size_in_bytes": 3247
      },
      {
        "_path": "Lib/site-packages/cryptography/x509/__pycache__/extensions.cpython-37.pyc",
        "path_type": "hardlink",
        "sha256": "a1897601cbf74b043c39509d3c304eb3c46d272a84b6424788faa9bfe369186e",
        "sha256_in_prefix": "a1897601cbf74b043c39509d3c304eb3c46d272a84b6424788faa9bfe369186e",
        "size_in_bytes": 67494
      },
      {
        "_path": "Lib/site-packages/cryptography/x509/__pycache__/general_name.cpython-37.pyc",
        "path_type": "hardlink",
        "sha256": "75a30c7da66a253499d0ff57d2b3232e1e1718202c2714ee93cbea06b4cddf29",
        "sha256_in_prefix": "75a30c7da66a253499d0ff57d2b3232e1e1718202c2714ee93cbea06b4cddf29",
        "size_in_bytes": 9946
      },
      {
        "_path": "Lib/site-packages/cryptography/x509/__pycache__/name.cpython-37.pyc",
        "path_type": "hardlink",
        "sha256": "33881daa1aa07692fe484b62d45445f0ceb6e5c37d19b7732a3af3faf8593909",
        "sha256_in_prefix": "33881daa1aa07692fe484b62d45445f0ceb6e5c37d19b7732a3af3faf8593909",
        "size_in_bytes": 15384
      },
      {
        "_path": "Lib/site-packages/cryptography/x509/__pycache__/ocsp.cpython-37.pyc",
        "path_type": "hardlink",
        "sha256": "aa36109b1c482dc5b9b7c6f3cf3e198b8007857bf392e5218a688bea2411c574",
        "sha256_in_prefix": "aa36109b1c482dc5b9b7c6f3cf3e198b8007857bf392e5218a688bea2411c574",
        "size_in_bytes": 17191
      },
      {
        "_path": "Lib/site-packages/cryptography/x509/__pycache__/oid.cpython-37.pyc",
        "path_type": "hardlink",
        "sha256": "57de206951faf9d9b673663368fd5b75b6c8bf490619bec1bed8532bdec83c9a",
        "sha256_in_prefix": "57de206951faf9d9b673663368fd5b75b6c8bf490619bec1bed8532bdec83c9a",
        "size_in_bytes": 601
      },
      {
        "_path": "Lib/site-packages/cryptography/x509/base.py",
        "path_type": "hardlink",
        "sha256": "fcb5ed5b733e3de1463f0858dc1612ded5354edf41a1fd08cd69ad811fd47f51",
        "sha256_in_prefix": "fcb5ed5b733e3de1463f0858dc1612ded5354edf41a1fd08cd69ad811fd47f51",
        "size_in_bytes": 33942
      },
      {
        "_path": "Lib/site-packages/cryptography/x509/certificate_transparency.py",
        "path_type": "hardlink",
        "sha256": "92cff240f2bc702492145ea1b52b3f15cba3c32b3bb5cf4e00f5a7d93b0f2ea6",
        "sha256_in_prefix": "92cff240f2bc702492145ea1b52b3f15cba3c32b3bb5cf4e00f5a7d93b0f2ea6",
        "size_in_bytes": 2130
      },
      {
        "_path": "Lib/site-packages/cryptography/x509/extensions.py",
        "path_type": "hardlink",
        "sha256": "ebe3b65dd567dceb589d7faa313dbae517335080f0d4377bf6be4c54a11f2371",
        "sha256_in_prefix": "ebe3b65dd567dceb589d7faa313dbae517335080f0d4377bf6be4c54a11f2371",
        "size_in_bytes": 65316
      },
      {
        "_path": "Lib/site-packages/cryptography/x509/general_name.py",
        "path_type": "hardlink",
        "sha256": "4bf90977866c346acc7e2da8b1f149116a8fc72de83c2016a4b6fdd72871ccfb",
        "sha256_in_prefix": "4bf90977866c346acc7e2da8b1f149116a8fc72de83c2016a4b6fdd72871ccfb",
        "size_in_bytes": 7896
      },
      {
        "_path": "Lib/site-packages/cryptography/x509/name.py",
        "path_type": "hardlink",
        "sha256": "4a58293f283fcc413ecac2b7e9228920e80a607d402b0359ef04fc982d587ca7",
        "sha256_in_prefix": "4a58293f283fcc413ecac2b7e9228920e80a607d402b0359ef04fc982d587ca7",
        "size_in_bytes": 14846
      },
      {
        "_path": "Lib/site-packages/cryptography/x509/ocsp.py",
        "path_type": "hardlink",
        "sha256": "3902aca96fd8e26598e77513fc91bbf51251d7dc6de7743e890492c389b49193",
        "sha256_in_prefix": "3902aca96fd8e26598e77513fc91bbf51251d7dc6de7743e890492c389b49193",
        "size_in_bytes": 16691
      },
      {
        "_path": "Lib/site-packages/cryptography/x509/oid.py",
        "path_type": "hardlink",
        "sha256": "08b225430cc4dcf41732f90a7a9e096f35546910e5fecb70717fd4ebeb3670dc",
        "sha256_in_prefix": "08b225430cc4dcf41732f90a7a9e096f35546910e5fecb70717fd4ebeb3670dc",
        "size_in_bytes": 794
      }
    ],
    "paths_version": 1
  },
  "requested_spec": "None",
  "sha256": "9796f3f578b8070f62dbf5f51255f260692ce557083a30a35c989acda1dd8edd",
  "size": 1013131,
  "subdir": "win-64",
  "timestamp": 1665614688370,
  "track_features": "",
  "url": "https://repo.anaconda.com/pkgs/main/win-64/cryptography-38.0.1-py37h21b164f_0.conda",
  "version": "38.0.1"
}