{
  "build": "pyhd3eb1b0_0",
  "build_number": 0,
  "channel": "https://repo.anaconda.com/pkgs/main/noarch",
  "constrains": [],
  "depends": [
    "python >=3.7"
  ],
  "extracted_package_dir": "D:\\Users\\Ravi\\miniconda3\\pkgs\\filelock-3.6.0-pyhd3eb1b0_0",
  "features": "",
  "files": [
    "Lib/site-packages/filelock-3.6.0.dist-info/INSTALLER",
    "Lib/site-packages/filelock-3.6.0.dist-info/LICENSE",
    "Lib/site-packages/filelock-3.6.0.dist-info/METADATA",
    "Lib/site-packages/filelock-3.6.0.dist-info/RECORD",
    "Lib/site-packages/filelock-3.6.0.dist-info/REQUESTED",
    "Lib/site-packages/filelock-3.6.0.dist-info/WHEEL",
    "Lib/site-packages/filelock-3.6.0.dist-info/direct_url.json",
    "Lib/site-packages/filelock-3.6.0.dist-info/top_level.txt",
    "Lib/site-packages/filelock-3.6.0.dist-info/zip-safe",
    "Lib/site-packages/filelock/__init__.py",
    "Lib/site-packages/filelock/_api.py",
    "Lib/site-packages/filelock/_error.py",
    "Lib/site-packages/filelock/_soft.py",
    "Lib/site-packages/filelock/_unix.py",
    "Lib/site-packages/filelock/_util.py",
    "Lib/site-packages/filelock/_windows.py",
    "Lib/site-packages/filelock/py.typed",
    "Lib/site-packages/filelock/version.py",
    ".nonadmin",
    "Lib/site-packages/filelock/__pycache__/__init__.cpython-37.pyc",
    "Lib/site-packages/filelock/__pycache__/_api.cpython-37.pyc",
    "Lib/site-packages/filelock/__pycache__/_error.cpython-37.pyc",
    "Lib/site-packages/filelock/__pycache__/_soft.cpython-37.pyc",
    "Lib/site-packages/filelock/__pycache__/_unix.cpython-37.pyc",
    "Lib/site-packages/filelock/__pycache__/_util.cpython-37.pyc",
    "Lib/site-packages/filelock/__pycache__/_windows.cpython-37.pyc",
    "Lib/site-packages/filelock/__pycache__/version.cpython-37.pyc"
  ],
  "fn": "filelock-3.6.0-pyhd3eb1b0_0.conda",
  "legacy_bz2_md5": "e7beebeb55f9b9636f2d29d3ac190694",
  "license": "Unlicense",
  "license_family": "Public-Domain",
  "link": {
    "source": "D:\\Users\\Ravi\\miniconda3\\pkgs\\filelock-3.6.0-pyhd3eb1b0_0",
    "type": 1
  },
  "md5": "527be2ebbc60c0de6533ce33132ce303",
  "name": "filelock",
  "noarch": "python",
  "package_tarball_full_path": "D:\\Users\\Ravi\\miniconda3\\pkgs\\filelock-3.6.0-pyhd3eb1b0_0.conda",
  "package_type": "noarch_python",
  "paths_data": {
    "paths": [
      {
        "_path": "site-packages/filelock-3.6.0.dist-info/INSTALLER",
        "path_type": "hardlink",
        "sha256": "d0edee15f91b406f3f99726e44eb990be6e34fd0345b52b910c568e0eef6a2a8",
        "sha256_in_prefix": "d0edee15f91b406f3f99726e44eb990be6e34fd0345b52b910c568e0eef6a2a8",
        "size_in_bytes": 5
      },
      {
        "_path": "site-packages/filelock-3.6.0.dist-info/LICENSE",
        "path_type": "hardlink",
        "sha256": "88d9b4eb60579c191ec391ca04c16130572d7eedc4a86daa58bf28c6e14c9bcd",
        "sha256_in_prefix": "88d9b4eb60579c191ec391ca04c16130572d7eedc4a86daa58bf28c6e14c9bcd",
        "size_in_bytes": 1210
      },
      {
        "_path": "site-packages/filelock-3.6.0.dist-info/METADATA",
        "path_type": "hardlink",
        "sha256": "ffdb01ecd574b14e64afdc5be4a8dda04014456be3ac856ada0befcc4b0102b1",
        "sha256_in_prefix": "ffdb01ecd574b14e64afdc5be4a8dda04014456be3ac856ada0befcc4b0102b1",
        "size_in_bytes": 2555
      },
      {
        "_path": "site-packages/filelock-3.6.0.dist-info/RECORD",
        "path_type": "hardlink",
        "sha256": "294219f831bfbdb8f5300acbd14145abdaaa2b8ecb3ed02bf2266012e79759dc",
        "sha256_in_prefix": "294219f831bfbdb8f5300acbd14145abdaaa2b8ecb3ed02bf2266012e79759dc",
        "size_in_bytes": 1810
      },
      {
        "_path": "site-packages/filelock-3.6.0.dist-info/REQUESTED",
        "path_type": "hardlink",
        "sha256": "e3b0c44298fc1c149afbf4c8996fb92427ae41e4649b934ca495991b7852b855",
        "sha256_in_prefix": "e3b0c44298fc1c149afbf4c8996fb92427ae41e4649b934ca495991b7852b855",
        "size_in_bytes": 0
      },
      {
        "_path": "site-packages/filelock-3.6.0.dist-info/WHEEL",
        "path_type": "hardlink",
        "sha256": "1b5e87e00dc87a84269cead8578b9e6462928e18a95f1f3373c9eef451a5bcc0",
        "sha256_in_prefix": "1b5e87e00dc87a84269cead8578b9e6462928e18a95f1f3373c9eef451a5bcc0",
        "size_in_bytes": 92
      },
      {
        "_path": "site-packages/filelock-3.6.0.dist-info/direct_url.json",
        "path_type": "hardlink",
        "sha256": "f00ffb0177717b6b51006bad6aacb51c8234db0a711dbfcfc338ce7ff6efd5fa",
        "sha256_in_prefix": "f00ffb0177717b6b51006bad6aacb51c8234db0a711dbfcfc338ce7ff6efd5fa",
        "size_in_bytes": 82
      },
      {
        "_path": "site-packages/filelock-3.6.0.dist-info/top_level.txt",
        "path_type": "hardlink",
        "sha256": "343adff62e41368833e2111db2be878bb5acdd395248a63843663dffe8b61b05",
        "sha256_in_prefix": "343adff62e41368833e2111db2be878bb5acdd395248a63843663dffe8b61b05",
        "size_in_bytes": 9
      },
      {
        "_path": "site-packages/filelock-3.6.0.dist-info/zip-safe",
        "path_type": "hardlink",
        "sha256": "01ba4719c80b6fe911b091a7c05124b64eeece964e09c058ef8f9805daca546b",
        "sha256_in_prefix": "01ba4719c80b6fe911b091a7c05124b64eeece964e09c058ef8f9805daca546b",
        "size_in_bytes": 1
      },
      {
        "_path": "site-packages/filelock/__init__.py",
        "path_type": "hardlink",
        "sha256": "5c4f916a73aa4db2641422896dedcfab334291580b417aacfd8a75aeb50f179f",
        "sha256_in_prefix": "5c4f916a73aa4db2641422896dedcfab334291580b417aacfd8a75aeb50f179f",
        "size_in_bytes": 1246
      },
      {
        "_path": "site-packages/filelock/_api.py",
        "path_type": "hardlink",
        "sha256": "5688ea93758a89a0b8c6a79e53b253822f8720bfc5b406ddb2c4940603c1d6bd",
        "sha256_in_prefix": "5688ea93758a89a0b8c6a79e53b253822f8720bfc5b406ddb2c4940603c1d6bd",
        "size_in_bytes": 8405
      },
      {
        "_path": "site-packages/filelock/_error.py",
        "path_type": "hardlink",
        "sha256": "19ac69d937dd9a076f605925946081384dfbbd82179c728a5b74587ca1fb0d83",
        "sha256_in_prefix": "19ac69d937dd9a076f605925946081384dfbbd82179c728a5b74587ca1fb0d83",
        "size_in_bytes": 399
      },
      {
        "_path": "site-packages/filelock/_soft.py",
        "path_type": "hardlink",
        "sha256": "ad2a66b783a2d046f825e2b3c962267aa7f93180894740f273f9143779078fb6",
        "sha256_in_prefix": "ad2a66b783a2d046f825e2b3c962267aa7f93180894740f273f9143779078fb6",
        "size_in_bytes": 1650
      },
      {
        "_path": "site-packages/filelock/_unix.py",
        "path_type": "hardlink",
        "sha256": "80ce3ee66a83b5a986a79ab05a46993524eebfda7bbf005ae1d895988d590704",
        "sha256_in_prefix": "80ce3ee66a83b5a986a79ab05a46993524eebfda7bbf005ae1d895988d590704",
        "size_in_bytes": 1578
      },
      {
        "_path": "site-packages/filelock/_util.py",
        "path_type": "hardlink",
        "sha256": "05928e0184d0766707985df8f85b7890c744be4ddaf0d1adb0085eea47f166e5",
        "sha256_in_prefix": "05928e0184d0766707985df8f85b7890c744be4ddaf0d1adb0085eea47f166e5",
        "size_in_bytes": 594
      },
      {
        "_path": "site-packages/filelock/_windows.py",
        "path_type": "hardlink",
        "sha256": "c2f83efd27c9103cb10de0d51fcc01ab16cfaae5dac9ca185e05c93819a6f86e",
        "sha256_in_prefix": "c2f83efd27c9103cb10de0d51fcc01ab16cfaae5dac9ca185e05c93819a6f86e",
        "size_in_bytes": 1890
      },
      {
        "_path": "site-packages/filelock/py.typed",
        "path_type": "hardlink",
        "sha256": "e3b0c44298fc1c149afbf4c8996fb92427ae41e4649b934ca495991b7852b855",
        "sha256_in_prefix": "e3b0c44298fc1c149afbf4c8996fb92427ae41e4649b934ca495991b7852b855",
        "size_in_bytes": 0
      },
      {
        "_path": "site-packages/filelock/version.py",
        "path_type": "hardlink",
        "sha256": "fca40ed2c0dc6636ee71b43bb3e47398d964713c094268fcc980c82b08664e37",
        "sha256_in_prefix": "fca40ed2c0dc6636ee71b43bb3e47398d964713c094268fcc980c82b08664e37",
        "size_in_bytes": 142
      },
      {
        "_path": "Lib/site-packages/filelock/__pycache__/__init__.cpython-37.pyc",
        "path_type": "pyc_file"
      },
      {
        "_path": "Lib/site-packages/filelock/__pycache__/_api.cpython-37.pyc",
        "path_type": "pyc_file"
      },
      {
        "_path": "Lib/site-packages/filelock/__pycache__/_error.cpython-37.pyc",
        "path_type": "pyc_file"
      },
      {
        "_path": "Lib/site-packages/filelock/__pycache__/_soft.cpython-37.pyc",
        "path_type": "pyc_file"
      },
      {
        "_path": "Lib/site-packages/filelock/__pycache__/_unix.cpython-37.pyc",
        "path_type": "pyc_file"
      },
      {
        "_path": "Lib/site-packages/filelock/__pycache__/_util.cpython-37.pyc",
        "path_type": "pyc_file"
      },
      {
        "_path": "Lib/site-packages/filelock/__pycache__/_windows.cpython-37.pyc",
        "path_type": "pyc_file"
      },
      {
        "_path": "Lib/site-packages/filelock/__pycache__/version.cpython-37.pyc",
        "path_type": "pyc_file"
      }
    ],
    "paths_version": 1
  },
  "requested_spec": "None",
  "sha256": "c73632a2f1b916a7f21a0aac4e8bed971bff9baa665f46e0674f3f5d8c304dc1",
  "size": 12473,
  "subdir": "noarch",
  "timestamp": 1647002235757,
  "track_features": "",
  "url": "https://repo.anaconda.com/pkgs/main/noarch/filelock-3.6.0-pyhd3eb1b0_0.conda",
  "version": "3.6.0"
}