{
  "build": "pyhd3eb1b0_0",
  "build_number": 0,
  "channel": "https://repo.anaconda.com/pkgs/main/noarch",
  "constrains": [],
  "depends": [
    "python"
  ],
  "extracted_package_dir": "D:\\Users\\Ravi\\miniconda3\\pkgs\\glob2-0.7-pyhd3eb1b0_0",
  "features": "",
  "files": [
    "Lib/site-packages/glob2-0.7.dist-info/INSTALLER",
    "Lib/site-packages/glob2-0.7.dist-info/LICENSE",
    "Lib/site-packages/glob2-0.7.dist-info/METADATA",
    "Lib/site-packages/glob2-0.7.dist-info/RECORD",
    "Lib/site-packages/glob2-0.7.dist-info/REQUESTED",
    "Lib/site-packages/glob2-0.7.dist-info/WHEEL",
    "Lib/site-packages/glob2-0.7.dist-info/direct_url.json",
    "Lib/site-packages/glob2-0.7.dist-info/top_level.txt",
    "Lib/site-packages/glob2/__init__.py",
    "Lib/site-packages/glob2/compat.py",
    "Lib/site-packages/glob2/fnmatch.py",
    "Lib/site-packages/glob2/impl.py",
    ".nonadmin",
    "Lib/site-packages/glob2/__pycache__/__init__.cpython-37.pyc",
    "Lib/site-packages/glob2/__pycache__/compat.cpython-37.pyc",
    "Lib/site-packages/glob2/__pycache__/fnmatch.cpython-37.pyc",
    "Lib/site-packages/glob2/__pycache__/impl.cpython-37.pyc"
  ],
  "fn": "glob2-0.7-pyhd3eb1b0_0.tar.bz2",
  "license": "BSD-2-Clause",
  "link": {
    "source": "D:\\Users\\Ravi\\miniconda3\\pkgs\\glob2-0.7-pyhd3eb1b0_0",
    "type": 1
  },
  "md5": "bdf20ceeffa1bcfe549ec6400afe0426",
  "name": "glob2",
  "noarch": "python",
  "package_tarball_full_path": "D:\\Users\\Ravi\\miniconda3\\pkgs\\glob2-0.7-pyhd3eb1b0_0.tar.bz2",
  "package_type": "noarch_python",
  "paths_data": {
    "paths": [
      {
        "_path": "site-packages/glob2-0.7.dist-info/INSTALLER",
        "path_type": "hardlink",
        "sha256": "d0edee15f91b406f3f99726e44eb990be6e34fd0345b52b910c568e0eef6a2a8",
        "sha256_in_prefix": "d0edee15f91b406f3f99726e44eb990be6e34fd0345b52b910c568e0eef6a2a8",
        "size_in_bytes": 5
      },
      {
        "_path": "site-packages/glob2-0.7.dist-info/LICENSE",
        "path_type": "hardlink",
        "sha256": "99fc9556fa50ed3519996971bf2ec1abf9f4b63f0f3f4ed15cdee84e306134b7",
        "sha256_in_prefix": "99fc9556fa50ed3519996971bf2ec1abf9f4b63f0f3f4ed15cdee84e306134b7",
        "size_in_bytes": 1359
      },
      {
        "_path": "site-packages/glob2-0.7.dist-info/METADATA",
        "path_type": "hardlink",
        "sha256": "0abdccf27cecca548d66411688faa238f4de6807cab8d487cac4194ca55fb606",
        "sha256_in_prefix": "0abdccf27cecca548d66411688faa238f4de6807cab8d487cac4194ca55fb606",
        "size_in_bytes": 633
      },
      {
        "_path": "site-packages/glob2-0.7.dist-info/RECORD",
        "path_type": "hardlink",
        "sha256": "1493a9fc9532782c042c90895c52898a90999013fe8ebb5124f9e874ae15a9ef",
        "sha256_in_prefix": "1493a9fc9532782c042c90895c52898a90999013fe8ebb5124f9e874ae15a9ef",
        "size_in_bytes": 1093
      },
      {
        "_path": "site-packages/glob2-0.7.dist-info/REQUESTED",
        "path_type": "hardlink",
        "sha256": "e3b0c44298fc1c149afbf4c8996fb92427ae41e4649b934ca495991b7852b855",
        "sha256_in_prefix": "e3b0c44298fc1c149afbf4c8996fb92427ae41e4649b934ca495991b7852b855",
        "size_in_bytes": 0
      },
      {
        "_path": "site-packages/glob2-0.7.dist-info/WHEEL",
        "path_type": "hardlink",
        "sha256": "67e9f2629c2b712ab17ddbb1e4c6e7fc3439db988fec9d831b72601af398c934",
        "sha256_in_prefix": "67e9f2629c2b712ab17ddbb1e4c6e7fc3439db988fec9d831b72601af398c934",
        "size_in_bytes": 110
      },
      {
        "_path": "site-packages/glob2-0.7.dist-info/direct_url.json",
        "path_type": "hardlink",
        "sha256": "c9b986205cfa02853f71751428087ac0e6f848e5e7607edabc760453134d187f",
        "sha256_in_prefix": "c9b986205cfa02853f71751428087ac0e6f848e5e7607edabc760453134d187f",
        "size_in_bytes": 82
      },
      {
        "_path": "site-packages/glob2-0.7.dist-info/top_level.txt",
        "path_type": "hardlink",
        "sha256": "2e654d4fc8d96fce1ca514e95a7f420683ee9e1ab89dac085a5c178c98b6b3af",
        "sha256_in_prefix": "2e654d4fc8d96fce1ca514e95a7f420683ee9e1ab89dac085a5c178c98b6b3af",
        "size_in_bytes": 6
      },
      {
        "_path": "site-packages/glob2/__init__.py",
        "path_type": "hardlink",
        "sha256": "49691d7ebac494541534f10fcb760235a2b435bf7959cc9bfb85c00e242c92a0",
        "sha256_in_prefix": "49691d7ebac494541534f10fcb760235a2b435bf7959cc9bfb85c00e242c92a0",
        "size_in_bytes": 82
      },
      {
        "_path": "site-packages/glob2/compat.py",
        "path_type": "hardlink",
        "sha256": "8d12d6d803013383804d251d7c4dc3eada6f7fc39ec708b0d9cd2be3f9e953a7",
        "sha256_in_prefix": "8d12d6d803013383804d251d7c4dc3eada6f7fc39ec708b0d9cd2be3f9e953a7",
        "size_in_bytes": 6859
      },
      {
        "_path": "site-packages/glob2/fnmatch.py",
        "path_type": "hardlink",
        "sha256": "eb0bfe48ef929bd306f70f7920ce70af766df94fef1451c136d8e12333b5447d",
        "sha256_in_prefix": "eb0bfe48ef929bd306f70f7920ce70af766df94fef1451c136d8e12333b5447d",
        "size_in_bytes": 4463
      },
      {
        "_path": "site-packages/glob2/impl.py",
        "path_type": "hardlink",
        "sha256": "e296982e3ddf55d278c11fbe891516d1f5330d76259134935d1577b8911873d4",
        "sha256_in_prefix": "e296982e3ddf55d278c11fbe891516d1f5330d76259134935d1577b8911873d4",
        "size_in_bytes": 8304
      },
      {
        "_path": "Lib/site-packages/glob2/__pycache__/__init__.cpython-37.pyc",
        "path_type": "pyc_file"
      },
      {
        "_path": "Lib/site-packages/glob2/__pycache__/compat.cpython-37.pyc",
        "path_type": "pyc_file"
      },
      {
        "_path": "Lib/site-packages/glob2/__pycache__/fnmatch.cpython-37.pyc",
        "path_type": "pyc_file"
      },
      {
        "_path": "Lib/site-packages/glob2/__pycache__/impl.cpython-37.pyc",
        "path_type": "pyc_file"
      }
    ],
    "paths_version": 1
  },
  "requested_spec": "None",
  "sha256": "a5b9ff25ab2e2f78ac8b2c3fa2a35188626f2c1f70994850c568e68c791c8845",
  "size": 11944,
  "subdir": "noarch",
  "timestamp": 1610991684824,
  "track_features": "",
  "url": "https://repo.anaconda.com/pkgs/main/noarch/glob2-0.7-pyhd3eb1b0_0.tar.bz2",
  "version": "0.7"
}