{
  "build": "py37haa95532_0",
  "build_number": 0,
  "channel": "https://repo.anaconda.com/pkgs/main/win-64",
  "constrains": [],
  "depends": [
    "python >=3.7,<3.8.0a0"
  ],
  "extracted_package_dir": "D:\\Users\\Ravi\\miniconda3\\pkgs\\idna-3.4-py37haa95532_0",
  "features": "",
  "files": [
    "Lib/site-packages/idna-3.4.dist-info/INSTALLER",
    "Lib/site-packages/idna-3.4.dist-info/LICENSE.md",
    "Lib/site-packages/idna-3.4.dist-info/METADATA",
    "Lib/site-packages/idna-3.4.dist-info/RECORD",
    "Lib/site-packages/idna-3.4.dist-info/REQUESTED",
    "Lib/site-packages/idna-3.4.dist-info/WHEEL",
    "Lib/site-packages/idna-3.4.dist-info/direct_url.json",
    "Lib/site-packages/idna/__init__.py",
    "Lib/site-packages/idna/__pycache__/__init__.cpython-37.pyc",
    "Lib/site-packages/idna/__pycache__/codec.cpython-37.pyc",
    "Lib/site-packages/idna/__pycache__/compat.cpython-37.pyc",
    "Lib/site-packages/idna/__pycache__/core.cpython-37.pyc",
    "Lib/site-packages/idna/__pycache__/idnadata.cpython-37.pyc",
    "Lib/site-packages/idna/__pycache__/intranges.cpython-37.pyc",
    "Lib/site-packages/idna/__pycache__/package_data.cpython-37.pyc",
    "Lib/site-packages/idna/__pycache__/uts46data.cpython-37.pyc",
    "Lib/site-packages/idna/codec.py",
    "Lib/site-packages/idna/compat.py",
    "Lib/site-packages/idna/core.py",
    "Lib/site-packages/idna/idnadata.py",
    "Lib/site-packages/idna/intranges.py",
    "Lib/site-packages/idna/package_data.py",
    "Lib/site-packages/idna/py.typed",
    "Lib/site-packages/idna/uts46data.py",
    ".nonadmin"
  ],
  "fn": "idna-3.4-py37haa95532_0.conda",
  "legacy_bz2_md5": "004ef50ad4f2432684b19d65c6a0c6d6",
  "license": "BSD-3-Clause",
  "license_family": "BSD",
  "link": {
    "source": "D:\\Users\\Ravi\\miniconda3\\pkgs\\idna-3.4-py37haa95532_0",
    "type": 1
  },
  "md5": "e04d280785d62ff814004fc4ec3d3916",
  "name": "idna",
  "package_tarball_full_path": "D:\\Users\\Ravi\\miniconda3\\pkgs\\idna-3.4-py37haa95532_0.conda",
  "paths_data": {
    "paths": [
      {
        "_path": "Lib/site-packages/idna-3.4.dist-info/INSTALLER",
        "path_type": "hardlink",
        "sha256": "d0edee15f91b406f3f99726e44eb990be6e34fd0345b52b910c568e0eef6a2a8",
        "sha256_in_prefix": "d0edee15f91b406f3f99726e44eb990be6e34fd0345b52b910c568e0eef6a2a8",
        "size_in_bytes": 5
      },
      {
        "_path": "Lib/site-packages/idna-3.4.dist-info/LICENSE.md",
        "path_type": "hardlink",
        "sha256": "a2d6e4d940bd24dbe7b9645cde19a9792cc51db7ae0d5acd301ac860caa3e836",
        "sha256_in_prefix": "a2d6e4d940bd24dbe7b9645cde19a9792cc51db7ae0d5acd301ac860caa3e836",
        "size_in_bytes": 1523
      },
      {
        "_path": "Lib/site-packages/idna-3.4.dist-info/METADATA",
        "path_type": "hardlink",
        "sha256": "f1a2d27fd3054bba01dbaa59876869ae0ede269d1425273edeba5ffdebe9e030",
        "sha256_in_prefix": "f1a2d27fd3054bba01dbaa59876869ae0ede269d1425273edeba5ffdebe9e030",
        "size_in_bytes": 9830
      },
      {
        "_path": "Lib/site-packages/idna-3.4.dist-info/RECORD",
        "path_type": "hardlink",
        "sha256": "b1eab9441f7653b96eb90b3ce1f57217cd0035dc00a23732d01baa82eb023019",
        "sha256_in_prefix": "b1eab9441f7653b96eb90b3ce1f57217cd0035dc00a23732d01baa82eb023019",
        "size_in_bytes": 1543
      },
      {
        "_path": "Lib/site-packages/idna-3.4.dist-info/REQUESTED",
        "path_type": "hardlink",
        "sha256": "e3b0c44298fc1c149afbf4c8996fb92427ae41e4649b934ca495991b7852b855",
        "sha256_in_prefix": "e3b0c44298fc1c149afbf4c8996fb92427ae41e4649b934ca495991b7852b855",
        "size_in_bytes": 0
      },
      {
        "_path": "Lib/site-packages/idna-3.4.dist-info/WHEEL",
        "path_type": "hardlink",
        "sha256": "8cf311fc3ce47385f889c42d9b3f35967358fe402c7e883baf2eeaa11bd82d7c",
        "sha256_in_prefix": "8cf311fc3ce47385f889c42d9b3f35967358fe402c7e883baf2eeaa11bd82d7c",
        "size_in_bytes": 81
      },
      {
        "_path": "Lib/site-packages/idna-3.4.dist-info/direct_url.json",
        "path_type": "hardlink",
        "sha256": "401d6f36c299bfbed55c936e20a46da750cc96f5399cf2864ca20eb8ca38e910",
        "sha256_in_prefix": "401d6f36c299bfbed55c936e20a46da750cc96f5399cf2864ca20eb8ca38e910",
        "size_in_bytes": 84
      },
      {
        "_path": "Lib/site-packages/idna/__init__.py",
        "path_type": "hardlink",
        "sha256": "28940dd5e401afc8882b948aac9e3b957bf11b4049ecb9b7f16e334f4bfff259",
        "sha256_in_prefix": "28940dd5e401afc8882b948aac9e3b957bf11b4049ecb9b7f16e334f4bfff259",
        "size_in_bytes": 849
      },
      {
        "_path": "Lib/site-packages/idna/__pycache__/__init__.cpython-37.pyc",
        "path_type": "hardlink",
        "sha256": "9f976cda9aba702c391ca634a3ec4fd105b5562f59fe14395d749267f7a4b56c",
        "sha256_in_prefix": "9f976cda9aba702c391ca634a3ec4fd105b5562f59fe14395d749267f7a4b56c",
        "size_in_bytes": 848
      },
      {
        "_path": "Lib/site-packages/idna/__pycache__/codec.cpython-37.pyc",
        "path_type": "hardlink",
        "sha256": "4c23504d6c32755028bf6b286d2484b170817543e2493feb536f6f05dcfa5c7e",
        "sha256_in_prefix": "4c23504d6c32755028bf6b286d2484b170817543e2493feb536f6f05dcfa5c7e",
        "size_in_bytes": 3207
      },
      {
        "_path": "Lib/site-packages/idna/__pycache__/compat.cpython-37.pyc",
        "path_type": "hardlink",
        "sha256": "749250cb58f3a049a8166e8ed5f74447de697d77a11fa552e78b1ca7288518d5",
        "sha256_in_prefix": "749250cb58f3a049a8166e8ed5f74447de697d77a11fa552e78b1ca7288518d5",
        "size_in_bytes": 687
      },
      {
        "_path": "Lib/site-packages/idna/__pycache__/core.cpython-37.pyc",
        "path_type": "hardlink",
        "sha256": "43beff08eb59b21f5a8ce0367fb458b3500779a02209d93767433551de33e6c5",
        "sha256_in_prefix": "43beff08eb59b21f5a8ce0367fb458b3500779a02209d93767433551de33e6c5",
        "size_in_bytes": 9858
      },
      {
        "_path": "Lib/site-packages/idna/__pycache__/idnadata.cpython-37.pyc",
        "path_type": "hardlink",
        "sha256": "93f88a31d3a849db1277d9929b20ec8c30ed04a59b8f0b133a37b92cc5504bb6",
        "sha256_in_prefix": "93f88a31d3a849db1277d9929b20ec8c30ed04a59b8f0b133a37b92cc5504bb6",
        "size_in_bytes": 23250
      },
      {
        "_path": "Lib/site-packages/idna/__pycache__/intranges.cpython-37.pyc",
        "path_type": "hardlink",
        "sha256": "0d1160dcc3e5880b3a8442bd1c248502cfc1631924b82d9fc5fe1fad5d04aae8",
        "sha256_in_prefix": "0d1160dcc3e5880b3a8442bd1c248502cfc1631924b82d9fc5fe1fad5d04aae8",
        "size_in_bytes": 1918
      },
      {
        "_path": "Lib/site-packages/idna/__pycache__/package_data.cpython-37.pyc",
        "path_type": "hardlink",
        "sha256": "05f972f5d0d5249171f86fe4e50ae4710e9996f90a81aaeb64a5d2ab428bbc6f",
        "sha256_in_prefix": "05f972f5d0d5249171f86fe4e50ae4710e9996f90a81aaeb64a5d2ab428bbc6f",
        "size_in_bytes": 144
      },
      {
        "_path": "Lib/site-packages/idna/__pycache__/uts46data.cpython-37.pyc",
        "path_type": "hardlink",
        "sha256": "d21794aace4f2311361df9b97be37e229b3e89b97af22054df93c708f6f7f6f7",
        "sha256_in_prefix": "d21794aace4f2311361df9b97be37e229b3e89b97af22054df93c708f6f7f6f7",
        "size_in_bytes": 187383
      },
      {
        "_path": "Lib/site-packages/idna/codec.py",
        "path_type": "hardlink",
        "sha256": "ea5cb9a1d29faabcad293f7fed4ae51a49479dfd4348adabf42e9c48ce2c6b6f",
        "sha256_in_prefix": "ea5cb9a1d29faabcad293f7fed4ae51a49479dfd4348adabf42e9c48ce2c6b6f",
        "size_in_bytes": 3374
      },
      {
        "_path": "Lib/site-packages/idna/compat.py",
        "path_type": "hardlink",
        "sha256": "d3fb0e114313e02570f5da03defc91857f345f5f4fc2a168501b3b816b05304e",
        "sha256_in_prefix": "d3fb0e114313e02570f5da03defc91857f345f5f4fc2a168501b3b816b05304e",
        "size_in_bytes": 321
      },
      {
        "_path": "Lib/site-packages/idna/core.py",
        "path_type": "hardlink",
        "sha256": "d49c5c8702b39310529fb47fa02135da806edde56ec74573771a2598869ddb83",
        "sha256_in_prefix": "d49c5c8702b39310529fb47fa02135da806edde56ec74573771a2598869ddb83",
        "size_in_bytes": 12950
      },
      {
        "_path": "Lib/site-packages/idna/idnadata.py",
        "path_type": "hardlink",
        "sha256": "c548ea2aa88957c1e8fd7cc1a40b6fe4916854f4aea4af92517bed8f28141eac",
        "sha256_in_prefix": "c548ea2aa88957c1e8fd7cc1a40b6fe4916854f4aea4af92517bed8f28141eac",
        "size_in_bytes": 44375
      },
      {
        "_path": "Lib/site-packages/idna/intranges.py",
        "path_type": "hardlink",
        "sha256": "601af87d162e587ee44ca4b6b579458ccdb8645d4f76f722afe6b2c278889ea8",
        "sha256_in_prefix": "601af87d162e587ee44ca4b6b579458ccdb8645d4f76f722afe6b2c278889ea8",
        "size_in_bytes": 1881
      },
      {
        "_path": "Lib/site-packages/idna/package_data.py",
        "path_type": "hardlink",
        "sha256": "0bf8c7273997f0f238c6ad23a7399c4ccc696f9943b2ae28e55cb1433955ad91",
        "sha256_in_prefix": "0bf8c7273997f0f238c6ad23a7399c4ccc696f9943b2ae28e55cb1433955ad91",
        "size_in_bytes": 21
      },
      {
        "_path": "Lib/site-packages/idna/py.typed",
        "path_type": "hardlink",
        "sha256": "e3b0c44298fc1c149afbf4c8996fb92427ae41e4649b934ca495991b7852b855",
        "sha256_in_prefix": "e3b0c44298fc1c149afbf4c8996fb92427ae41e4649b934ca495991b7852b855",
        "size_in_bytes": 0
      },
      {
        "_path": "Lib/site-packages/idna/uts46data.py",
        "path_type": "hardlink",
        "sha256": "cef8d9536e2ce7cfee012f39d0c71dd0d9c3d17eff802300323cd634879425d7",
        "sha256_in_prefix": "cef8d9536e2ce7cfee012f39d0c71dd0d9c3d17eff802300323cd634879425d7",
        "size_in_bytes": 206539
      }
    ],
    "paths_version": 1
  },
  "requested_spec": "None",
  "sha256": "f8ade935060b870e7dc96786db1c6256bd0953a84091bc83bd34f55c0c870695",
  "size": 94316,
  "subdir": "win-64",
  "timestamp": 1666125714573,
  "track_features": "",
  "url": "https://repo.anaconda.com/pkgs/main/win-64/idna-3.4-py37haa95532_0.conda",
  "version": "3.4"
}