{
  "build": "py37_0",
  "build_number": 0,
  "channel": "https://repo.anaconda.com/pkgs/main/win-64",
  "constrains": [],
  "depends": [
    "markupsafe >=0.23",
    "python >=3.7,<3.8.0a0",
    "setuptools"
  ],
  "extracted_package_dir": "D:\\Users\\Ravi\\miniconda3\\pkgs\\jinja2-2.10.1-py37_0",
  "features": "",
  "files": [
    "Lib/site-packages/Jinja2-2.10.1.dist-info/INSTALLER",
    "Lib/site-packages/Jinja2-2.10.1.dist-info/LICENSE",
    "Lib/site-packages/Jinja2-2.10.1.dist-info/METADATA",
    "Lib/site-packages/Jinja2-2.10.1.dist-info/RECORD",
    "Lib/site-packages/Jinja2-2.10.1.dist-info/WHEEL",
    "Lib/site-packages/Jinja2-2.10.1.dist-info/entry_points.txt",
    "Lib/site-packages/Jinja2-2.10.1.dist-info/top_level.txt",
    "Lib/site-packages/jinja2/__init__.py",
    "Lib/site-packages/jinja2/__pycache__/__init__.cpython-37.pyc",
    "Lib/site-packages/jinja2/__pycache__/_compat.cpython-37.pyc",
    "Lib/site-packages/jinja2/__pycache__/_identifier.cpython-37.pyc",
    "Lib/site-packages/jinja2/__pycache__/asyncfilters.cpython-37.pyc",
    "Lib/site-packages/jinja2/__pycache__/asyncsupport.cpython-37.pyc",
    "Lib/site-packages/jinja2/__pycache__/bccache.cpython-37.pyc",
    "Lib/site-packages/jinja2/__pycache__/compiler.cpython-37.pyc",
    "Lib/site-packages/jinja2/__pycache__/constants.cpython-37.pyc",
    "Lib/site-packages/jinja2/__pycache__/debug.cpython-37.pyc",
    "Lib/site-packages/jinja2/__pycache__/defaults.cpython-37.pyc",
    "Lib/site-packages/jinja2/__pycache__/environment.cpython-37.pyc",
    "Lib/site-packages/jinja2/__pycache__/exceptions.cpython-37.pyc",
    "Lib/site-packages/jinja2/__pycache__/ext.cpython-37.pyc",
    "Lib/site-packages/jinja2/__pycache__/filters.cpython-37.pyc",
    "Lib/site-packages/jinja2/__pycache__/idtracking.cpython-37.pyc",
    "Lib/site-packages/jinja2/__pycache__/lexer.cpython-37.pyc",
    "Lib/site-packages/jinja2/__pycache__/loaders.cpython-37.pyc",
    "Lib/site-packages/jinja2/__pycache__/meta.cpython-37.pyc",
    "Lib/site-packages/jinja2/__pycache__/nativetypes.cpython-37.pyc",
    "Lib/site-packages/jinja2/__pycache__/nodes.cpython-37.pyc",
    "Lib/site-packages/jinja2/__pycache__/optimizer.cpython-37.pyc",
    "Lib/site-packages/jinja2/__pycache__/parser.cpython-37.pyc",
    "Lib/site-packages/jinja2/__pycache__/runtime.cpython-37.pyc",
    "Lib/site-packages/jinja2/__pycache__/sandbox.cpython-37.pyc",
    "Lib/site-packages/jinja2/__pycache__/tests.cpython-37.pyc",
    "Lib/site-packages/jinja2/__pycache__/utils.cpython-37.pyc",
    "Lib/site-packages/jinja2/__pycache__/visitor.cpython-37.pyc",
    "Lib/site-packages/jinja2/_compat.py",
    "Lib/site-packages/jinja2/_identifier.py",
    "Lib/site-packages/jinja2/asyncfilters.py",
    "Lib/site-packages/jinja2/asyncsupport.py",
    "Lib/site-packages/jinja2/bccache.py",
    "Lib/site-packages/jinja2/compiler.py",
    "Lib/site-packages/jinja2/constants.py",
    "Lib/site-packages/jinja2/debug.py",
    "Lib/site-packages/jinja2/defaults.py",
    "Lib/site-packages/jinja2/environment.py",
    "Lib/site-packages/jinja2/exceptions.py",
    "Lib/site-packages/jinja2/ext.py",
    "Lib/site-packages/jinja2/filters.py",
    "Lib/site-packages/jinja2/idtracking.py",
    "Lib/site-packages/jinja2/lexer.py",
    "Lib/site-packages/jinja2/loaders.py",
    "Lib/site-packages/jinja2/meta.py",
    "Lib/site-packages/jinja2/nativetypes.py",
    "Lib/site-packages/jinja2/nodes.py",
    "Lib/site-packages/jinja2/optimizer.py",
    "Lib/site-packages/jinja2/parser.py",
    "Lib/site-packages/jinja2/runtime.py",
    "Lib/site-packages/jinja2/sandbox.py",
    "Lib/site-packages/jinja2/tests.py",
    "Lib/site-packages/jinja2/utils.py",
    "Lib/site-packages/jinja2/visitor.py",
    ".nonadmin"
  ],
  "fn": "jinja2-2.10.1-py37_0.conda",
  "legacy_bz2_md5": "d447746c9be86bb403589331b84b564e",
  "license": "3-Clause BSD",
  "link": {
    "source": "D:\\Users\\Ravi\\miniconda3\\pkgs\\jinja2-2.10.1-py37_0",
    "type": 1
  },
  "md5": "59fea14e1b2ba1cfb473716044057bc1",
  "name": "jinja2",
  "package_tarball_full_path": "D:\\Users\\Ravi\\miniconda3\\pkgs\\jinja2-2.10.1-py37_0.conda",
  "paths_data": {
    "paths": [
      {
        "_path": "Lib/site-packages/Jinja2-2.10.1.dist-info/INSTALLER",
        "path_type": "hardlink",
        "sha256": "ceebae7b8927a3227e5303cf5e0f1f7b34bb542ad7250ac03fbcde36ec2f1508",
        "sha256_in_prefix": "ceebae7b8927a3227e5303cf5e0f1f7b34bb542ad7250ac03fbcde36ec2f1508",
        "size_in_bytes": 4
      },
      {
        "_path": "Lib/site-packages/Jinja2-2.10.1.dist-info/LICENSE",
        "path_type": "hardlink",
        "sha256": "26fcd436fdc8a39d44896ac03e6f1dfd25e38499c48f20d8bc1dd3bf0aaa8a5b",
        "sha256_in_prefix": "26fcd436fdc8a39d44896ac03e6f1dfd25e38499c48f20d8bc1dd3bf0aaa8a5b",
        "size_in_bytes": 1554
      },
      {
        "_path": "Lib/site-packages/Jinja2-2.10.1.dist-info/METADATA",
        "path_type": "hardlink",
        "sha256": "af1d1e37c957f22abcf98569a660b3575431e32dcf8fd2168b4f265d40ab7b02",
        "sha256_in_prefix": "af1d1e37c957f22abcf98569a660b3575431e32dcf8fd2168b4f265d40ab7b02",
        "size_in_bytes": 2227
      },
      {
        "_path": "Lib/site-packages/Jinja2-2.10.1.dist-info/RECORD",
        "path_type": "hardlink",
        "sha256": "81498a81cbaacca128fa03160f334c81958bc1ce29bc7e63385c02666b1df644",
        "sha256_in_prefix": "81498a81cbaacca128fa03160f334c81958bc1ce29bc7e63385c02666b1df644",
        "size_in_bytes": 3862
      },
      {
        "_path": "Lib/site-packages/Jinja2-2.10.1.dist-info/WHEEL",
        "path_type": "hardlink",
        "sha256": "d39021ada935bb62bad43a4ba7d0833526d42262d321308ca26fdca93164ea91",
        "sha256_in_prefix": "d39021ada935bb62bad43a4ba7d0833526d42262d321308ca26fdca93164ea91",
        "size_in_bytes": 116
      },
      {
        "_path": "Lib/site-packages/Jinja2-2.10.1.dist-info/entry_points.txt",
        "path_type": "hardlink",
        "sha256": "35dcd570eaeac8dc8a0f10f4f5a1118ffff76c5c76a5a6618b3143b0a9958620",
        "sha256_in_prefix": "35dcd570eaeac8dc8a0f10f4f5a1118ffff76c5c76a5a6618b3143b0a9958620",
        "size_in_bytes": 72
      },
      {
        "_path": "Lib/site-packages/Jinja2-2.10.1.dist-info/top_level.txt",
        "path_type": "hardlink",
        "sha256": "3e47955ad2dbdfe0aa8d68b57cedbd3826e3e791215ff72184aac276b55eff3b",
        "sha256_in_prefix": "3e47955ad2dbdfe0aa8d68b57cedbd3826e3e791215ff72184aac276b55eff3b",
        "size_in_bytes": 7
      },
      {
        "_path": "Lib/site-packages/jinja2/__init__.py",
        "path_type": "hardlink",
        "sha256": "5750fe24740a92566c79738c03eb805bbf8178a7bf4df3e93858bdf9d574e190",
        "sha256_in_prefix": "5750fe24740a92566c79738c03eb805bbf8178a7bf4df3e93858bdf9d574e190",
        "size_in_bytes": 2616
      },
      {
        "_path": "Lib/site-packages/jinja2/__pycache__/__init__.cpython-37.pyc",
        "path_type": "hardlink",
        "sha256": "141a8c189df8c209f7e6b6343ad1ec82dbe2baf84f286c1fbd2ecd547ddcc3b9",
        "sha256_in_prefix": "141a8c189df8c209f7e6b6343ad1ec82dbe2baf84f286c1fbd2ecd547ddcc3b9",
        "size_in_bytes": 2489
      },
      {
        "_path": "Lib/site-packages/jinja2/__pycache__/_compat.cpython-37.pyc",
        "path_type": "hardlink",
        "sha256": "148a17449e135dffab3e2f6a1443c2b784e9537d98a9b188f448fa135ba50690",
        "sha256_in_prefix": "148a17449e135dffab3e2f6a1443c2b784e9537d98a9b188f448fa135ba50690",
        "size_in_bytes": 3302
      },
      {
        "_path": "Lib/site-packages/jinja2/__pycache__/_identifier.cpython-37.pyc",
        "path_type": "hardlink",
        "sha256": "d7be02aeeb166894d7c384dad1522225cc88491af6fc3bb9374d50da9998b791",
        "sha256_in_prefix": "d7be02aeeb166894d7c384dad1522225cc88491af6fc3bb9374d50da9998b791",
        "size_in_bytes": 1800
      },
      {
        "_path": "Lib/site-packages/jinja2/__pycache__/asyncfilters.cpython-37.pyc",
        "path_type": "hardlink",
        "sha256": "7efdd69c5b58562bd1c43b4d0861fcfa062e57f7b4af119dcd6de4558a88bd34",
        "sha256_in_prefix": "7efdd69c5b58562bd1c43b4d0861fcfa062e57f7b4af119dcd6de4558a88bd34",
        "size_in_bytes": 4732
      },
      {
        "_path": "Lib/site-packages/jinja2/__pycache__/asyncsupport.cpython-37.pyc",
        "path_type": "hardlink",
        "sha256": "362e772c15bcffc40c03f007a83f6107e1b33e020fcfa12d29e8eed07a598b96",
        "sha256_in_prefix": "362e772c15bcffc40c03f007a83f6107e1b33e020fcfa12d29e8eed07a598b96",
        "size_in_bytes": 8080
      },
      {
        "_path": "Lib/site-packages/jinja2/__pycache__/bccache.cpython-37.pyc",
        "path_type": "hardlink",
        "sha256": "466134eaab6a5b0af6e32af65a22662dfabd81bb0dc3c451d150aa110ed1e625",
        "sha256_in_prefix": "466134eaab6a5b0af6e32af65a22662dfabd81bb0dc3c451d150aa110ed1e625",
        "size_in_bytes": 12669
      },
      {
        "_path": "Lib/site-packages/jinja2/__pycache__/compiler.cpython-37.pyc",
        "path_type": "hardlink",
        "sha256": "ee14cdfd14490a11dc7f36708efc955ec465e90b8b9dcec1f5702f154602e218",
        "sha256_in_prefix": "ee14cdfd14490a11dc7f36708efc955ec465e90b8b9dcec1f5702f154602e218",
        "size_in_bytes": 46798
      },
      {
        "_path": "Lib/site-packages/jinja2/__pycache__/constants.cpython-37.pyc",
        "path_type": "hardlink",
        "sha256": "9043cc9f674326c822a2d9f7e2bf7f4be3577ea20b29a8753281eec3ed7b2357",
        "sha256_in_prefix": "9043cc9f674326c822a2d9f7e2bf7f4be3577ea20b29a8753281eec3ed7b2357",
        "size_in_bytes": 1663
      },
      {
        "_path": "Lib/site-packages/jinja2/__pycache__/debug.cpython-37.pyc",
        "path_type": "hardlink",
        "sha256": "919dec3b9c3feef3210d2a8941bbd98ec309dac1fc409b2b734633185bd31515",
        "sha256_in_prefix": "919dec3b9c3feef3210d2a8941bbd98ec309dac1fc409b2b734633185bd31515",
        "size_in_bytes": 9279
      },
      {
        "_path": "Lib/site-packages/jinja2/__pycache__/defaults.cpython-37.pyc",
        "path_type": "hardlink",
        "sha256": "9fc910e15ab8913a9712197f64b544c7a7c33857f00d24d6d6c33cb9d7b99afb",
        "sha256_in_prefix": "9fc910e15ab8913a9712197f64b544c7a7c33857f00d24d6d6c33cb9d7b99afb",
        "size_in_bytes": 1413
      },
      {
        "_path": "Lib/site-packages/jinja2/__pycache__/environment.cpython-37.pyc",
        "path_type": "hardlink",
        "sha256": "1c5a96a724078e9d831e7950e1bff96bf267621e956116dbdb1a4ffbf424fe85",
        "sha256_in_prefix": "1c5a96a724078e9d831e7950e1bff96bf267621e956116dbdb1a4ffbf424fe85",
        "size_in_bytes": 43208
      },
      {
        "_path": "Lib/site-packages/jinja2/__pycache__/exceptions.cpython-37.pyc",
        "path_type": "hardlink",
        "sha256": "59df155fab1631bddc05f5ce894a1e80f39435d67aff130c4e3c33c576302c17",
        "sha256_in_prefix": "59df155fab1631bddc05f5ce894a1e80f39435d67aff130c4e3c33c576302c17",
        "size_in_bytes": 4977
      },
      {
        "_path": "Lib/site-packages/jinja2/__pycache__/ext.cpython-37.pyc",
        "path_type": "hardlink",
        "sha256": "e64581d10e74bc7b283737ec481cc33dbe1a8ce1bdc179a6e8672d8cacb8114c",
        "sha256_in_prefix": "e64581d10e74bc7b283737ec481cc33dbe1a8ce1bdc179a6e8672d8cacb8114c",
        "size_in_bytes": 19998
      },
      {
        "_path": "Lib/site-packages/jinja2/__pycache__/filters.cpython-37.pyc",
        "path_type": "hardlink",
        "sha256": "d0e3edb9b5efc11c03ba651bda363bc20aa0102b7e0f230bdcccacf4d015285a",
        "sha256_in_prefix": "d0e3edb9b5efc11c03ba651bda363bc20aa0102b7e0f230bdcccacf4d015285a",
        "size_in_bytes": 34343
      },
      {
        "_path": "Lib/site-packages/jinja2/__pycache__/idtracking.cpython-37.pyc",
        "path_type": "hardlink",
        "sha256": "f0ac379757a69427c3b087cc7effd1e2ea1e89a970219aa8950f0192baecc328",
        "sha256_in_prefix": "f0ac379757a69427c3b087cc7effd1e2ea1e89a970219aa8950f0192baecc328",
        "size_in_bytes": 9913
      },
      {
        "_path": "Lib/site-packages/jinja2/__pycache__/lexer.cpython-37.pyc",
        "path_type": "hardlink",
        "sha256": "02730da1ce630b87d88e5e50a408e0f3947064787721445b2c6c4c12433d07b7",
        "sha256_in_prefix": "02730da1ce630b87d88e5e50a408e0f3947064787721445b2c6c4c12433d07b7",
        "size_in_bytes": 18470
      },
      {
        "_path": "Lib/site-packages/jinja2/__pycache__/loaders.cpython-37.pyc",
        "path_type": "hardlink",
        "sha256": "1c6d975fb65e15b063a9bdcfc88de2cd6663e197897d11d97d04e5b5d9590fbc",
        "sha256_in_prefix": "1c6d975fb65e15b063a9bdcfc88de2cd6663e197897d11d97d04e5b5d9590fbc",
        "size_in_bytes": 16533
      },
      {
        "_path": "Lib/site-packages/jinja2/__pycache__/meta.cpython-37.pyc",
        "path_type": "hardlink",
        "sha256": "b02e005f44ea978adc96c28db1475fe08c5f72c68960140ddbb4d47254ff6cff",
        "sha256_in_prefix": "b02e005f44ea978adc96c28db1475fe08c5f72c68960140ddbb4d47254ff6cff",
        "size_in_bytes": 3626
      },
      {
        "_path": "Lib/site-packages/jinja2/__pycache__/nativetypes.cpython-37.pyc",
        "path_type": "hardlink",
        "sha256": "9210e16fd78c5aaf8939b737ea626c30738362dacdca7f4203919043c0edee03",
        "sha256_in_prefix": "9210e16fd78c5aaf8939b737ea626c30738362dacdca7f4203919043c0edee03",
        "size_in_bytes": 5082
      },
      {
        "_path": "Lib/site-packages/jinja2/__pycache__/nodes.cpython-37.pyc",
        "path_type": "hardlink",
        "sha256": "13a15a39078c1d948ded971cc54055f90cb35696e622e89aecf0fefa48bafe80",
        "sha256_in_prefix": "13a15a39078c1d948ded971cc54055f90cb35696e622e89aecf0fefa48bafe80",
        "size_in_bytes": 36042
      },
      {
        "_path": "Lib/site-packages/jinja2/__pycache__/optimizer.cpython-37.pyc",
        "path_type": "hardlink",
        "sha256": "9ea7d69edb54b86b69fa09a4dd7b659e3ff6191010e73483b884df2b9eb34da8",
        "sha256_in_prefix": "9ea7d69edb54b86b69fa09a4dd7b659e3ff6191010e73483b884df2b9eb34da8",
        "size_in_bytes": 1993
      },
      {
        "_path": "Lib/site-packages/jinja2/__pycache__/parser.cpython-37.pyc",
        "path_type": "hardlink",
        "sha256": "191a86c7e8b82ecad0a597914459037e9d220e4301f2ba141a5fba5b9a3c714f",
        "sha256_in_prefix": "191a86c7e8b82ecad0a597914459037e9d220e4301f2ba141a5fba5b9a3c714f",
        "size_in_bytes": 25137
      },
      {
        "_path": "Lib/site-packages/jinja2/__pycache__/runtime.cpython-37.pyc",
        "path_type": "hardlink",
        "sha256": "7d4e8761a3f491918ce75933309f55ebfb96341ec3b8811e635e72e9d96492fa",
        "sha256_in_prefix": "7d4e8761a3f491918ce75933309f55ebfb96341ec3b8811e635e72e9d96492fa",
        "size_in_bytes": 24545
      },
      {
        "_path": "Lib/site-packages/jinja2/__pycache__/sandbox.cpython-37.pyc",
        "path_type": "hardlink",
        "sha256": "a747ed2eb91ea7e1dd4ea05a93be0c0ad7f8701bfa049ae4129aa772991fe5eb",
        "sha256_in_prefix": "a747ed2eb91ea7e1dd4ea05a93be0c0ad7f8701bfa049ae4129aa772991fe5eb",
        "size_in_bytes": 14147
      },
      {
        "_path": "Lib/site-packages/jinja2/__pycache__/tests.cpython-37.pyc",
        "path_type": "hardlink",
        "sha256": "9e7b751a1d0f4dd128b52958e14638eb626a49281142d112866cc76daccfbc1c",
        "sha256_in_prefix": "9e7b751a1d0f4dd128b52958e14638eb626a49281142d112866cc76daccfbc1c",
        "size_in_bytes": 4369
      },
      {
        "_path": "Lib/site-packages/jinja2/__pycache__/utils.cpython-37.pyc",
        "path_type": "hardlink",
        "sha256": "68d99b1cc4f3bbfad00d2842717223c09a3b1cf634aad6736103f810b0dc2d77",
        "sha256_in_prefix": "68d99b1cc4f3bbfad00d2842717223c09a3b1cf634aad6736103f810b0dc2d77",
        "size_in_bytes": 20746
      },
      {
        "_path": "Lib/site-packages/jinja2/__pycache__/visitor.cpython-37.pyc",
        "path_type": "hardlink",
        "sha256": "c6834603507c26cbeaf954c3fda14f9512282449aab5f7bbfe2f466fd34e9de3",
        "sha256_in_prefix": "c6834603507c26cbeaf954c3fda14f9512282449aab5f7bbfe2f466fd34e9de3",
        "size_in_bytes": 3309
      },
      {
        "_path": "Lib/site-packages/jinja2/_compat.py",
        "path_type": "hardlink",
        "sha256": "c4feb4084e50afc15361c0c4d5fe78b5b64b286bccc189a5e3ef13ed0e0a1bd9",
        "sha256_in_prefix": "c4feb4084e50afc15361c0c4d5fe78b5b64b286bccc189a5e3ef13ed0e0a1bd9",
        "size_in_bytes": 2596
      },
      {
        "_path": "Lib/site-packages/jinja2/_identifier.py",
        "path_type": "hardlink",
        "sha256": "5b5401498fa226ccadea847f9ca4ae34d0b357de6f2c839881434f508d5de605",
        "sha256_in_prefix": "5b5401498fa226ccadea847f9ca4ae34d0b357de6f2c839881434f508d5de605",
        "size_in_bytes": 1726
      },
      {
        "_path": "Lib/site-packages/jinja2/asyncfilters.py",
        "path_type": "hardlink",
        "sha256": "7130cfbeb4bc1e9fc8930b19d66f5a7ff96be671f2b30eee4dae605743666551",
        "sha256_in_prefix": "7130cfbeb4bc1e9fc8930b19d66f5a7ff96be671f2b30eee4dae605743666551",
        "size_in_bytes": 4144
      },
      {
        "_path": "Lib/site-packages/jinja2/asyncsupport.py",
        "path_type": "hardlink",
        "sha256": "504ad0dd89532da4a315bf783f83159f4f3e6950fd8c9c6dcb62557cc45bfb53",
        "sha256_in_prefix": "504ad0dd89532da4a315bf783f83159f4f3e6950fd8c9c6dcb62557cc45bfb53",
        "size_in_bytes": 7878
      },
      {
        "_path": "Lib/site-packages/jinja2/bccache.py",
        "path_type": "hardlink",
        "sha256": "9d095dc7465160034cc9fbce8a146860529295475de6f2644bb063c4dc253993",
        "sha256_in_prefix": "9d095dc7465160034cc9fbce8a146860529295475de6f2644bb063c4dc253993",
        "size_in_bytes": 12794
      },
      {
        "_path": "Lib/site-packages/jinja2/compiler.py",
        "path_type": "hardlink",
        "sha256": "06a0b953a27139b49185b9724ff6ba4e9e46b44539cf7512d5ae232d06b1c60a",
        "sha256_in_prefix": "06a0b953a27139b49185b9724ff6ba4e9e46b44539cf7512d5ae232d06b1c60a",
        "size_in_bytes": 65386
      },
      {
        "_path": "Lib/site-packages/jinja2/constants.py",
        "path_type": "hardlink",
        "sha256": "bb0c15f195211e169c02ecf93d3c1c91fb1ba816aa33b68a7f224bee4197e584",
        "sha256_in_prefix": "bb0c15f195211e169c02ecf93d3c1c91fb1ba816aa33b68a7f224bee4197e584",
        "size_in_bytes": 1626
      },
      {
        "_path": "Lib/site-packages/jinja2/debug.py",
        "path_type": "hardlink",
        "sha256": "59355e5051946b8bfa45e0ac62ffa254f6b7a64341ef93a29c9b773dfc4d757b",
        "sha256_in_prefix": "59355e5051946b8bfa45e0ac62ffa254f6b7a64341ef93a29c9b773dfc4d757b",
        "size_in_bytes": 12045
      },
      {
        "_path": "Lib/site-packages/jinja2/defaults.py",
        "path_type": "hardlink",
        "sha256": "126fbde619ac27121e9c3099141d584af7fd08d85ef6b066cad377c94ac17160",
        "sha256_in_prefix": "126fbde619ac27121e9c3099141d584af7fd08d85ef6b066cad377c94ac17160",
        "size_in_bytes": 1400
      },
      {
        "_path": "Lib/site-packages/jinja2/environment.py",
        "path_type": "hardlink",
        "sha256": "56790092ac3c25b8d972de2d0321e5a41ae46b6bea07e679f1100ffb7d8fd596",
        "sha256_in_prefix": "56790092ac3c25b8d972de2d0321e5a41ae46b6bea07e679f1100ffb7d8fd596",
        "size_in_bytes": 50849
      },
      {
        "_path": "Lib/site-packages/jinja2/exceptions.py",
        "path_type": "hardlink",
        "sha256": "fd18fe3558bdf10e808848d840eb0ff1d10876ee40966447cdc48d38f7568b1e",
        "sha256_in_prefix": "fd18fe3558bdf10e808848d840eb0ff1d10876ee40966447cdc48d38f7568b1e",
        "size_in_bytes": 4428
      },
      {
        "_path": "Lib/site-packages/jinja2/ext.py",
        "path_type": "hardlink",
        "sha256": "6ad310c9d102f3ab4dd7352c750887c392f9705eb69c36ea1ae7b6e588aedcde",
        "sha256_in_prefix": "6ad310c9d102f3ab4dd7352c750887c392f9705eb69c36ea1ae7b6e588aedcde",
        "size_in_bytes": 24500
      },
      {
        "_path": "Lib/site-packages/jinja2/filters.py",
        "path_type": "hardlink",
        "sha256": "c8e00993432c1fefe0102d22d14e8dc1e55085bb58682fae13cc6cc0714b178c",
        "sha256_in_prefix": "c8e00993432c1fefe0102d22d14e8dc1e55085bb58682fae13cc6cc0714b178c",
        "size_in_bytes": 36528
      },
      {
        "_path": "Lib/site-packages/jinja2/idtracking.py",
        "path_type": "hardlink",
        "sha256": "d866c34b322f180ac40462e4a2f2e4a847e6631996b047fc737419c0ce2e36cc",
        "sha256_in_prefix": "d866c34b322f180ac40462e4a2f2e4a847e6631996b047fc737419c0ce2e36cc",
        "size_in_bytes": 9197
      },
      {
        "_path": "Lib/site-packages/jinja2/lexer.py",
        "path_type": "hardlink",
        "sha256": "c9210fa1777583bc118ecbb0db7ba2992ea79063796aaad8c1c38ac426953014",
        "sha256_in_prefix": "c9210fa1777583bc118ecbb0db7ba2992ea79063796aaad8c1c38ac426953014",
        "size_in_bytes": 28559
      },
      {
        "_path": "Lib/site-packages/jinja2/loaders.py",
        "path_type": "hardlink",
        "sha256": "c624ee51128010e6f2ca6d2753c3c2217bbf429f1f9f4009e682000d4526fb94",
        "sha256_in_prefix": "c624ee51128010e6f2ca6d2753c3c2217bbf429f1f9f4009e682000d4526fb94",
        "size_in_bytes": 17382
      },
      {
        "_path": "Lib/site-packages/jinja2/meta.py",
        "path_type": "hardlink",
        "sha256": "7e6287c649996003a6f50c965b2f0431de9e79f008876df8ae404c5b65f8651f",
        "sha256_in_prefix": "7e6287c649996003a6f50c965b2f0431de9e79f008876df8ae404c5b65f8651f",
        "size_in_bytes": 4340
      },
      {
        "_path": "Lib/site-packages/jinja2/nativetypes.py",
        "path_type": "hardlink",
        "sha256": "fec2614bc7fef10d103080b4766d5811d2f2c44ca83be91c87ca8e2f9c540df1",
        "sha256_in_prefix": "fec2614bc7fef10d103080b4766d5811d2f2c44ca83be91c87ca8e2f9c540df1",
        "size_in_bytes": 7308
      },
      {
        "_path": "Lib/site-packages/jinja2/nodes.py",
        "path_type": "hardlink",
        "sha256": "2f5d0bfe74037ee6cb84edd78e917dab3e3a1528767252feddee3da205653260",
        "sha256_in_prefix": "2f5d0bfe74037ee6cb84edd78e917dab3e3a1528767252feddee3da205653260",
        "size_in_bytes": 30853
      },
      {
        "_path": "Lib/site-packages/jinja2/optimizer.py",
        "path_type": "hardlink",
        "sha256": "32c765140089d0545d3ed8e608076dec943d486ad715a0cd51ab25b1641a1b73",
        "sha256_in_prefix": "32c765140089d0545d3ed8e608076dec943d486ad715a0cd51ab25b1641a1b73",
        "size_in_bytes": 1722
      },
      {
        "_path": "Lib/site-packages/jinja2/parser.py",
        "path_type": "hardlink",
        "sha256": "94fcd311b7294d104bc3c8a2e8e6321311de0216992cc034e47a6fe2597750b9",
        "sha256_in_prefix": "94fcd311b7294d104bc3c8a2e8e6321311de0216992cc034e47a6fe2597750b9",
        "size_in_bytes": 35875
      },
      {
        "_path": "Lib/site-packages/jinja2/runtime.py",
        "path_type": "hardlink",
        "sha256": "0c7743dfc3eaf208fbb96402e6eb09c961683562f7d7b03d02f5ce5bf08b077e",
        "sha256_in_prefix": "0c7743dfc3eaf208fbb96402e6eb09c961683562f7d7b03d02f5ce5bf08b077e",
        "size_in_bytes": 27755
      },
      {
        "_path": "Lib/site-packages/jinja2/sandbox.py",
        "path_type": "hardlink",
        "sha256": "5265fc8558dd6844426c0dd15c1c2b5757fe6de036dca9a28c6e64ccf2725380",
        "sha256_in_prefix": "5265fc8558dd6844426c0dd15c1c2b5757fe6de036dca9a28c6e64ccf2725380",
        "size_in_bytes": 17106
      },
      {
        "_path": "Lib/site-packages/jinja2/tests.py",
        "path_type": "hardlink",
        "sha256": "88940bc1b6a966bf842aab931bf7d53957701d450a7f7497f5e3648d00c5f285",
        "sha256_in_prefix": "88940bc1b6a966bf842aab931bf7d53957701d450a7f7497f5e3648d00c5f285",
        "size_in_bytes": 4237
      },
      {
        "_path": "Lib/site-packages/jinja2/utils.py",
        "path_type": "hardlink",
        "sha256": "ab6e15ba9199a2d43eb8ecab27109a5ed0d68590b5460b101bb91c7668dc9364",
        "sha256_in_prefix": "ab6e15ba9199a2d43eb8ecab27109a5ed0d68590b5460b101bb91c7668dc9364",
        "size_in_bytes": 20629
      },
      {
        "_path": "Lib/site-packages/jinja2/visitor.py",
        "path_type": "hardlink",
        "sha256": "243d47d5c00d036f49727b457cde5f3f2a90c41e1b238c02d3407365af971e4b",
        "sha256_in_prefix": "243d47d5c00d036f49727b457cde5f3f2a90c41e1b238c02d3407365af971e4b",
        "size_in_bytes": 3316
      }
    ],
    "paths_version": 1
  },
  "requested_spec": "None",
  "sha256": "c8767afc4c7562db6652e515a58e35e8eff407bb1d5a3a0be04652d5833a0925",
  "size": 197496,
  "subdir": "win-64",
  "timestamp": 1555082362057,
  "track_features": "",
  "url": "https://repo.anaconda.com/pkgs/main/win-64/jinja2-2.10.1-py37_0.conda",
  "version": "2.10.1"
}