{
  "build": "hebabd0d_0",
  "build_number": 0,
  "channel": "https://repo.anaconda.com/pkgs/main/win-64",
  "constrains": [],
  "depends": [
    "bzip2 >=1.0.8,<2.0a0",
    "libiconv >=1.16,<2.0a0",
    "libxml2 >=2.9.14,<2.10.0a0",
    "lz4-c >=1.9.3,<1.10.0a0",
    "openssl >=1.1.1q,<1.1.2a",
    "vc >=14.1,<15.0a0",
    "vs2015_runtime >=14.16.27012,<15.0a0",
    "xz >=5.2.5,<6.0a0",
    "zlib >=1.2.12,<1.3.0a0",
    "zstd >=1.5.2,<1.6.0a0"
  ],
  "extracted_package_dir": "D:\\Users\\Ravi\\miniconda3\\pkgs\\libarchive-3.6.1-hebabd0d_0",
  "features": "",
  "files": [
    "Library/bin/archive.dll",
    "Library/bin/bsdcat.exe",
    "Library/bin/bsdcpio.exe",
    "Library/bin/bsdtar.exe",
    "Library/include/archive.h",
    "Library/include/archive_entry.h",
    "Library/lib/archive.lib",
    "Library/lib/archive_static.lib",
    "Library/lib/pkgconfig/libarchive.pc",
    "Library/share/man/man1/bsdcat.1",
    "Library/share/man/man1/bsdcpio.1",
    "Library/share/man/man1/bsdtar.1",
    "Library/share/man/man3/archive_entry.3",
    "Library/share/man/man3/archive_entry_acl.3",
    "Library/share/man/man3/archive_entry_linkify.3",
    "Library/share/man/man3/archive_entry_misc.3",
    "Library/share/man/man3/archive_entry_paths.3",
    "Library/share/man/man3/archive_entry_perms.3",
    "Library/share/man/man3/archive_entry_stat.3",
    "Library/share/man/man3/archive_entry_time.3",
    "Library/share/man/man3/archive_read.3",
    "Library/share/man/man3/archive_read_add_passphrase.3",
    "Library/share/man/man3/archive_read_data.3",
    "Library/share/man/man3/archive_read_disk.3",
    "Library/share/man/man3/archive_read_extract.3",
    "Library/share/man/man3/archive_read_filter.3",
    "Library/share/man/man3/archive_read_format.3",
    "Library/share/man/man3/archive_read_free.3",
    "Library/share/man/man3/archive_read_header.3",
    "Library/share/man/man3/archive_read_new.3",
    "Library/share/man/man3/archive_read_open.3",
    "Library/share/man/man3/archive_read_set_options.3",
    "Library/share/man/man3/archive_util.3",
    "Library/share/man/man3/archive_write.3",
    "Library/share/man/man3/archive_write_blocksize.3",
    "Library/share/man/man3/archive_write_data.3",
    "Library/share/man/man3/archive_write_disk.3",
    "Library/share/man/man3/archive_write_filter.3",
    "Library/share/man/man3/archive_write_finish_entry.3",
    "Library/share/man/man3/archive_write_format.3",
    "Library/share/man/man3/archive_write_free.3",
    "Library/share/man/man3/archive_write_header.3",
    "Library/share/man/man3/archive_write_new.3",
    "Library/share/man/man3/archive_write_open.3",
    "Library/share/man/man3/archive_write_set_options.3",
    "Library/share/man/man3/archive_write_set_passphrase.3",
    "Library/share/man/man3/libarchive.3",
    "Library/share/man/man3/libarchive_changes.3",
    "Library/share/man/man3/libarchive_internals.3",
    "Library/share/man/man5/cpio.5",
    "Library/share/man/man5/libarchive-formats.5",
    "Library/share/man/man5/mtree.5",
    "Library/share/man/man5/tar.5",
    "Library/share/man/pdf/archive_entry.3.pdf",
    "Library/share/man/pdf/archive_entry_acl.3.pdf",
    "Library/share/man/pdf/archive_entry_linkify.3.pdf",
    "Library/share/man/pdf/archive_entry_misc.3.pdf",
    "Library/share/man/pdf/archive_entry_paths.3.pdf",
    "Library/share/man/pdf/archive_entry_perms.3.pdf",
    "Library/share/man/pdf/archive_entry_stat.3.pdf",
    "Library/share/man/pdf/archive_entry_time.3.pdf",
    "Library/share/man/pdf/archive_read.3.pdf",
    "Library/share/man/pdf/archive_read_add_passphrase.3.pdf",
    "Library/share/man/pdf/archive_read_data.3.pdf",
    "Library/share/man/pdf/archive_read_disk.3.pdf",
    "Library/share/man/pdf/archive_read_extract.3.pdf",
    "Library/share/man/pdf/archive_read_filter.3.pdf",
    "Library/share/man/pdf/archive_read_format.3.pdf",
    "Library/share/man/pdf/archive_read_free.3.pdf",
    "Library/share/man/pdf/archive_read_header.3.pdf",
    "Library/share/man/pdf/archive_read_new.3.pdf",
    "Library/share/man/pdf/archive_read_open.3.pdf",
    "Library/share/man/pdf/archive_read_set_options.3.pdf",
    "Library/share/man/pdf/archive_util.3.pdf",
    "Library/share/man/pdf/archive_write.3.pdf",
    "Library/share/man/pdf/archive_write_blocksize.3.pdf",
    "Library/share/man/pdf/archive_write_data.3.pdf",
    "Library/share/man/pdf/archive_write_disk.3.pdf",
    "Library/share/man/pdf/archive_write_filter.3.pdf",
    "Library/share/man/pdf/archive_write_finish_entry.3.pdf",
    "Library/share/man/pdf/archive_write_format.3.pdf",
    "Library/share/man/pdf/archive_write_free.3.pdf",
    "Library/share/man/pdf/archive_write_header.3.pdf",
    "Library/share/man/pdf/archive_write_new.3.pdf",
    "Library/share/man/pdf/archive_write_open.3.pdf",
    "Library/share/man/pdf/archive_write_set_options.3.pdf",
    "Library/share/man/pdf/archive_write_set_passphrase.3.pdf",
    "Library/share/man/pdf/bsdcpio.1.pdf",
    "Library/share/man/pdf/bsdtar.1.pdf",
    "Library/share/man/pdf/cpio.5.pdf",
    "Library/share/man/pdf/libarchive-formats.5.pdf",
    "Library/share/man/pdf/libarchive.3.pdf",
    "Library/share/man/pdf/libarchive_changes.3.pdf",
    "Library/share/man/pdf/libarchive_internals.3.pdf",
    "Library/share/man/pdf/mtree.5.pdf",
    "Library/share/man/pdf/tar.5.pdf",
    ".nonadmin"
  ],
  "fn": "libarchive-3.6.1-hebabd0d_0.conda",
  "legacy_bz2_md5": "8a1ee90acf866bba42562b6e166d078a",
  "license": "BSD-2-Clause",
  "license_family": "BSD",
  "link": {
    "source": "D:\\Users\\Ravi\\miniconda3\\pkgs\\libarchive-3.6.1-hebabd0d_0",
    "type": 1
  },
  "md5": "fda400ce1f57ad030a77317dbadea619",
  "name": "libarchive",
  "package_tarball_full_path": "D:\\Users\\Ravi\\miniconda3\\pkgs\\libarchive-3.6.1-hebabd0d_0.conda",
  "paths_data": {
    "paths": [
      {
        "_path": "Library/bin/archive.dll",
        "path_type": "hardlink",
        "sha256": "7fe7b92a1083b8dfa668f180177a6a93db0e5485c57e4d630e43a431ae44c9f4",
        "sha256_in_prefix": "7fe7b92a1083b8dfa668f180177a6a93db0e5485c57e4d630e43a431ae44c9f4",
        "size_in_bytes": 1153536
      },
      {
        "_path": "Library/bin/bsdcat.exe",
        "path_type": "hardlink",
        "sha256": "7fa03f9f300acd68ea7d661f174f78d575ce001d13271957996787bc43baf819",
        "sha256_in_prefix": "7fa03f9f300acd68ea7d661f174f78d575ce001d13271957996787bc43baf819",
        "size_in_bytes": 226816
      },
      {
        "_path": "Library/bin/bsdcpio.exe",
        "path_type": "hardlink",
        "sha256": "455576d280be0e2dc2da749d0512cc7cf5cb074acfae4d69ba2ec1a14462d3e5",
        "sha256_in_prefix": "455576d280be0e2dc2da749d0512cc7cf5cb074acfae4d69ba2ec1a14462d3e5",
        "size_in_bytes": 1149440
      },
      {
        "_path": "Library/bin/bsdtar.exe",
        "path_type": "hardlink",
        "sha256": "9b52c85059a4c6331fe07dca4c0cfbe2c9df83bdb9a50d7c4eed3e94f6666e68",
        "sha256_in_prefix": "9b52c85059a4c6331fe07dca4c0cfbe2c9df83bdb9a50d7c4eed3e94f6666e68",
        "size_in_bytes": 1177088
      },
      {
        "_path": "Library/include/archive.h",
        "path_type": "hardlink",
        "sha256": "c39ba1770108dcc17cc79db2059e6d7891e267f79e66baf89cac9221395bef0c",
        "sha256_in_prefix": "c39ba1770108dcc17cc79db2059e6d7891e267f79e66baf89cac9221395bef0c",
        "size_in_bytes": 53655
      },
      {
        "_path": "Library/include/archive_entry.h",
        "path_type": "hardlink",
        "sha256": "fac0aa77555ee4c3fd97e10c7dfabe749ced2979e5c8afc57928054ddd2ac3c6",
        "sha256_in_prefix": "fac0aa77555ee4c3fd97e10c7dfabe749ced2979e5c8afc57928054ddd2ac3c6",
        "size_in_bytes": 33692
      },
      {
        "_path": "Library/lib/archive.lib",
        "path_type": "hardlink",
        "sha256": "b131a038397b96fd74f7d05f640159fa9e04d725052a1c82fdb709a3151a00d8",
        "sha256_in_prefix": "b131a038397b96fd74f7d05f640159fa9e04d725052a1c82fdb709a3151a00d8",
        "size_in_bytes": 112500
      },
      {
        "_path": "Library/lib/archive_static.lib",
        "path_type": "hardlink",
        "sha256": "c9095b4314abbefc5eddb968dd87aa874f81be6f0fde4ac406a8a40380a1b488",
        "sha256_in_prefix": "c9095b4314abbefc5eddb968dd87aa874f81be6f0fde4ac406a8a40380a1b488",
        "size_in_bytes": 2007376
      },
      {
        "_path": "Library/lib/pkgconfig/libarchive.pc",
        "file_mode": "text",
        "path_type": "hardlink",
        "prefix_placeholder": "C:/b/abs_08_eiw02j9/croots/recipe/libarchive_1663062309648/_h_env",
        "sha256": "ec6e2da2588cd3b59cb05fe7932686136f0fc9a30ef0cc4ef091b6b8e5bd4bab",
        "sha256_in_prefix": "7b9ae13144b8741ca288ca1e34e726f324add159d6d3203843609758db29202b",
        "size_in_bytes": 458
      },
      {
        "_path": "Library/share/man/man1/bsdcat.1",
        "path_type": "hardlink",
        "sha256": "17f86478a417a4192121a8bc977ae163ea4abf9be24e571ce2cbe68515743718",
        "sha256_in_prefix": "17f86478a417a4192121a8bc977ae163ea4abf9be24e571ce2cbe68515743718",
        "size_in_bytes": 2108
      },
      {
        "_path": "Library/share/man/man1/bsdcpio.1",
        "path_type": "hardlink",
        "sha256": "c817b9809ecfce9538735596fab8408213e3f324229e21f2f38c88ddf2a4e8bf",
        "sha256_in_prefix": "c817b9809ecfce9538735596fab8408213e3f324229e21f2f38c88ddf2a4e8bf",
        "size_in_bytes": 12654
      },
      {
        "_path": "Library/share/man/man1/bsdtar.1",
        "path_type": "hardlink",
        "sha256": "3c1c9b323552feb4bbc0684f913dd472a505abbcd9817cb9010a68cd598691d8",
        "sha256_in_prefix": "3c1c9b323552feb4bbc0684f913dd472a505abbcd9817cb9010a68cd598691d8",
        "size_in_bytes": 39262
      },
      {
        "_path": "Library/share/man/man3/archive_entry.3",
        "path_type": "hardlink",
        "sha256": "8988d24b17be02009cd22b4172973b5ef56552b9ea4936516bf815dcc553f760",
        "sha256_in_prefix": "8988d24b17be02009cd22b4172973b5ef56552b9ea4936516bf815dcc553f760",
        "size_in_bytes": 4964
      },
      {
        "_path": "Library/share/man/man3/archive_entry_acl.3",
        "path_type": "hardlink",
        "sha256": "deae584dd9f340157e9679c162e18c561a18bea6a843d5cf69e949155a3365c1",
        "sha256_in_prefix": "deae584dd9f340157e9679c162e18c561a18bea6a843d5cf69e949155a3365c1",
        "size_in_bytes": 14662
      },
      {
        "_path": "Library/share/man/man3/archive_entry_linkify.3",
        "path_type": "hardlink",
        "sha256": "5977d279447fd69f50010c12bc2193bcb2f8ba39bb5552685d2bc744249d977c",
        "sha256_in_prefix": "5977d279447fd69f50010c12bc2193bcb2f8ba39bb5552685d2bc744249d977c",
        "size_in_bytes": 6045
      },
      {
        "_path": "Library/share/man/man3/archive_entry_misc.3",
        "path_type": "hardlink",
        "sha256": "154ce58f01b3f3d96092cfe376bf99c6313eabc8d9877993491cd27863507567",
        "sha256_in_prefix": "154ce58f01b3f3d96092cfe376bf99c6313eabc8d9877993491cd27863507567",
        "size_in_bytes": 2527
      },
      {
        "_path": "Library/share/man/man3/archive_entry_paths.3",
        "path_type": "hardlink",
        "sha256": "1c9bd14df9efdee5f32572bd3300d74a502417ec2e46ae189440fd055807cabf",
        "sha256_in_prefix": "1c9bd14df9efdee5f32572bd3300d74a502417ec2e46ae189440fd055807cabf",
        "size_in_bytes": 5659
      },
      {
        "_path": "Library/share/man/man3/archive_entry_perms.3",
        "path_type": "hardlink",
        "sha256": "df0f7693681afe22690f2e697adfb2e3f15a167ece1b0f62e14e83517e12316c",
        "sha256_in_prefix": "df0f7693681afe22690f2e697adfb2e3f15a167ece1b0f62e14e83517e12316c",
        "size_in_bytes": 7769
      },
      {
        "_path": "Library/share/man/man3/archive_entry_stat.3",
        "path_type": "hardlink",
        "sha256": "b82ff43c981d9ab490e3f56e39a798e11f4790582f732e5d8c742f0a8b00a1f8",
        "sha256_in_prefix": "b82ff43c981d9ab490e3f56e39a798e11f4790582f732e5d8c742f0a8b00a1f8",
        "size_in_bytes": 8293
      },
      {
        "_path": "Library/share/man/man3/archive_entry_time.3",
        "path_type": "hardlink",
        "sha256": "ebdedde9f93ce50f24b6554b4ce42a3983d4fc8c9b866105b567823ea1cf03de",
        "sha256_in_prefix": "ebdedde9f93ce50f24b6554b4ce42a3983d4fc8c9b866105b567823ea1cf03de",
        "size_in_bytes": 4612
      },
      {
        "_path": "Library/share/man/man3/archive_read.3",
        "path_type": "hardlink",
        "sha256": "79e3eaffaff80c4542b1c333e55ac944e712169fc4e6c0df4d23a7a4d702c9b8",
        "sha256_in_prefix": "79e3eaffaff80c4542b1c333e55ac944e712169fc4e6c0df4d23a7a4d702c9b8",
        "size_in_bytes": 7351
      },
      {
        "_path": "Library/share/man/man3/archive_read_add_passphrase.3",
        "path_type": "hardlink",
        "sha256": "6d2db9a4f81eec6da8d5eb146c44aeffea3e8e36980ed4dc688d9f1908a6dca9",
        "sha256_in_prefix": "6d2db9a4f81eec6da8d5eb146c44aeffea3e8e36980ed4dc688d9f1908a6dca9",
        "size_in_bytes": 2538
      },
      {
        "_path": "Library/share/man/man3/archive_read_data.3",
        "path_type": "hardlink",
        "sha256": "5b5ead016322ee7e8beece02f1b0ab7dfb8c91a94aea39c5dbb77f26702de00d",
        "sha256_in_prefix": "5b5ead016322ee7e8beece02f1b0ab7dfb8c91a94aea39c5dbb77f26702de00d",
        "size_in_bytes": 4331
      },
      {
        "_path": "Library/share/man/man3/archive_read_disk.3",
        "path_type": "hardlink",
        "sha256": "e64fb6188e422d08c350e4f992590d52bd4f0fdfb9278fa6000bbb6d55d44054",
        "sha256_in_prefix": "e64fb6188e422d08c350e4f992590d52bd4f0fdfb9278fa6000bbb6d55d44054",
        "size_in_bytes": 13983
      },
      {
        "_path": "Library/share/man/man3/archive_read_extract.3",
        "path_type": "hardlink",
        "sha256": "30bfd6b556d687b004de5e8cf2ec50f614f1dc39e2ca2e187648812913281616",
        "sha256_in_prefix": "30bfd6b556d687b004de5e8cf2ec50f614f1dc39e2ca2e187648812913281616",
        "size_in_bytes": 4492
      },
      {
        "_path": "Library/share/man/man3/archive_read_filter.3",
        "path_type": "hardlink",
        "sha256": "a20fa49652bfb7e1ef4be930ddb874dfdfa42a43dad50fb5187625ad03cc339c",
        "sha256_in_prefix": "a20fa49652bfb7e1ef4be930ddb874dfdfa42a43dad50fb5187625ad03cc339c",
        "size_in_bytes": 5694
      },
      {
        "_path": "Library/share/man/man3/archive_read_format.3",
        "path_type": "hardlink",
        "sha256": "336b473fd57e44919c77ecc48021cdbcc67ee3d0d22a03ace62000b887a8d64d",
        "sha256_in_prefix": "336b473fd57e44919c77ecc48021cdbcc67ee3d0d22a03ace62000b887a8d64d",
        "size_in_bytes": 6109
      },
      {
        "_path": "Library/share/man/man3/archive_read_free.3",
        "path_type": "hardlink",
        "sha256": "6563a3dc62b9438f0b5ebe7d18a335482c21d1127831ecaa2b7345877f89a437",
        "sha256_in_prefix": "6563a3dc62b9438f0b5ebe7d18a335482c21d1127831ecaa2b7345877f89a437",
        "size_in_bytes": 3147
      },
      {
        "_path": "Library/share/man/man3/archive_read_header.3",
        "path_type": "hardlink",
        "sha256": "869dd5af48604dd69085d1406a286d741075d2fca1a5dbb4da05814d875b044c",
        "sha256_in_prefix": "869dd5af48604dd69085d1406a286d741075d2fca1a5dbb4da05814d875b044c",
        "size_in_bytes": 3039
      },
      {
        "_path": "Library/share/man/man3/archive_read_new.3",
        "path_type": "hardlink",
        "sha256": "65ccf6fbfd1795a3ff076f3e80fbd81ea5abfe3f61c6bb7e93ee122b28f694ee",
        "sha256_in_prefix": "65ccf6fbfd1795a3ff076f3e80fbd81ea5abfe3f61c6bb7e93ee122b28f694ee",
        "size_in_bytes": 2125
      },
      {
        "_path": "Library/share/man/man3/archive_read_open.3",
        "path_type": "hardlink",
        "sha256": "3d2cbe35eeb8408000bc14ac1c33577db7eb79faee19417b2d250c4bd5bffebf",
        "sha256_in_prefix": "3d2cbe35eeb8408000bc14ac1c33577db7eb79faee19417b2d250c4bd5bffebf",
        "size_in_bytes": 6938
      },
      {
        "_path": "Library/share/man/man3/archive_read_set_options.3",
        "path_type": "hardlink",
        "sha256": "996684279b2763ca65640917118f8a81689dc4ae63377c8f9992de19afb15e15",
        "sha256_in_prefix": "996684279b2763ca65640917118f8a81689dc4ae63377c8f9992de19afb15e15",
        "size_in_bytes": 7051
      },
      {
        "_path": "Library/share/man/man3/archive_util.3",
        "path_type": "hardlink",
        "sha256": "216fd5805dd4d3a1e833131f9e36f0c6295013ea0cea280fece08e237e893bab",
        "sha256_in_prefix": "216fd5805dd4d3a1e833131f9e36f0c6295013ea0cea280fece08e237e893bab",
        "size_in_bytes": 7141
      },
      {
        "_path": "Library/share/man/man3/archive_write.3",
        "path_type": "hardlink",
        "sha256": "ff6f39779c9ca794dd7f853adccf7a9c38d9b6388897f854b57caff6b30963ca",
        "sha256_in_prefix": "ff6f39779c9ca794dd7f853adccf7a9c38d9b6388897f854b57caff6b30963ca",
        "size_in_bytes": 7495
      },
      {
        "_path": "Library/share/man/man3/archive_write_blocksize.3",
        "path_type": "hardlink",
        "sha256": "2be6812e3f251ec3b90b40f97c47a8c332c84d717c5ab232a6ca6d9e0dc1c064",
        "sha256_in_prefix": "2be6812e3f251ec3b90b40f97c47a8c332c84d717c5ab232a6ca6d9e0dc1c064",
        "size_in_bytes": 4228
      },
      {
        "_path": "Library/share/man/man3/archive_write_data.3",
        "path_type": "hardlink",
        "sha256": "269cec95241ec229fe0739e771f26116cae1d0b0823e55b392bb6c02044b54fb",
        "sha256_in_prefix": "269cec95241ec229fe0739e771f26116cae1d0b0823e55b392bb6c02044b54fb",
        "size_in_bytes": 3165
      },
      {
        "_path": "Library/share/man/man3/archive_write_disk.3",
        "path_type": "hardlink",
        "sha256": "e8303c2e6e66da689d23f639c275ff6d1a5b055c2d0e6e38ca83c7e577f56488",
        "sha256_in_prefix": "e8303c2e6e66da689d23f639c275ff6d1a5b055c2d0e6e38ca83c7e577f56488",
        "size_in_bytes": 12106
      },
      {
        "_path": "Library/share/man/man3/archive_write_filter.3",
        "path_type": "hardlink",
        "sha256": "7e2c818c466da2e5dcb893c463bf55f2b4e5f5b16c74f4893271cc03527175c6",
        "sha256_in_prefix": "7e2c818c466da2e5dcb893c463bf55f2b4e5f5b16c74f4893271cc03527175c6",
        "size_in_bytes": 4574
      },
      {
        "_path": "Library/share/man/man3/archive_write_finish_entry.3",
        "path_type": "hardlink",
        "sha256": "283ea2da203151bce8939dff6e3a5d360f2845e5a6ba584f63a9d186141b562d",
        "sha256_in_prefix": "283ea2da203151bce8939dff6e3a5d360f2845e5a6ba584f63a9d186141b562d",
        "size_in_bytes": 2729
      },
      {
        "_path": "Library/share/man/man3/archive_write_format.3",
        "path_type": "hardlink",
        "sha256": "76df326d6165a81ae5c9b9762b503900f5d48ae29667c25adb836a84b04c0de3",
        "sha256_in_prefix": "76df326d6165a81ae5c9b9762b503900f5d48ae29667c25adb836a84b04c0de3",
        "size_in_bytes": 6558
      },
      {
        "_path": "Library/share/man/man3/archive_write_free.3",
        "path_type": "hardlink",
        "sha256": "070d7ed1d3d2cdda2dee314321bfa31b719bab98c26d62a88d82ad655a5e35c4",
        "sha256_in_prefix": "070d7ed1d3d2cdda2dee314321bfa31b719bab98c26d62a88d82ad655a5e35c4",
        "size_in_bytes": 3126
      },
      {
        "_path": "Library/share/man/man3/archive_write_header.3",
        "path_type": "hardlink",
        "sha256": "a82d2f68e474f3649f06b6ff6ec2a10776658372499eb6aac4b1dcf0d93f4f2a",
        "sha256_in_prefix": "a82d2f68e474f3649f06b6ff6ec2a10776658372499eb6aac4b1dcf0d93f4f2a",
        "size_in_bytes": 2499
      },
      {
        "_path": "Library/share/man/man3/archive_write_new.3",
        "path_type": "hardlink",
        "sha256": "170d047b9def4488177127ab87d1fad194b21211a85afe2846c2123a12140a6e",
        "sha256_in_prefix": "170d047b9def4488177127ab87d1fad194b21211a85afe2846c2123a12140a6e",
        "size_in_bytes": 2064
      },
      {
        "_path": "Library/share/man/man3/archive_write_open.3",
        "path_type": "hardlink",
        "sha256": "a04d012bf0fb968c9f8ee597adfb22c8abdd28230715ba7ce35b1e11ef6d4b51",
        "sha256_in_prefix": "a04d012bf0fb968c9f8ee597adfb22c8abdd28230715ba7ce35b1e11ef6d4b51",
        "size_in_bytes": 8206
      },
      {
        "_path": "Library/share/man/man3/archive_write_set_options.3",
        "path_type": "hardlink",
        "sha256": "9c9d557dfbd70b6d9fdd8d56a259b793bd3bd6059bfd8304e446e2bc89829698",
        "sha256_in_prefix": "9c9d557dfbd70b6d9fdd8d56a259b793bd3bd6059bfd8304e446e2bc89829698",
        "size_in_bytes": 22685
      },
      {
        "_path": "Library/share/man/man3/archive_write_set_passphrase.3",
        "path_type": "hardlink",
        "sha256": "4b4038a81ead5664550de5493ebe3b2f416a3515ecdc9045c11a64884c32a569",
        "sha256_in_prefix": "4b4038a81ead5664550de5493ebe3b2f416a3515ecdc9045c11a64884c32a569",
        "size_in_bytes": 2521
      },
      {
        "_path": "Library/share/man/man3/libarchive.3",
        "path_type": "hardlink",
        "sha256": "c4498d5e1dac2e10bb769f2b7b60ffbb74deb04522a385ae7ef82461919d396b",
        "sha256_in_prefix": "c4498d5e1dac2e10bb769f2b7b60ffbb74deb04522a385ae7ef82461919d396b",
        "size_in_bytes": 8380
      },
      {
        "_path": "Library/share/man/man3/libarchive_changes.3",
        "path_type": "hardlink",
        "sha256": "8330319a05637e9e22a27deaac89ebf1ca9fc7589c4d40a3a537e88bcc8447a8",
        "sha256_in_prefix": "8330319a05637e9e22a27deaac89ebf1ca9fc7589c4d40a3a537e88bcc8447a8",
        "size_in_bytes": 10190
      },
      {
        "_path": "Library/share/man/man3/libarchive_internals.3",
        "path_type": "hardlink",
        "sha256": "e3770bf5fcf0c07e10d4b50f72a36ad8a4dace7b90c51d2c0895c445544f2e2d",
        "sha256_in_prefix": "e3770bf5fcf0c07e10d4b50f72a36ad8a4dace7b90c51d2c0895c445544f2e2d",
        "size_in_bytes": 13683
      },
      {
        "_path": "Library/share/man/man5/cpio.5",
        "path_type": "hardlink",
        "sha256": "6a007565152f12a03ac29f9a14f174a3557b99d5b42d403ab6341047fab11fbd",
        "sha256_in_prefix": "6a007565152f12a03ac29f9a14f174a3557b99d5b42d403ab6341047fab11fbd",
        "size_in_bytes": 13373
      },
      {
        "_path": "Library/share/man/man5/libarchive-formats.5",
        "path_type": "hardlink",
        "sha256": "a4839a630eb25411b324e644d557d505ffbeda1be06bc8430055b981ee0ffc74",
        "sha256_in_prefix": "a4839a630eb25411b324e644d557d505ffbeda1be06bc8430055b981ee0ffc74",
        "size_in_bytes": 18994
      },
      {
        "_path": "Library/share/man/man5/mtree.5",
        "path_type": "hardlink",
        "sha256": "9d7880ba2b88636a38962dd88dc7c1b201d4a3c0ab05173739a26348b1662910",
        "sha256_in_prefix": "9d7880ba2b88636a38962dd88dc7c1b201d4a3c0ab05173739a26348b1662910",
        "size_in_bytes": 8085
      },
      {
        "_path": "Library/share/man/man5/tar.5",
        "path_type": "hardlink",
        "sha256": "c188dc08279cda87c598c8180d612299b9adb434023380daac8d2f35e9f1cee0",
        "sha256_in_prefix": "c188dc08279cda87c598c8180d612299b9adb434023380daac8d2f35e9f1cee0",
        "size_in_bytes": 31748
      },
      {
        "_path": "Library/share/man/pdf/archive_entry.3.pdf",
        "path_type": "hardlink",
        "sha256": "1421443c72f9441610d0f1feecc1dfd0e0a3d1ebdbcc7d5e3e6217f05cd8f243",
        "sha256_in_prefix": "1421443c72f9441610d0f1feecc1dfd0e0a3d1ebdbcc7d5e3e6217f05cd8f243",
        "size_in_bytes": 28974
      },
      {
        "_path": "Library/share/man/pdf/archive_entry_acl.3.pdf",
        "path_type": "hardlink",
        "sha256": "d9fef9565dc01356c5dfcccc0b950a27b3b251c8595a90a0781a2580fe13c996",
        "sha256_in_prefix": "d9fef9565dc01356c5dfcccc0b950a27b3b251c8595a90a0781a2580fe13c996",
        "size_in_bytes": 38581
      },
      {
        "_path": "Library/share/man/pdf/archive_entry_linkify.3.pdf",
        "path_type": "hardlink",
        "sha256": "ca8bf67ebb4a72cefe02f6f238f1e7b85b25ee75bd7ea3664369c3c59b8b88f4",
        "sha256_in_prefix": "ca8bf67ebb4a72cefe02f6f238f1e7b85b25ee75bd7ea3664369c3c59b8b88f4",
        "size_in_bytes": 28261
      },
      {
        "_path": "Library/share/man/pdf/archive_entry_misc.3.pdf",
        "path_type": "hardlink",
        "sha256": "7bb35f66e9520638c7295a53670d49b7a7e6330132cc7be60be580c55a0e3078",
        "sha256_in_prefix": "7bb35f66e9520638c7295a53670d49b7a7e6330132cc7be60be580c55a0e3078",
        "size_in_bytes": 21711
      },
      {
        "_path": "Library/share/man/pdf/archive_entry_paths.3.pdf",
        "path_type": "hardlink",
        "sha256": "5c6c41b109644bb7ef38e0d6e369d026a88c640f0883621ff29ba450f9636258",
        "sha256_in_prefix": "5c6c41b109644bb7ef38e0d6e369d026a88c640f0883621ff29ba450f9636258",
        "size_in_bytes": 25117
      },
      {
        "_path": "Library/share/man/pdf/archive_entry_perms.3.pdf",
        "path_type": "hardlink",
        "sha256": "5d76f82c643f4d07050b604c0278dfbe19300dd5cb7bfeaf8ae17c87d3a96ed1",
        "sha256_in_prefix": "5d76f82c643f4d07050b604c0278dfbe19300dd5cb7bfeaf8ae17c87d3a96ed1",
        "size_in_bytes": 29724
      },
      {
        "_path": "Library/share/man/pdf/archive_entry_stat.3.pdf",
        "path_type": "hardlink",
        "sha256": "cbbc7799e0dc3e41358043198ebcc206088e81c8a31e46ec6dedaa44168d245c",
        "sha256_in_prefix": "cbbc7799e0dc3e41358043198ebcc206088e81c8a31e46ec6dedaa44168d245c",
        "size_in_bytes": 33264
      },
      {
        "_path": "Library/share/man/pdf/archive_entry_time.3.pdf",
        "path_type": "hardlink",
        "sha256": "ef5440694238f7da57b827579e1026749b0ff66f7fbab14b18d88aa5e4df7054",
        "sha256_in_prefix": "ef5440694238f7da57b827579e1026749b0ff66f7fbab14b18d88aa5e4df7054",
        "size_in_bytes": 23334
      },
      {
        "_path": "Library/share/man/pdf/archive_read.3.pdf",
        "path_type": "hardlink",
        "sha256": "12e450642417c7e5a76c9a5e84101f6fa618fdf35bece2f5c5837bd3f25134f8",
        "sha256_in_prefix": "12e450642417c7e5a76c9a5e84101f6fa618fdf35bece2f5c5837bd3f25134f8",
        "size_in_bytes": 32863
      },
      {
        "_path": "Library/share/man/pdf/archive_read_add_passphrase.3.pdf",
        "path_type": "hardlink",
        "sha256": "3d38b5bba2298dfb5c85bfc089f134bda05b43d23ead7fe48252164d2b4d9433",
        "sha256_in_prefix": "3d38b5bba2298dfb5c85bfc089f134bda05b43d23ead7fe48252164d2b4d9433",
        "size_in_bytes": 22201
      },
      {
        "_path": "Library/share/man/pdf/archive_read_data.3.pdf",
        "path_type": "hardlink",
        "sha256": "1869622f0611da5eab570124ca593aa5e2dfe07ee811bd2bf3e18c14fa505507",
        "sha256_in_prefix": "1869622f0611da5eab570124ca593aa5e2dfe07ee811bd2bf3e18c14fa505507",
        "size_in_bytes": 26233
      },
      {
        "_path": "Library/share/man/pdf/archive_read_disk.3.pdf",
        "path_type": "hardlink",
        "sha256": "da1fc39e9ee5be707c26a1ea22732565bc63ba0be2bbc20c56a1ea9e68b29fc6",
        "sha256_in_prefix": "da1fc39e9ee5be707c26a1ea22732565bc63ba0be2bbc20c56a1ea9e68b29fc6",
        "size_in_bytes": 44009
      },
      {
        "_path": "Library/share/man/pdf/archive_read_extract.3.pdf",
        "path_type": "hardlink",
        "sha256": "8bf41c3b5160afc1c0b185ef72612895f3a84ce0c228176be8f44481ae34bf1e",
        "sha256_in_prefix": "8bf41c3b5160afc1c0b185ef72612895f3a84ce0c228176be8f44481ae34bf1e",
        "size_in_bytes": 28535
      },
      {
        "_path": "Library/share/man/pdf/archive_read_filter.3.pdf",
        "path_type": "hardlink",
        "sha256": "75c842462ce3f27437561d9d5abd39e9ed5a2349dad804220b479b53d5fa9f99",
        "sha256_in_prefix": "75c842462ce3f27437561d9d5abd39e9ed5a2349dad804220b479b53d5fa9f99",
        "size_in_bytes": 26171
      },
      {
        "_path": "Library/share/man/pdf/archive_read_format.3.pdf",
        "path_type": "hardlink",
        "sha256": "4cb48374c59b3051117a303b2fdf49208ca273e744a07e30cf7b33b982d8b4c6",
        "sha256_in_prefix": "4cb48374c59b3051117a303b2fdf49208ca273e744a07e30cf7b33b982d8b4c6",
        "size_in_bytes": 27209
      },
      {
        "_path": "Library/share/man/pdf/archive_read_free.3.pdf",
        "path_type": "hardlink",
        "sha256": "45cc5cb49e245b84c07d7159bc65ad1303526c24b0eaa93ce599dda2df2c6c06",
        "sha256_in_prefix": "45cc5cb49e245b84c07d7159bc65ad1303526c24b0eaa93ce599dda2df2c6c06",
        "size_in_bytes": 22789
      },
      {
        "_path": "Library/share/man/pdf/archive_read_header.3.pdf",
        "path_type": "hardlink",
        "sha256": "a68adc0529a3f881abdf237a52d96ed15f3aa73aea227100aeecf409db276171",
        "sha256_in_prefix": "a68adc0529a3f881abdf237a52d96ed15f3aa73aea227100aeecf409db276171",
        "size_in_bytes": 22973
      },
      {
        "_path": "Library/share/man/pdf/archive_read_new.3.pdf",
        "path_type": "hardlink",
        "sha256": "4bf17f88271a20383c2b8bf458796ada23d52525d33fbcb695ce8801723ec5d4",
        "sha256_in_prefix": "4bf17f88271a20383c2b8bf458796ada23d52525d33fbcb695ce8801723ec5d4",
        "size_in_bytes": 20202
      },
      {
        "_path": "Library/share/man/pdf/archive_read_open.3.pdf",
        "path_type": "hardlink",
        "sha256": "229f6aaff485e21507ebe4cf57456ecd6fb10d2a08c2356aa56e8ca86969f0d7",
        "sha256_in_prefix": "229f6aaff485e21507ebe4cf57456ecd6fb10d2a08c2356aa56e8ca86969f0d7",
        "size_in_bytes": 30177
      },
      {
        "_path": "Library/share/man/pdf/archive_read_set_options.3.pdf",
        "path_type": "hardlink",
        "sha256": "7f6d578f8ed5ded67b1135bafa83780512acf59ec2c9b58f39e5667590da84cc",
        "sha256_in_prefix": "7f6d578f8ed5ded67b1135bafa83780512acf59ec2c9b58f39e5667590da84cc",
        "size_in_bytes": 28187
      },
      {
        "_path": "Library/share/man/pdf/archive_util.3.pdf",
        "path_type": "hardlink",
        "sha256": "88340fbb9c5e3fcf101ec7e212d3490641a3280c098b57640dbe9f3aa41daa59",
        "sha256_in_prefix": "88340fbb9c5e3fcf101ec7e212d3490641a3280c098b57640dbe9f3aa41daa59",
        "size_in_bytes": 28970
      },
      {
        "_path": "Library/share/man/pdf/archive_write.3.pdf",
        "path_type": "hardlink",
        "sha256": "d5fe2e28297d2468ae2981796aa0d97d6f9775736d2d367fd118b4275aef1f2d",
        "sha256_in_prefix": "d5fe2e28297d2468ae2981796aa0d97d6f9775736d2d367fd118b4275aef1f2d",
        "size_in_bytes": 37778
      },
      {
        "_path": "Library/share/man/pdf/archive_write_blocksize.3.pdf",
        "path_type": "hardlink",
        "sha256": "9a805f2a3d7619d66d0d1113f96b199f10168aac519f4d403495bd4c1642c1ce",
        "sha256_in_prefix": "9a805f2a3d7619d66d0d1113f96b199f10168aac519f4d403495bd4c1642c1ce",
        "size_in_bytes": 25921
      },
      {
        "_path": "Library/share/man/pdf/archive_write_data.3.pdf",
        "path_type": "hardlink",
        "sha256": "e71890023a181734d3f770c125bb96b14a8fc7f6c83f2f45b3b656c46c863db3",
        "sha256_in_prefix": "e71890023a181734d3f770c125bb96b14a8fc7f6c83f2f45b3b656c46c863db3",
        "size_in_bytes": 23135
      },
      {
        "_path": "Library/share/man/pdf/archive_write_disk.3.pdf",
        "path_type": "hardlink",
        "sha256": "b8378cdbd3bd9e861b354db2aa63c684f470ac03b3733deceb7c25c1c352a361",
        "sha256_in_prefix": "b8378cdbd3bd9e861b354db2aa63c684f470ac03b3733deceb7c25c1c352a361",
        "size_in_bytes": 40524
      },
      {
        "_path": "Library/share/man/pdf/archive_write_filter.3.pdf",
        "path_type": "hardlink",
        "sha256": "01b113d850c34d3e8734ccf9dc2c636b9e6aa3ec593caf726721a318e6145cc5",
        "sha256_in_prefix": "01b113d850c34d3e8734ccf9dc2c636b9e6aa3ec593caf726721a318e6145cc5",
        "size_in_bytes": 24996
      },
      {
        "_path": "Library/share/man/pdf/archive_write_finish_entry.3.pdf",
        "path_type": "hardlink",
        "sha256": "f1fe2a1407c3e7362948e4a228d02f19b08df3e1665443c1d31ad07131ec42d3",
        "sha256_in_prefix": "f1fe2a1407c3e7362948e4a228d02f19b08df3e1665443c1d31ad07131ec42d3",
        "size_in_bytes": 23833
      },
      {
        "_path": "Library/share/man/pdf/archive_write_format.3.pdf",
        "path_type": "hardlink",
        "sha256": "fcb079a32bdf9f917c2ac2bd5a60b723e9ef4fc574df2b4f28174e3d54f1b9c3",
        "sha256_in_prefix": "fcb079a32bdf9f917c2ac2bd5a60b723e9ef4fc574df2b4f28174e3d54f1b9c3",
        "size_in_bytes": 27360
      },
      {
        "_path": "Library/share/man/pdf/archive_write_free.3.pdf",
        "path_type": "hardlink",
        "sha256": "d02a6b47dc5ae4172a9b0be41cd1867bff8fe1737dd9eb31ae266002f5631400",
        "sha256_in_prefix": "d02a6b47dc5ae4172a9b0be41cd1867bff8fe1737dd9eb31ae266002f5631400",
        "size_in_bytes": 22624
      },
      {
        "_path": "Library/share/man/pdf/archive_write_header.3.pdf",
        "path_type": "hardlink",
        "sha256": "ec4869145af927edf2a295afd8854ceddce555be53c0889c7883278e1ebfb579",
        "sha256_in_prefix": "ec4869145af927edf2a295afd8854ceddce555be53c0889c7883278e1ebfb579",
        "size_in_bytes": 22488
      },
      {
        "_path": "Library/share/man/pdf/archive_write_new.3.pdf",
        "path_type": "hardlink",
        "sha256": "1affee73d73f1e53df35fe5bd37ffb9d051a28d0e6c84dbb875b35db94506502",
        "sha256_in_prefix": "1affee73d73f1e53df35fe5bd37ffb9d051a28d0e6c84dbb875b35db94506502",
        "size_in_bytes": 20177
      },
      {
        "_path": "Library/share/man/pdf/archive_write_open.3.pdf",
        "path_type": "hardlink",
        "sha256": "bda36d21418cb85b77b2336f2192d15bba60266f562598a6430749d5abcbf9ef",
        "sha256_in_prefix": "bda36d21418cb85b77b2336f2192d15bba60266f562598a6430749d5abcbf9ef",
        "size_in_bytes": 33883
      },
      {
        "_path": "Library/share/man/pdf/archive_write_set_options.3.pdf",
        "path_type": "hardlink",
        "sha256": "13e53201ce921c8898ae0e21134312d3b8ce094313266cf0448ffbe1d68b563a",
        "sha256_in_prefix": "13e53201ce921c8898ae0e21134312d3b8ce094313266cf0448ffbe1d68b563a",
        "size_in_bytes": 47200
      },
      {
        "_path": "Library/share/man/pdf/archive_write_set_passphrase.3.pdf",
        "path_type": "hardlink",
        "sha256": "a2d120689ef86bf1af0bc09c63efc975e0ddd9724b1483d81765deadb1959586",
        "sha256_in_prefix": "a2d120689ef86bf1af0bc09c63efc975e0ddd9724b1483d81765deadb1959586",
        "size_in_bytes": 22456
      },
      {
        "_path": "Library/share/man/pdf/bsdcpio.1.pdf",
        "path_type": "hardlink",
        "sha256": "6afdfc38a50c4a0d0f0914265e6e42a7d7c9a21d674cc3a9ed5694bda0948b2e",
        "sha256_in_prefix": "6afdfc38a50c4a0d0f0914265e6e42a7d7c9a21d674cc3a9ed5694bda0948b2e",
        "size_in_bytes": 39464
      },
      {
        "_path": "Library/share/man/pdf/bsdtar.1.pdf",
        "path_type": "hardlink",
        "sha256": "c629061cde6b284a8d2738dc383769cf4ad6f098ab93ecc75b410c44724d2cbf",
        "sha256_in_prefix": "c629061cde6b284a8d2738dc383769cf4ad6f098ab93ecc75b410c44724d2cbf",
        "size_in_bytes": 74441
      },
      {
        "_path": "Library/share/man/pdf/cpio.5.pdf",
        "path_type": "hardlink",
        "sha256": "3faf6defcfbac2b301c9795e310cecbbfc34ba27bb5b95f939c76c3a7f8b1d44",
        "sha256_in_prefix": "3faf6defcfbac2b301c9795e310cecbbfc34ba27bb5b95f939c76c3a7f8b1d44",
        "size_in_bytes": 39938
      },
      {
        "_path": "Library/share/man/pdf/libarchive-formats.5.pdf",
        "path_type": "hardlink",
        "sha256": "f4f5bd530e51809befa0c9a1c7760415204825bd5d08e81be5e3eee6a85f598e",
        "sha256_in_prefix": "f4f5bd530e51809befa0c9a1c7760415204825bd5d08e81be5e3eee6a85f598e",
        "size_in_bytes": 42891
      },
      {
        "_path": "Library/share/man/pdf/libarchive.3.pdf",
        "path_type": "hardlink",
        "sha256": "9703873510a68cbbe3100b01313dd4b08bb334cab7e6b07ab7b7034a8b267d05",
        "sha256_in_prefix": "9703873510a68cbbe3100b01313dd4b08bb334cab7e6b07ab7b7034a8b267d05",
        "size_in_bytes": 31834
      },
      {
        "_path": "Library/share/man/pdf/libarchive_changes.3.pdf",
        "path_type": "hardlink",
        "sha256": "1ff93e0c69bbd7645bb448242cc4fb9bf0e1a20480702980c5d7f00840857ee1",
        "sha256_in_prefix": "1ff93e0c69bbd7645bb448242cc4fb9bf0e1a20480702980c5d7f00840857ee1",
        "size_in_bytes": 35697
      },
      {
        "_path": "Library/share/man/pdf/libarchive_internals.3.pdf",
        "path_type": "hardlink",
        "sha256": "53916741612186b6647af42cf017887e85f05fa69138ebb8cd25ccfc3c3493c4",
        "sha256_in_prefix": "53916741612186b6647af42cf017887e85f05fa69138ebb8cd25ccfc3c3493c4",
        "size_in_bytes": 39907
      },
      {
        "_path": "Library/share/man/pdf/mtree.5.pdf",
        "path_type": "hardlink",
        "sha256": "23750971cfa4d38d4c8868c753692015d275db9d14c3932ee82b8a477262f50f",
        "sha256_in_prefix": "23750971cfa4d38d4c8868c753692015d275db9d14c3932ee82b8a477262f50f",
        "size_in_bytes": 32505
      },
      {
        "_path": "Library/share/man/pdf/tar.5.pdf",
        "path_type": "hardlink",
        "sha256": "763376f66e9de98e3d4e73f3a94859887fb5e7a56f6090385da1f8617888f7ac",
        "sha256_in_prefix": "763376f66e9de98e3d4e73f3a94859887fb5e7a56f6090385da1f8617888f7ac",
        "size_in_bytes": 69196
      }
    ],
    "paths_version": 1
  },
  "requested_spec": "None",
  "sha256": "51a656d4c04e95ef77d37986ec36e5ef6a16d1e6c47af5d4635135238e79eda8",
  "size": 1774978,
  "subdir": "win-64",
  "timestamp": 1663062618290,
  "track_features": "",
  "url": "https://repo.anaconda.com/pkgs/main/win-64/libarchive-3.6.1-hebabd0d_0.conda",
  "version": "3.6.1"
}