{
  "build": "2",
  "build_number": 2,
  "channel": "https://repo.anaconda.com/pkgs/msys2/win-64",
  "constrains": [],
  "depends": [
    "m2-msys2-runtime",
    "msys2-conda-epoch >=20160418"
  ],
  "extracted_package_dir": "D:\\Users\\Ravi\\miniconda3\\pkgs\\m2-patch-2.7.5-2",
  "features": "",
  "files": [
    "Library/usr/bin/patch.exe",
    "Library/usr/share/man/man1/patch.1.gz",
    ".nonadmin"
  ],
  "fn": "m2-patch-2.7.5-2.tar.bz2",
  "license": "GPL",
  "link": {
    "source": "D:\\Users\\Ravi\\miniconda3\\pkgs\\m2-patch-2.7.5-2",
    "type": 1
  },
  "md5": "ce0ef50726538a9c62e8d2e957f2d85c",
  "name": "m2-patch",
  "package_tarball_full_path": "D:\\Users\\Ravi\\miniconda3\\pkgs\\m2-patch-2.7.5-2.tar.bz2",
  "paths_data": {
    "paths": [
      {
        "_path": "Library/usr/bin/patch.exe",
        "path_type": "hardlink",
        "sha256": "717cd7dbb17b9a5e9827224d5c7aa8238ce0990621cfda53487a32b7919193be",
        "sha256_in_prefix": "717cd7dbb17b9a5e9827224d5c7aa8238ce0990621cfda53487a32b7919193be",
        "size_in_bytes": 146319
      },
      {
        "_path": "Library/usr/share/man/man1/patch.1.gz",
        "path_type": "hardlink",
        "sha256": "46ebd49dbcefe7c0c0852016d2e9cd13542b3dd6f5f13cff9617415628107997",
        "sha256_in_prefix": "46ebd49dbcefe7c0c0852016d2e9cd13542b3dd6f5f13cff9617415628107997",
        "size_in_bytes": 11886
      }
    ],
    "paths_version": 1
  },
  "requested_spec": "None",
  "sha256": "920d2d535bfceb05fb0dc7c147b665ffec4130f760b913fd3135870104fdc152",
  "size": 90691,
  "subdir": "win-64",
  "track_features": "",
  "url": "https://repo.anaconda.com/pkgs/msys2/win-64/m2-patch-2.7.5-2.tar.bz2",
  "version": "2.7.5"
}