{
  "build": "py37h2bbff1b_0",
  "build_number": 0,
  "channel": "https://repo.anaconda.com/pkgs/main/win-64",
  "constrains": [],
  "depends": [
    "python >=3.7,<3.8.0a0",
    "vc >=14.1,<15.0a0",
    "vs2015_runtime >=14.16.27012,<15.0a0"
  ],
  "extracted_package_dir": "D:\\Users\\Ravi\\miniconda3\\pkgs\\markupsafe-2.0.1-py37h2bbff1b_0",
  "features": "",
  "files": [
    "Lib/site-packages/MarkupSafe-2.0.1.dist-info/INSTALLER",
    "Lib/site-packages/MarkupSafe-2.0.1.dist-info/LICENSE.rst",
    "Lib/site-packages/MarkupSafe-2.0.1.dist-info/METADATA",
    "Lib/site-packages/MarkupSafe-2.0.1.dist-info/RECORD",
    "Lib/site-packages/MarkupSafe-2.0.1.dist-info/REQUESTED",
    "Lib/site-packages/MarkupSafe-2.0.1.dist-info/WHEEL",
    "Lib/site-packages/MarkupSafe-2.0.1.dist-info/direct_url.json",
    "Lib/site-packages/MarkupSafe-2.0.1.dist-info/top_level.txt",
    "Lib/site-packages/markupsafe/__init__.py",
    "Lib/site-packages/markupsafe/__pycache__/__init__.cpython-37.pyc",
    "Lib/site-packages/markupsafe/__pycache__/_native.cpython-37.pyc",
    "Lib/site-packages/markupsafe/_native.py",
    "Lib/site-packages/markupsafe/_speedups.c",
    "Lib/site-packages/markupsafe/_speedups.cp37-win_amd64.pyd",
    "Lib/site-packages/markupsafe/_speedups.pyi",
    "Lib/site-packages/markupsafe/py.typed",
    ".nonadmin"
  ],
  "fn": "markupsafe-2.0.1-py37h2bbff1b_0.conda",
  "legacy_bz2_md5": "6bc149d30ffbcf3f019284a90e4d6721",
  "license": "BSD-3-Clause",
  "license_family": "BSD",
  "link": {
    "source": "D:\\Users\\Ravi\\miniconda3\\pkgs\\markupsafe-2.0.1-py37h2bbff1b_0",
    "type": 1
  },
  "md5": "f1edaaa409ffff15e21cc434a2ef93a4",
  "name": "markupsafe",
  "package_tarball_full_path": "D:\\Users\\Ravi\\miniconda3\\pkgs\\markupsafe-2.0.1-py37h2bbff1b_0.conda",
  "paths_data": {
    "paths": [
      {
        "_path": "Lib/site-packages/MarkupSafe-2.0.1.dist-info/INSTALLER",
        "path_type": "hardlink",
        "sha256": "d0edee15f91b406f3f99726e44eb990be6e34fd0345b52b910c568e0eef6a2a8",
        "sha256_in_prefix": "d0edee15f91b406f3f99726e44eb990be6e34fd0345b52b910c568e0eef6a2a8",
        "size_in_bytes": 5
      },
      {
        "_path": "Lib/site-packages/MarkupSafe-2.0.1.dist-info/LICENSE.rst",
        "path_type": "hardlink",
        "sha256": "489a8e1108509ed98a37bb983e11e0f7e1d31f0bd8f99a79c8448e7ff37d07ea",
        "sha256_in_prefix": "489a8e1108509ed98a37bb983e11e0f7e1d31f0bd8f99a79c8448e7ff37d07ea",
        "size_in_bytes": 1475
      },
      {
        "_path": "Lib/site-packages/MarkupSafe-2.0.1.dist-info/METADATA",
        "path_type": "hardlink",
        "sha256": "1663e9c4175aa820a317e5caaa8c5e133a80ce17ad427ae4912b1ddd5dd7f897",
        "sha256_in_prefix": "1663e9c4175aa820a317e5caaa8c5e133a80ce17ad427ae4912b1ddd5dd7f897",
        "size_in_bytes": 3211
      },
      {
        "_path": "Lib/site-packages/MarkupSafe-2.0.1.dist-info/RECORD",
        "path_type": "hardlink",
        "sha256": "d720db3a2ad7576dccc1c602be8792d51aaf3fb9c396546b86626b26391a377c",
        "sha256_in_prefix": "d720db3a2ad7576dccc1c602be8792d51aaf3fb9c396546b86626b26391a377c",
        "size_in_bytes": 1282
      },
      {
        "_path": "Lib/site-packages/MarkupSafe-2.0.1.dist-info/REQUESTED",
        "path_type": "hardlink",
        "sha256": "e3b0c44298fc1c149afbf4c8996fb92427ae41e4649b934ca495991b7852b855",
        "sha256_in_prefix": "e3b0c44298fc1c149afbf4c8996fb92427ae41e4649b934ca495991b7852b855",
        "size_in_bytes": 0
      },
      {
        "_path": "Lib/site-packages/MarkupSafe-2.0.1.dist-info/WHEEL",
        "path_type": "hardlink",
        "sha256": "ccc46a17d65f1c6c413dfbdc5b013e2f171591d075861afc872e1c39f6463d95",
        "sha256_in_prefix": "ccc46a17d65f1c6c413dfbdc5b013e2f171591d075861afc872e1c39f6463d95",
        "size_in_bytes": 101
      },
      {
        "_path": "Lib/site-packages/MarkupSafe-2.0.1.dist-info/direct_url.json",
        "path_type": "hardlink",
        "sha256": "dbf0c01dae9b8c284ac9cedd66261d2e105252492373ab5de4593884bd3c6320",
        "sha256_in_prefix": "dbf0c01dae9b8c284ac9cedd66261d2e105252492373ab5de4593884bd3c6320",
        "size_in_bytes": 70
      },
      {
        "_path": "Lib/site-packages/MarkupSafe-2.0.1.dist-info/top_level.txt",
        "path_type": "hardlink",
        "sha256": "ab2d0f9637b9209bafb020637a32728430a310075c0cb2bfd9a81571ec7c67a5",
        "sha256_in_prefix": "ab2d0f9637b9209bafb020637a32728430a310075c0cb2bfd9a81571ec7c67a5",
        "size_in_bytes": 11
      },
      {
        "_path": "Lib/site-packages/markupsafe/__init__.py",
        "path_type": "hardlink",
        "sha256": "f537b3e1422523b27afec41c5052b574a9e24ff6fff1879fa46232609dd2af64",
        "sha256_in_prefix": "f537b3e1422523b27afec41c5052b574a9e24ff6fff1879fa46232609dd2af64",
        "size_in_bytes": 8923
      },
      {
        "_path": "Lib/site-packages/markupsafe/__pycache__/__init__.cpython-37.pyc",
        "path_type": "hardlink",
        "sha256": "366630b20186674fb7c31d195df71a8db5731521d5fe98daf3005ff560b5c34f",
        "sha256_in_prefix": "366630b20186674fb7c31d195df71a8db5731521d5fe98daf3005ff560b5c34f",
        "size_in_bytes": 10583
      },
      {
        "_path": "Lib/site-packages/markupsafe/__pycache__/_native.cpython-37.pyc",
        "path_type": "hardlink",
        "sha256": "58de16596fc8c4b82694f8608c3de245555bc191e722448f259d362ae9de9dcf",
        "sha256_in_prefix": "58de16596fc8c4b82694f8608c3de245555bc191e722448f259d362ae9de9dcf",
        "size_in_bytes": 2253
      },
      {
        "_path": "Lib/site-packages/markupsafe/_native.py",
        "path_type": "hardlink",
        "sha256": "19328457e6d6819b928e496130739844753d9340cc7b04dfe6654465f91bba7b",
        "sha256_in_prefix": "19328457e6d6819b928e496130739844753d9340cc7b04dfe6654465f91bba7b",
        "size_in_bytes": 1986
      },
      {
        "_path": "Lib/site-packages/markupsafe/_speedups.c",
        "path_type": "hardlink",
        "sha256": "0830edc1a576d43da762dca99cc433c6fbe9669713bc8b3c399e8a0dad60e2dd",
        "sha256_in_prefix": "0830edc1a576d43da762dca99cc433c6fbe9669713bc8b3c399e8a0dad60e2dd",
        "size_in_bytes": 7400
      },
      {
        "_path": "Lib/site-packages/markupsafe/_speedups.cp37-win_amd64.pyd",
        "path_type": "hardlink",
        "sha256": "c14839c3f2ed5fe3810087b8b908507395a01f34f70fba416d463411d4e5a80c",
        "sha256_in_prefix": "c14839c3f2ed5fe3810087b8b908507395a01f34f70fba416d463411d4e5a80c",
        "size_in_bytes": 16384
      },
      {
        "_path": "Lib/site-packages/markupsafe/_speedups.pyi",
        "path_type": "hardlink",
        "sha256": "bdf302b0e81b01744d2d45e4caeca89c6f2e1162985383c3a8db8c68310b018c",
        "sha256_in_prefix": "bdf302b0e81b01744d2d45e4caeca89c6f2e1162985383c3a8db8c68310b018c",
        "size_in_bytes": 229
      },
      {
        "_path": "Lib/site-packages/markupsafe/py.typed",
        "path_type": "hardlink",
        "sha256": "e3b0c44298fc1c149afbf4c8996fb92427ae41e4649b934ca495991b7852b855",
        "sha256_in_prefix": "e3b0c44298fc1c149afbf4c8996fb92427ae41e4649b934ca495991b7852b855",
        "size_in_bytes": 0
      }
    ],
    "paths_version": 1
  },
  "requested_spec": "None",
  "sha256": "1eb20189953ef192d2c7dad911da485e79b78e4eeead58c834c0761eb9d7b24e",
  "size": 24177,
  "subdir": "win-64",
  "timestamp": 1621528528273,
  "track_features": "",
  "url": "https://repo.anaconda.com/pkgs/main/win-64/markupsafe-2.0.1-py37h2bbff1b_0.conda",
  "version": "2.0.1"
}