{
  "build": "py37h59b6b97_0",
  "build_number": 0,
  "channel": "https://repo.anaconda.com/pkgs/main/win-64",
  "constrains": [],
  "depends": [
    "python >=3.7,<3.8.0a0",
    "vc >=14.1,<15.0a0",
    "vs2015_runtime >=14.16.27012,<15.0a0"
  ],
  "extracted_package_dir": "D:\\Users\\Ravi\\miniconda3\\pkgs\\menuinst-1.4.19-py37h59b6b97_0",
  "features": "",
  "files": [
    "Lib/site-packages/menuinst-1.4.19.dist-info/INSTALLER",
    "Lib/site-packages/menuinst-1.4.19.dist-info/LICENSE.txt",
    "Lib/site-packages/menuinst-1.4.19.dist-info/METADATA",
    "Lib/site-packages/menuinst-1.4.19.dist-info/RECORD",
    "Lib/site-packages/menuinst-1.4.19.dist-info/REQUESTED",
    "Lib/site-packages/menuinst-1.4.19.dist-info/WHEEL",
    "Lib/site-packages/menuinst-1.4.19.dist-info/direct_url.json",
    "Lib/site-packages/menuinst-1.4.19.dist-info/top_level.txt",
    "Lib/site-packages/menuinst/PythonApplet.icns",
    "Lib/site-packages/menuinst/__init__.py",
    "Lib/site-packages/menuinst/__pycache__/__init__.cpython-37.pyc",
    "Lib/site-packages/menuinst/__pycache__/_version.cpython-37.pyc",
    "Lib/site-packages/menuinst/__pycache__/darwin.cpython-37.pyc",
    "Lib/site-packages/menuinst/__pycache__/freedesktop.cpython-37.pyc",
    "Lib/site-packages/menuinst/__pycache__/knownfolders.cpython-37.pyc",
    "Lib/site-packages/menuinst/__pycache__/linux.cpython-37.pyc",
    "Lib/site-packages/menuinst/__pycache__/main.cpython-37.pyc",
    "Lib/site-packages/menuinst/__pycache__/utils.cpython-37.pyc",
    "Lib/site-packages/menuinst/__pycache__/win32.cpython-37.pyc",
    "Lib/site-packages/menuinst/__pycache__/win_elevate.cpython-37.pyc",
    "Lib/site-packages/menuinst/_version.py",
    "Lib/site-packages/menuinst/darwin.py",
    "Lib/site-packages/menuinst/freedesktop.py",
    "Lib/site-packages/menuinst/knownfolders.py",
    "Lib/site-packages/menuinst/linux.py",
    "Lib/site-packages/menuinst/main.py",
    "Lib/site-packages/menuinst/utils.py",
    "Lib/site-packages/menuinst/win32.py",
    "Lib/site-packages/menuinst/win_elevate.py",
    "Lib/site-packages/menuinst/winshortcut.cp37-win_amd64.pyd",
    "Scripts/menuinst-script.py",
    "Scripts/menuinst.exe",
    "cwp.py",
    ".nonadmin"
  ],
  "fn": "menuinst-1.4.19-py37h59b6b97_0.conda",
  "legacy_bz2_md5": "b89b85999e3b80a69bdd21c37de8b227",
  "license": "BSD-3-Clause",
  "license_family": "BSD",
  "link": {
    "source": "D:\\Users\\Ravi\\miniconda3\\pkgs\\menuinst-1.4.19-py37h59b6b97_0",
    "type": 1
  },
  "md5": "ac487018514d851a573e3141f9f8f46b",
  "name": "menuinst",
  "package_tarball_full_path": "D:\\Users\\Ravi\\miniconda3\\pkgs\\menuinst-1.4.19-py37h59b6b97_0.conda",
  "paths_data": {
    "paths": [
      {
        "_path": "Lib/site-packages/menuinst-1.4.19.dist-info/INSTALLER",
        "path_type": "hardlink",
        "sha256": "d0edee15f91b406f3f99726e44eb990be6e34fd0345b52b910c568e0eef6a2a8",
        "sha256_in_prefix": "d0edee15f91b406f3f99726e44eb990be6e34fd0345b52b910c568e0eef6a2a8",
        "size_in_bytes": 5
      },
      {
        "_path": "Lib/site-packages/menuinst-1.4.19.dist-info/LICENSE.txt",
        "path_type": "hardlink",
        "sha256": "911b693bb34494db6bd2c24f591674633fe99b8bc1442bc3fcf5121a0a82fae5",
        "sha256_in_prefix": "911b693bb34494db6bd2c24f591674633fe99b8bc1442bc3fcf5121a0a82fae5",
        "size_in_bytes": 1530
      },
      {
        "_path": "Lib/site-packages/menuinst-1.4.19.dist-info/METADATA",
        "path_type": "hardlink",
        "sha256": "834825a1b15d9679d11c58d826188cbd256ca225c2bd60e25d6226bcac197d62",
        "sha256_in_prefix": "834825a1b15d9679d11c58d826188cbd256ca225c2bd60e25d6226bcac197d62",
        "size_in_bytes": 921
      },
      {
        "_path": "Lib/site-packages/menuinst-1.4.19.dist-info/RECORD",
        "path_type": "hardlink",
        "sha256": "35ca963842aa06f0f90282dbc23d4342e7b5cdf3ad975ada7fbe0768d2afcab4",
        "sha256_in_prefix": "35ca963842aa06f0f90282dbc23d4342e7b5cdf3ad975ada7fbe0768d2afcab4",
        "size_in_bytes": 2114
      },
      {
        "_path": "Lib/site-packages/menuinst-1.4.19.dist-info/REQUESTED",
        "path_type": "hardlink",
        "sha256": "e3b0c44298fc1c149afbf4c8996fb92427ae41e4649b934ca495991b7852b855",
        "sha256_in_prefix": "e3b0c44298fc1c149afbf4c8996fb92427ae41e4649b934ca495991b7852b855",
        "size_in_bytes": 0
      },
      {
        "_path": "Lib/site-packages/menuinst-1.4.19.dist-info/WHEEL",
        "path_type": "hardlink",
        "sha256": "f85a83263a381eb92b21a4e1bed01879fd9e1009f5fd0bd57b99c83429d411b4",
        "sha256_in_prefix": "f85a83263a381eb92b21a4e1bed01879fd9e1009f5fd0bd57b99c83429d411b4",
        "size_in_bytes": 101
      },
      {
        "_path": "Lib/site-packages/menuinst-1.4.19.dist-info/direct_url.json",
        "path_type": "hardlink",
        "sha256": "6c5b6cfdfff896a984c6451830df4adf4edcf01409e26211b2f265ecdeb2175b",
        "sha256_in_prefix": "6c5b6cfdfff896a984c6451830df4adf4edcf01409e26211b2f265ecdeb2175b",
        "size_in_bytes": 128
      },
      {
        "_path": "Lib/site-packages/menuinst-1.4.19.dist-info/top_level.txt",
        "path_type": "hardlink",
        "sha256": "f6f1c69885158f9dacec991ad444ddb401bd2d644232a5f9151ae5391de7873e",
        "sha256_in_prefix": "f6f1c69885158f9dacec991ad444ddb401bd2d644232a5f9151ae5391de7873e",
        "size_in_bytes": 9
      },
      {
        "_path": "Lib/site-packages/menuinst/PythonApplet.icns",
        "path_type": "hardlink",
        "sha256": "78792c1049527ed0d08837ccb70c68deb596fe00ae926389743d5f9578b5bb11",
        "sha256_in_prefix": "78792c1049527ed0d08837ccb70c68deb596fe00ae926389743d5f9578b5bb11",
        "size_in_bytes": 63136
      },
      {
        "_path": "Lib/site-packages/menuinst/__init__.py",
        "path_type": "hardlink",
        "sha256": "9f648b6a8149aac3111c67eb1e2ab272a198c0b535bb8c9f9a7b91763524309a",
        "sha256_in_prefix": "9f648b6a8149aac3111c67eb1e2ab272a198c0b535bb8c9f9a7b91763524309a",
        "size_in_bytes": 2630
      },
      {
        "_path": "Lib/site-packages/menuinst/__pycache__/__init__.cpython-37.pyc",
        "path_type": "hardlink",
        "sha256": "c1a6e76b594648e6ecdb11632c94ef4f6d17068729343933c087719cf70bdfff",
        "sha256_in_prefix": "c1a6e76b594648e6ecdb11632c94ef4f6d17068729343933c087719cf70bdfff",
        "size_in_bytes": 2015
      },
      {
        "_path": "Lib/site-packages/menuinst/__pycache__/_version.cpython-37.pyc",
        "path_type": "hardlink",
        "sha256": "44eb3c524d6f0033dd490d30e0425bd2654a959b4c11253b1802bcb416637fdd",
        "sha256_in_prefix": "44eb3c524d6f0033dd490d30e0425bd2654a959b4c11253b1802bcb416637fdd",
        "size_in_bytes": 424
      },
      {
        "_path": "Lib/site-packages/menuinst/__pycache__/darwin.cpython-37.pyc",
        "path_type": "hardlink",
        "sha256": "f8f1814d628b3adf010473f6dde26f220741e9d8d468e47d392523e807d5e960",
        "sha256_in_prefix": "f8f1814d628b3adf010473f6dde26f220741e9d8d468e47d392523e807d5e960",
        "size_in_bytes": 4174
      },
      {
        "_path": "Lib/site-packages/menuinst/__pycache__/freedesktop.cpython-37.pyc",
        "path_type": "hardlink",
        "sha256": "2e581ddd0ff7bd9e1bb067ae043bbc352011dbc0c740b1d15d3634f14b3e0cf9",
        "sha256_in_prefix": "2e581ddd0ff7bd9e1bb067ae043bbc352011dbc0c740b1d15d3634f14b3e0cf9",
        "size_in_bytes": 2095
      },
      {
        "_path": "Lib/site-packages/menuinst/__pycache__/knownfolders.cpython-37.pyc",
        "path_type": "hardlink",
        "sha256": "05ac5017d601f10d8bf3becd9b237c5181b3361cbac977b2dbc6f5a8834dbad5",
        "sha256_in_prefix": "05ac5017d601f10d8bf3becd9b237c5181b3361cbac977b2dbc6f5a8834dbad5",
        "size_in_bytes": 10044
      },
      {
        "_path": "Lib/site-packages/menuinst/__pycache__/linux.cpython-37.pyc",
        "path_type": "hardlink",
        "sha256": "ad75527ad2275eb820868ce6dbebf59ae6237df11702b29861c4680cf1dd0e45",
        "sha256_in_prefix": "ad75527ad2275eb820868ce6dbebf59ae6237df11702b29861c4680cf1dd0e45",
        "size_in_bytes": 7118
      },
      {
        "_path": "Lib/site-packages/menuinst/__pycache__/main.cpython-37.pyc",
        "path_type": "hardlink",
        "sha256": "40ca69a56656e96d6bf1c69ef81bb57aa0a57201bc710b893c74ec7f15428312",
        "sha256_in_prefix": "40ca69a56656e96d6bf1c69ef81bb57aa0a57201bc710b893c74ec7f15428312",
        "size_in_bytes": 837
      },
      {
        "_path": "Lib/site-packages/menuinst/__pycache__/utils.cpython-37.pyc",
        "path_type": "hardlink",
        "sha256": "d4acaf20ec6542871ba56bd022be2a1a7b26c6b60137bfd5510bcb19ca379bc7",
        "sha256_in_prefix": "d4acaf20ec6542871ba56bd022be2a1a7b26c6b60137bfd5510bcb19ca379bc7",
        "size_in_bytes": 579
      },
      {
        "_path": "Lib/site-packages/menuinst/__pycache__/win32.cpython-37.pyc",
        "path_type": "hardlink",
        "sha256": "b4717f8c6243b69cae03da2fc487b6f7b90060c5cac8b1ceb09db93103f21aa4",
        "sha256_in_prefix": "b4717f8c6243b69cae03da2fc487b6f7b90060c5cac8b1ceb09db93103f21aa4",
        "size_in_bytes": 9658
      },
      {
        "_path": "Lib/site-packages/menuinst/__pycache__/win_elevate.cpython-37.pyc",
        "path_type": "hardlink",
        "sha256": "022719c6c96978d17af33128612dddccb9c4be0e49d7844861b1522d8c39253a",
        "sha256_in_prefix": "022719c6c96978d17af33128612dddccb9c4be0e49d7844861b1522d8c39253a",
        "size_in_bytes": 4016
      },
      {
        "_path": "Lib/site-packages/menuinst/_version.py",
        "path_type": "hardlink",
        "sha256": "ceece39d02fc61be90a672340f5a53a417d194acad0b3b27782bbbef52ffe246",
        "sha256_in_prefix": "ceece39d02fc61be90a672340f5a53a417d194acad0b3b27782bbbef52ffe246",
        "size_in_bytes": 493
      },
      {
        "_path": "Lib/site-packages/menuinst/darwin.py",
        "path_type": "hardlink",
        "sha256": "0a50fdb58270bae40c4e718677b27bc3d392c82bd0d9ff96cb5c8f5f7f1ea446",
        "sha256_in_prefix": "0a50fdb58270bae40c4e718677b27bc3d392c82bd0d9ff96cb5c8f5f7f1ea446",
        "size_in_bytes": 3699
      },
      {
        "_path": "Lib/site-packages/menuinst/freedesktop.py",
        "path_type": "hardlink",
        "sha256": "6191ca5048f5ecc2c4e2b79515efaf90625893e289a1ea62131ad07aacfdb26a",
        "sha256_in_prefix": "6191ca5048f5ecc2c4e2b79515efaf90625893e289a1ea62131ad07aacfdb26a",
        "size_in_bytes": 2052
      },
      {
        "_path": "Lib/site-packages/menuinst/knownfolders.py",
        "path_type": "hardlink",
        "sha256": "64faec7e3b9842e90d89ed3cb5b4de649af63194818510d344dfb9a27961caa2",
        "sha256_in_prefix": "64faec7e3b9842e90d89ed3cb5b4de649af63194818510d344dfb9a27961caa2",
        "size_in_bytes": 12193
      },
      {
        "_path": "Lib/site-packages/menuinst/linux.py",
        "path_type": "hardlink",
        "sha256": "9daa8ed15c69b6d83819f16158adc3c2a2f4524c54ecc7df93f36d39cfa693f4",
        "sha256_in_prefix": "9daa8ed15c69b6d83819f16158adc3c2a2f4524c54ecc7df93f36d39cfa693f4",
        "size_in_bytes": 7986
      },
      {
        "_path": "Lib/site-packages/menuinst/main.py",
        "path_type": "hardlink",
        "sha256": "81198ab1727286aa6774e3a2f9109112ab0b32975fa744aa5c4c59d65867b043",
        "sha256_in_prefix": "81198ab1727286aa6774e3a2f9109112ab0b32975fa744aa5c4c59d65867b043",
        "size_in_bytes": 737
      },
      {
        "_path": "Lib/site-packages/menuinst/utils.py",
        "path_type": "hardlink",
        "sha256": "39b987ddafbfa13770e28844410fdf0db162db73986d5e4e72dc8b755e5fffe9",
        "sha256_in_prefix": "39b987ddafbfa13770e28844410fdf0db162db73986d5e4e72dc8b755e5fffe9",
        "size_in_bytes": 522
      },
      {
        "_path": "Lib/site-packages/menuinst/win32.py",
        "path_type": "hardlink",
        "sha256": "3b8299ccef8ef817e01e92033b2e9c48cae0bbe2793e5dacded76fbcea5d5488",
        "sha256_in_prefix": "3b8299ccef8ef817e01e92033b2e9c48cae0bbe2793e5dacded76fbcea5d5488",
        "size_in_bytes": 14504
      },
      {
        "_path": "Lib/site-packages/menuinst/win_elevate.py",
        "path_type": "hardlink",
        "sha256": "c3cabd8243e94af92aa4b404a6b3c1f2ed8d38d8f0213e765f1c4506cca6e95c",
        "sha256_in_prefix": "c3cabd8243e94af92aa4b404a6b3c1f2ed8d38d8f0213e765f1c4506cca6e95c",
        "size_in_bytes": 5385
      },
      {
        "_path": "Lib/site-packages/menuinst/winshortcut.cp37-win_amd64.pyd",
        "path_type": "hardlink",
        "sha256": "8a07eb61b34931aadb3502207f61683f6bbca088f422a5cdc56d973867d0d541",
        "sha256_in_prefix": "8a07eb61b34931aadb3502207f61683f6bbca088f422a5cdc56d973867d0d541",
        "size_in_bytes": 11776
      },
      {
        "_path": "Scripts/menuinst-script.py",
        "path_type": "hardlink",
        "sha256": "fec3fa210541b41fb33148607e6a1781774f3640ead111b865fa2eb6f78ffc4a",
        "sha256_in_prefix": "fec3fa210541b41fb33148607e6a1781774f3640ead111b865fa2eb6f78ffc4a",
        "size_in_bytes": 207
      },
      {
        "_path": "Scripts/menuinst.exe",
        "path_type": "hardlink",
        "sha256": "5ea569f2b5bc9c273351641a1a3c52821ce2a9370bc8202f0247c793ebd8a618",
        "sha256_in_prefix": "5ea569f2b5bc9c273351641a1a3c52821ce2a9370bc8202f0247c793ebd8a618",
        "size_in_bytes": 41984
      },
      {
        "_path": "cwp.py",
        "path_type": "hardlink",
        "sha256": "ab905c4810866881b944568d3d4399a1236baf86a678f6b9a264f8189378c189",
        "sha256_in_prefix": "ab905c4810866881b944568d3d4399a1236baf86a678f6b9a264f8189378c189",
        "size_in_bytes": 1063
      }
    ],
    "paths_version": 1
  },
  "requested_spec": "None",
  "sha256": "49e89fb71346fd64fdd2c40e4975092df88f0b3b5ca23d5a2018ebf77b5d5f13",
  "size": 96234,
  "subdir": "win-64",
  "timestamp": 1661806115382,
  "track_features": "",
  "url": "https://repo.anaconda.com/pkgs/main/win-64/menuinst-1.4.19-py37h59b6b97_0.conda",
  "version": "1.4.19"
}