{
  "build": "py37haa95532_0",
  "build_number": 0,
  "channel": "https://repo.anaconda.com/pkgs/main/win-64",
  "constrains": [],
  "depends": [
    "python >=3.7,<3.8.0a0"
  ],
  "extracted_package_dir": "D:\\Users\\Ravi\\miniconda3\\pkgs\\pkginfo-1.8.3-py37haa95532_0",
  "features": "",
  "files": [
    "Lib/site-packages/pkginfo-1.8.3.dist-info/INSTALLER",
    "Lib/site-packages/pkginfo-1.8.3.dist-info/LICENSE.txt",
    "Lib/site-packages/pkginfo-1.8.3.dist-info/METADATA",
    "Lib/site-packages/pkginfo-1.8.3.dist-info/RECORD",
    "Lib/site-packages/pkginfo-1.8.3.dist-info/REQUESTED",
    "Lib/site-packages/pkginfo-1.8.3.dist-info/WHEEL",
    "Lib/site-packages/pkginfo-1.8.3.dist-info/direct_url.json",
    "Lib/site-packages/pkginfo-1.8.3.dist-info/entry_points.txt",
    "Lib/site-packages/pkginfo-1.8.3.dist-info/top_level.txt",
    "Lib/site-packages/pkginfo/__init__.py",
    "Lib/site-packages/pkginfo/__pycache__/__init__.cpython-37.pyc",
    "Lib/site-packages/pkginfo/__pycache__/_compat.cpython-37.pyc",
    "Lib/site-packages/pkginfo/__pycache__/bdist.cpython-37.pyc",
    "Lib/site-packages/pkginfo/__pycache__/commandline.cpython-37.pyc",
    "Lib/site-packages/pkginfo/__pycache__/develop.cpython-37.pyc",
    "Lib/site-packages/pkginfo/__pycache__/distribution.cpython-37.pyc",
    "Lib/site-packages/pkginfo/__pycache__/index.cpython-37.pyc",
    "Lib/site-packages/pkginfo/__pycache__/installed.cpython-37.pyc",
    "Lib/site-packages/pkginfo/__pycache__/sdist.cpython-37.pyc",
    "Lib/site-packages/pkginfo/__pycache__/utils.cpython-37.pyc",
    "Lib/site-packages/pkginfo/__pycache__/wheel.cpython-37.pyc",
    "Lib/site-packages/pkginfo/_compat.py",
    "Lib/site-packages/pkginfo/bdist.py",
    "Lib/site-packages/pkginfo/commandline.py",
    "Lib/site-packages/pkginfo/develop.py",
    "Lib/site-packages/pkginfo/distribution.py",
    "Lib/site-packages/pkginfo/index.py",
    "Lib/site-packages/pkginfo/installed.py",
    "Lib/site-packages/pkginfo/sdist.py",
    "Lib/site-packages/pkginfo/tests/__init__.py",
    "Lib/site-packages/pkginfo/tests/__pycache__/__init__.cpython-37.pyc",
    "Lib/site-packages/pkginfo/tests/__pycache__/test_bdist.cpython-37.pyc",
    "Lib/site-packages/pkginfo/tests/__pycache__/test_commandline.cpython-37.pyc",
    "Lib/site-packages/pkginfo/tests/__pycache__/test_develop.cpython-37.pyc",
    "Lib/site-packages/pkginfo/tests/__pycache__/test_distribution.cpython-37.pyc",
    "Lib/site-packages/pkginfo/tests/__pycache__/test_index.cpython-37.pyc",
    "Lib/site-packages/pkginfo/tests/__pycache__/test_installed.cpython-37.pyc",
    "Lib/site-packages/pkginfo/tests/__pycache__/test_sdist.cpython-37.pyc",
    "Lib/site-packages/pkginfo/tests/__pycache__/test_utils.cpython-37.pyc",
    "Lib/site-packages/pkginfo/tests/__pycache__/test_wheel.cpython-37.pyc",
    "Lib/site-packages/pkginfo/tests/test_bdist.py",
    "Lib/site-packages/pkginfo/tests/test_commandline.py",
    "Lib/site-packages/pkginfo/tests/test_develop.py",
    "Lib/site-packages/pkginfo/tests/test_distribution.py",
    "Lib/site-packages/pkginfo/tests/test_index.py",
    "Lib/site-packages/pkginfo/tests/test_installed.py",
    "Lib/site-packages/pkginfo/tests/test_sdist.py",
    "Lib/site-packages/pkginfo/tests/test_utils.py",
    "Lib/site-packages/pkginfo/tests/test_wheel.py",
    "Lib/site-packages/pkginfo/utils.py",
    "Lib/site-packages/pkginfo/wheel.py",
    "Scripts/pkginfo-script.py",
    "Scripts/pkginfo.exe",
    ".nonadmin"
  ],
  "fn": "pkginfo-1.8.3-py37haa95532_0.conda",
  "legacy_bz2_md5": "d1b0e2eec7aae48ce179073919490ded",
  "license": "MIT",
  "license_family": "MIT",
  "link": {
    "source": "D:\\Users\\Ravi\\miniconda3\\pkgs\\pkginfo-1.8.3-py37haa95532_0",
    "type": 1
  },
  "md5": "055b150a5c33932fa474f48599cc6405",
  "name": "pkginfo",
  "package_tarball_full_path": "D:\\Users\\Ravi\\miniconda3\\pkgs\\pkginfo-1.8.3-py37haa95532_0.conda",
  "paths_data": {
    "paths": [
      {
        "_path": "Lib/site-packages/pkginfo-1.8.3.dist-info/INSTALLER",
        "path_type": "hardlink",
        "sha256": "d0edee15f91b406f3f99726e44eb990be6e34fd0345b52b910c568e0eef6a2a8",
        "sha256_in_prefix": "d0edee15f91b406f3f99726e44eb990be6e34fd0345b52b910c568e0eef6a2a8",
        "size_in_bytes": 5
      },
      {
        "_path": "Lib/site-packages/pkginfo-1.8.3.dist-info/LICENSE.txt",
        "path_type": "hardlink",
        "sha256": "08ea83077299fd21f6a14a1c9ba90da7d66162b6506d07c4471c4096ad8f1cd8",
        "sha256_in_prefix": "08ea83077299fd21f6a14a1c9ba90da7d66162b6506d07c4471c4096ad8f1cd8",
        "size_in_bytes": 1084
      },
      {
        "_path": "Lib/site-packages/pkginfo-1.8.3.dist-info/METADATA",
        "path_type": "hardlink",
        "sha256": "b0165f3a9ed9a3d58ddea02eef7b43f7c364c1211d7e273446e4a55f0f1b25d9",
        "sha256_in_prefix": "b0165f3a9ed9a3d58ddea02eef7b43f7c364c1211d7e273446e4a55f0f1b25d9",
        "size_in_bytes": 9874
      },
      {
        "_path": "Lib/site-packages/pkginfo-1.8.3.dist-info/RECORD",
        "path_type": "hardlink",
        "sha256": "d1d5e6e8e04f2cfa8c70fe4caf64e27ef1a76a9deaf0c7850f4739f866a81703",
        "sha256_in_prefix": "d1d5e6e8e04f2cfa8c70fe4caf64e27ef1a76a9deaf0c7850f4739f866a81703",
        "size_in_bytes": 3625
      },
      {
        "_path": "Lib/site-packages/pkginfo-1.8.3.dist-info/REQUESTED",
        "path_type": "hardlink",
        "sha256": "e3b0c44298fc1c149afbf4c8996fb92427ae41e4649b934ca495991b7852b855",
        "sha256_in_prefix": "e3b0c44298fc1c149afbf4c8996fb92427ae41e4649b934ca495991b7852b855",
        "size_in_bytes": 0
      },
      {
        "_path": "Lib/site-packages/pkginfo-1.8.3.dist-info/WHEEL",
        "path_type": "hardlink",
        "sha256": "cfd8f4c406bf26650a3299b3ef62b464600b48cfe7fb04159866e5797c765478",
        "sha256_in_prefix": "cfd8f4c406bf26650a3299b3ef62b464600b48cfe7fb04159866e5797c765478",
        "size_in_bytes": 110
      },
      {
        "_path": "Lib/site-packages/pkginfo-1.8.3.dist-info/direct_url.json",
        "path_type": "hardlink",
        "sha256": "cebbce733c1698bce1def784af45963d1698866ac66ee9c7fe886fbd67439d46",
        "sha256_in_prefix": "cebbce733c1698bce1def784af45963d1698866ac66ee9c7fe886fbd67439d46",
        "size_in_bytes": 87
      },
      {
        "_path": "Lib/site-packages/pkginfo-1.8.3.dist-info/entry_points.txt",
        "path_type": "hardlink",
        "sha256": "64c4af1dfca0e7ba0cc6196335fae738696a9943c0086f0666125867d9ff5757",
        "sha256_in_prefix": "64c4af1dfca0e7ba0cc6196335fae738696a9943c0086f0666125867d9ff5757",
        "size_in_bytes": 53
      },
      {
        "_path": "Lib/site-packages/pkginfo-1.8.3.dist-info/top_level.txt",
        "path_type": "hardlink",
        "sha256": "df95be7470be957f856c546482c1f6b1c6ec780468c6ce12e9e2136140c1585f",
        "sha256_in_prefix": "df95be7470be957f856c546482c1f6b1c6ec780468c6ce12e9e2136140c1585f",
        "size_in_bytes": 8
      },
      {
        "_path": "Lib/site-packages/pkginfo/__init__.py",
        "path_type": "hardlink",
        "sha256": "ed9ca6f4baa616c9aab3246522bf40ca6f3b9579d11aca9a27e2fea6951d237d",
        "sha256_in_prefix": "ed9ca6f4baa616c9aab3246522bf40ca6f3b9579d11aca9a27e2fea6951d237d",
        "size_in_bytes": 266
      },
      {
        "_path": "Lib/site-packages/pkginfo/__pycache__/__init__.cpython-37.pyc",
        "path_type": "hardlink",
        "sha256": "0149f71013c7c147b582d4b9c4f3207a0845dbe1e267d2ebee42e4a6d0cac18b",
        "sha256_in_prefix": "0149f71013c7c147b582d4b9c4f3207a0845dbe1e267d2ebee42e4a6d0cac18b",
        "size_in_bytes": 473
      },
      {
        "_path": "Lib/site-packages/pkginfo/__pycache__/_compat.cpython-37.pyc",
        "path_type": "hardlink",
        "sha256": "56e20fd19813cc762b794dfe1181549fd5dcc99c550242eecf629b0b0ac1d970",
        "sha256_in_prefix": "56e20fd19813cc762b794dfe1181549fd5dcc99c550242eecf629b0b0ac1d970",
        "size_in_bytes": 774
      },
      {
        "_path": "Lib/site-packages/pkginfo/__pycache__/bdist.cpython-37.pyc",
        "path_type": "hardlink",
        "sha256": "d52ab91fcec1b0298081af7ff9bd7982f6e0892fcaf258d76656d03ae61cb9bf",
        "sha256_in_prefix": "d52ab91fcec1b0298081af7ff9bd7982f6e0892fcaf258d76656d03ae61cb9bf",
        "size_in_bytes": 1672
      },
      {
        "_path": "Lib/site-packages/pkginfo/__pycache__/commandline.cpython-37.pyc",
        "path_type": "hardlink",
        "sha256": "ec610a17d97a0941016c54878380fbda581b4dcefe623a257c37aa9a941934f6",
        "sha256_in_prefix": "ec610a17d97a0941016c54878380fbda581b4dcefe623a257c37aa9a941934f6",
        "size_in_bytes": 7057
      },
      {
        "_path": "Lib/site-packages/pkginfo/__pycache__/develop.cpython-37.pyc",
        "path_type": "hardlink",
        "sha256": "b3660f0deedbe2ff2a49083a55ec0c4a76db6810de3824887a055fcbc52bfcd7",
        "sha256_in_prefix": "b3660f0deedbe2ff2a49083a55ec0c4a76db6810de3824887a055fcbc52bfcd7",
        "size_in_bytes": 1781
      },
      {
        "_path": "Lib/site-packages/pkginfo/__pycache__/distribution.cpython-37.pyc",
        "path_type": "hardlink",
        "sha256": "fff9958fef1e82cbfa8171706bb3bb647bb7f299aa7f83d25e56989fd998d6b0",
        "sha256_in_prefix": "fff9958fef1e82cbfa8171706bb3bb647bb7f299aa7f83d25e56989fd998d6b0",
        "size_in_bytes": 4031
      },
      {
        "_path": "Lib/site-packages/pkginfo/__pycache__/index.cpython-37.pyc",
        "path_type": "hardlink",
        "sha256": "79cbe9e403a987ffe0af8e718af14aba19cc520cddd357c8525e04692d179037",
        "sha256_in_prefix": "79cbe9e403a987ffe0af8e718af14aba19cc520cddd357c8525e04692d179037",
        "size_in_bytes": 839
      },
      {
        "_path": "Lib/site-packages/pkginfo/__pycache__/installed.cpython-37.pyc",
        "path_type": "hardlink",
        "sha256": "807219a9fcec3b2703e0ca390bf5e50892b1cbf2c50554cff2c72ab6e78f6d3c",
        "sha256_in_prefix": "807219a9fcec3b2703e0ca390bf5e50892b1cbf2c50554cff2c72ab6e78f6d3c",
        "size_in_bytes": 1926
      },
      {
        "_path": "Lib/site-packages/pkginfo/__pycache__/sdist.cpython-37.pyc",
        "path_type": "hardlink",
        "sha256": "7dda6e82ad044162e648b89e081b47772bd781250d74e70474fa7931ab8c6499",
        "sha256_in_prefix": "7dda6e82ad044162e648b89e081b47772bd781250d74e70474fa7931ab8c6499",
        "size_in_bytes": 2927
      },
      {
        "_path": "Lib/site-packages/pkginfo/__pycache__/utils.cpython-37.pyc",
        "path_type": "hardlink",
        "sha256": "594f1bcf799bdd3ec0745e511f956e05286768bb8fdad7d7d79fa72a9cb7416d",
        "sha256_in_prefix": "594f1bcf799bdd3ec0745e511f956e05286768bb8fdad7d7d79fa72a9cb7416d",
        "size_in_bytes": 1338
      },
      {
        "_path": "Lib/site-packages/pkginfo/__pycache__/wheel.cpython-37.pyc",
        "path_type": "hardlink",
        "sha256": "5d7a340d6312344a38ea9c5d568a7d5e6290cc40af9bbb848d6a5ac5985646f1",
        "sha256_in_prefix": "5d7a340d6312344a38ea9c5d568a7d5e6290cc40af9bbb848d6a5ac5985646f1",
        "size_in_bytes": 2232
      },
      {
        "_path": "Lib/site-packages/pkginfo/_compat.py",
        "path_type": "hardlink",
        "sha256": "99f75c64520569d1efe6ead8de61d6aaeddf2379d1abaf081310fd8ac340e052",
        "sha256_in_prefix": "99f75c64520569d1efe6ead8de61d6aaeddf2379d1abaf081310fd8ac340e052",
        "size_in_bytes": 885
      },
      {
        "_path": "Lib/site-packages/pkginfo/bdist.py",
        "path_type": "hardlink",
        "sha256": "cc13359a564946bd0bee741af648bacab8c1ee7b57c07e53844399be5aebd5b1",
        "sha256_in_prefix": "cc13359a564946bd0bee741af648bacab8c1ee7b57c07e53844399be5aebd5b1",
        "size_in_bytes": 1198
      },
      {
        "_path": "Lib/site-packages/pkginfo/commandline.py",
        "path_type": "hardlink",
        "sha256": "c2407048d3b51c6302f8ed3e5d0f9a3da695ad967d21e372fb2dbaff4e703d5f",
        "sha256_in_prefix": "c2407048d3b51c6302f8ed3e5d0f9a3da695ad967d21e372fb2dbaff4e703d5f",
        "size_in_bytes": 7506
      },
      {
        "_path": "Lib/site-packages/pkginfo/develop.py",
        "path_type": "hardlink",
        "sha256": "a1df1e8c75778c220b20c9b749603c4e1a06ca708ae23ae85cfba93fefc5107d",
        "sha256_in_prefix": "a1df1e8c75778c220b20c9b749603c4e1a06ca708ae23ae85cfba93fefc5107d",
        "size_in_bytes": 1577
      },
      {
        "_path": "Lib/site-packages/pkginfo/distribution.py",
        "path_type": "hardlink",
        "sha256": "c5d35c80c5ab2814f0d6e4bbcd9903806ca300530b3eaba6dde4be96d5439774",
        "sha256_in_prefix": "c5d35c80c5ab2814f0d6e4bbcd9903806ca300530b3eaba6dde4be96d5439774",
        "size_in_bytes": 4402
      },
      {
        "_path": "Lib/site-packages/pkginfo/index.py",
        "path_type": "hardlink",
        "sha256": "4eb9728db208bf6be069d29e014326a3e9a02380faa33a053981999beb05b137",
        "sha256_in_prefix": "4eb9728db208bf6be069d29e014326a3e9a02380faa33a053981999beb05b137",
        "size_in_bytes": 518
      },
      {
        "_path": "Lib/site-packages/pkginfo/installed.py",
        "path_type": "hardlink",
        "sha256": "9d7bc7dcc3df5525cb5154357e6702a5232befbb2b8769a1e50ff5fa4c4a3879",
        "sha256_in_prefix": "9d7bc7dcc3df5525cb5154357e6702a5232befbb2b8769a1e50ff5fa4c4a3879",
        "size_in_bytes": 2535
      },
      {
        "_path": "Lib/site-packages/pkginfo/sdist.py",
        "path_type": "hardlink",
        "sha256": "eb5f7778788979204483375c352b5dcd1af3d15a0c1477a14b98cf81a0fd709b",
        "sha256_in_prefix": "eb5f7778788979204483375c352b5dcd1af3d15a0c1477a14b98cf81a0fd709b",
        "size_in_bytes": 2347
      },
      {
        "_path": "Lib/site-packages/pkginfo/tests/__init__.py",
        "path_type": "hardlink",
        "sha256": "49e0da99d2a5e31a1d35f1ab368557588e3a15f51a20f9071a3761a153261ad5",
        "sha256_in_prefix": "49e0da99d2a5e31a1d35f1ab368557588e3a15f51a20f9071a3761a153261ad5",
        "size_in_bytes": 1389
      },
      {
        "_path": "Lib/site-packages/pkginfo/tests/__pycache__/__init__.cpython-37.pyc",
        "path_type": "hardlink",
        "sha256": "aed2c66dc44bffcd9c4584e6115c23f8454504a8c3570bc4f737d246c10a3a1e",
        "sha256_in_prefix": "aed2c66dc44bffcd9c4584e6115c23f8454504a8c3570bc4f737d246c10a3a1e",
        "size_in_bytes": 1427
      },
      {
        "_path": "Lib/site-packages/pkginfo/tests/__pycache__/test_bdist.cpython-37.pyc",
        "path_type": "hardlink",
        "sha256": "47c0d5e0bf7f052f0bad35ac4951ad6a8b5743a44a3f56f41a90dcca46092c4b",
        "sha256_in_prefix": "47c0d5e0bf7f052f0bad35ac4951ad6a8b5743a44a3f56f41a90dcca46092c4b",
        "size_in_bytes": 2884
      },
      {
        "_path": "Lib/site-packages/pkginfo/tests/__pycache__/test_commandline.cpython-37.pyc",
        "path_type": "hardlink",
        "sha256": "6ae267c9eae5fd49045a44351e4ad5cb149d9d43fb051fd40e3ae1226743af28",
        "sha256_in_prefix": "6ae267c9eae5fd49045a44351e4ad5cb149d9d43fb051fd40e3ae1226743af28",
        "size_in_bytes": 15682
      },
      {
        "_path": "Lib/site-packages/pkginfo/tests/__pycache__/test_develop.cpython-37.pyc",
        "path_type": "hardlink",
        "sha256": "ff7f3184533a2f5740482230aa79aff68eaea0d22f29a20064b5bb25fa689535",
        "sha256_in_prefix": "ff7f3184533a2f5740482230aa79aff68eaea0d22f29a20064b5bb25fa689535",
        "size_in_bytes": 1286
      },
      {
        "_path": "Lib/site-packages/pkginfo/tests/__pycache__/test_distribution.cpython-37.pyc",
        "path_type": "hardlink",
        "sha256": "b030c53d1ef6032efe33353e7aff199e62d92263c9fc6c8bbae6333b079cd631",
        "sha256_in_prefix": "b030c53d1ef6032efe33353e7aff199e62d92263c9fc6c8bbae6333b079cd631",
        "size_in_bytes": 22125
      },
      {
        "_path": "Lib/site-packages/pkginfo/tests/__pycache__/test_index.cpython-37.pyc",
        "path_type": "hardlink",
        "sha256": "ed94b1551c8e57bd58d84a417ecc8cb9e09d745a9b2a784ba19501c8ff557123",
        "sha256_in_prefix": "ed94b1551c8e57bd58d84a417ecc8cb9e09d745a9b2a784ba19501c8ff557123",
        "size_in_bytes": 3512
      },
      {
        "_path": "Lib/site-packages/pkginfo/tests/__pycache__/test_installed.cpython-37.pyc",
        "path_type": "hardlink",
        "sha256": "dbec22b65a915a6b4fef954d57dabfdcde7a823371da54dede248f14fbb6eded",
        "sha256_in_prefix": "dbec22b65a915a6b4fef954d57dabfdcde7a823371da54dede248f14fbb6eded",
        "size_in_bytes": 5459
      },
      {
        "_path": "Lib/site-packages/pkginfo/tests/__pycache__/test_sdist.cpython-37.pyc",
        "path_type": "hardlink",
        "sha256": "139222f156347928c9f2e7d4d7b0d0731d5dbec2d3bc17d4ae85caffcf11c084",
        "sha256_in_prefix": "139222f156347928c9f2e7d4d7b0d0731d5dbec2d3bc17d4ae85caffcf11c084",
        "size_in_bytes": 6866
      },
      {
        "_path": "Lib/site-packages/pkginfo/tests/__pycache__/test_utils.cpython-37.pyc",
        "path_type": "hardlink",
        "sha256": "8fa6050715ca21367cb55d07f656f6fc54ac4cd9f46c8b8e3620895bded98ac1",
        "sha256_in_prefix": "8fa6050715ca21367cb55d07f656f6fc54ac4cd9f46c8b8e3620895bded98ac1",
        "size_in_bytes": 7323
      },
      {
        "_path": "Lib/site-packages/pkginfo/tests/__pycache__/test_wheel.cpython-37.pyc",
        "path_type": "hardlink",
        "sha256": "519c6c83b1cbaa8fec9a8067ee51fde981093220d168f009ad5daa05f081edd2",
        "sha256_in_prefix": "519c6c83b1cbaa8fec9a8067ee51fde981093220d168f009ad5daa05f081edd2",
        "size_in_bytes": 4872
      },
      {
        "_path": "Lib/site-packages/pkginfo/tests/test_bdist.py",
        "path_type": "hardlink",
        "sha256": "ae9ebed478a4c8bf67f4a779f77bb372ba0f6b15a8211a05765bded32b8a5760",
        "sha256_in_prefix": "ae9ebed478a4c8bf67f4a779f77bb372ba0f6b15a8211a05765bded32b8a5760",
        "size_in_bytes": 2279
      },
      {
        "_path": "Lib/site-packages/pkginfo/tests/test_commandline.py",
        "path_type": "hardlink",
        "sha256": "5d4917e3a8e0fd1d1001a9650830b4b2793a85ef518e3d23a3cbda321045eb87",
        "sha256_in_prefix": "5d4917e3a8e0fd1d1001a9650830b4b2793a85ef518e3d23a3cbda321045eb87",
        "size_in_bytes": 12132
      },
      {
        "_path": "Lib/site-packages/pkginfo/tests/test_develop.py",
        "path_type": "hardlink",
        "sha256": "f61ea722ce8fa6a71a875d26d4c53725ef174f069c6c3d399bfbfb8e6c038a4c",
        "sha256_in_prefix": "f61ea722ce8fa6a71a875d26d4c53725ef174f069c6c3d399bfbfb8e6c038a4c",
        "size_in_bytes": 831
      },
      {
        "_path": "Lib/site-packages/pkginfo/tests/test_distribution.py",
        "path_type": "hardlink",
        "sha256": "ee8367808dae8f956f126f0d8c49bc435545a4dc47c3dd2a6189cf9ced85bbd7",
        "sha256_in_prefix": "ee8367808dae8f956f126f0d8c49bc435545a4dc47c3dd2a6189cf9ced85bbd7",
        "size_in_bytes": 18519
      },
      {
        "_path": "Lib/site-packages/pkginfo/tests/test_index.py",
        "path_type": "hardlink",
        "sha256": "14a9e945d500a5a369f59e6129f1ca49c9f352f80df15ac42ad41d2ce24f5c86",
        "sha256_in_prefix": "14a9e945d500a5a369f59e6129f1ca49c9f352f80df15ac42ad41d2ce24f5c86",
        "size_in_bytes": 2636
      },
      {
        "_path": "Lib/site-packages/pkginfo/tests/test_installed.py",
        "path_type": "hardlink",
        "sha256": "761d1410a05f7a5f5a893d96cc838c3df02dd42a91c8ff8dab42228462d40f37",
        "sha256_in_prefix": "761d1410a05f7a5f5a893d96cc838c3df02dd42a91c8ff8dab42228462d40f37",
        "size_in_bytes": 5795
      },
      {
        "_path": "Lib/site-packages/pkginfo/tests/test_sdist.py",
        "path_type": "hardlink",
        "sha256": "ae102f4987d13b09976c069052e93d00446ba54c2d86cf42d9d724b319ef4194",
        "sha256_in_prefix": "ae102f4987d13b09976c069052e93d00446ba54c2d86cf42d9d724b319ef4194",
        "size_in_bytes": 5481
      },
      {
        "_path": "Lib/site-packages/pkginfo/tests/test_utils.py",
        "path_type": "hardlink",
        "sha256": "873703356f916a5e8a33e449382c02f34befaf33d1f0f5221e306397c7e3579b",
        "sha256_in_prefix": "873703356f916a5e8a33e449382c02f34befaf33d1f0f5221e306397c7e3579b",
        "size_in_bytes": 6835
      },
      {
        "_path": "Lib/site-packages/pkginfo/tests/test_wheel.py",
        "path_type": "hardlink",
        "sha256": "517b0f9f1147f66c2756ad3f7698a7b1b14ccdfd57e368aa652b3a2c6de51ebc",
        "sha256_in_prefix": "517b0f9f1147f66c2756ad3f7698a7b1b14ccdfd57e368aa652b3a2c6de51ebc",
        "size_in_bytes": 4443
      },
      {
        "_path": "Lib/site-packages/pkginfo/utils.py",
        "path_type": "hardlink",
        "sha256": "90cf87ac31e45d211f78d8c9a7412c8cae71def61cfe319a52b1a43df53d3324",
        "sha256_in_prefix": "90cf87ac31e45d211f78d8c9a7412c8cae71def61cfe319a52b1a43df53d3324",
        "size_in_bytes": 1786
      },
      {
        "_path": "Lib/site-packages/pkginfo/wheel.py",
        "path_type": "hardlink",
        "sha256": "2e6edaeae7cf9383fafa54a684fbbcc45003c8f642402b00488f9a7d425c3ca5",
        "sha256_in_prefix": "2e6edaeae7cf9383fafa54a684fbbcc45003c8f642402b00488f9a7d425c3ca5",
        "size_in_bytes": 1624
      },
      {
        "_path": "Scripts/pkginfo-script.py",
        "path_type": "hardlink",
        "sha256": "f33b767db0bb61d1a2564073972474a1c6c2ba338142d36f78433e42dd34a43a",
        "sha256_in_prefix": "f33b767db0bb61d1a2564073972474a1c6c2ba338142d36f78433e42dd34a43a",
        "size_in_bytes": 213
      },
      {
        "_path": "Scripts/pkginfo.exe",
        "path_type": "hardlink",
        "sha256": "5ea569f2b5bc9c273351641a1a3c52821ce2a9370bc8202f0247c793ebd8a618",
        "sha256_in_prefix": "5ea569f2b5bc9c273351641a1a3c52821ce2a9370bc8202f0247c793ebd8a618",
        "size_in_bytes": 41984
      }
    ],
    "paths_version": 1
  },
  "requested_spec": "None",
  "sha256": "efa3eab9b859b3a181dde11ab4283be10ee4942de3e19e4ed86ab8d8b4be84e9",
  "size": 63410,
  "subdir": "win-64",
  "timestamp": 1666725198913,
  "track_features": "",
  "url": "https://repo.anaconda.com/pkgs/main/win-64/pkginfo-1.8.3-py37haa95532_0.conda",
  "version": "1.8.3"
}