{
  "build": "py37haa95532_1",
  "build_number": 1,
  "channel": "https://repo.anaconda.com/pkgs/main/win-64",
  "constrains": [],
  "depends": [
    "importlib_metadata >=0.12",
    "python >=3.7,<3.8.0a0"
  ],
  "extracted_package_dir": "D:\\Users\\Ravi\\miniconda3\\pkgs\\pluggy-1.0.0-py37haa95532_1",
  "features": "",
  "files": [
    "Lib/site-packages/pluggy-1.0.0.dist-info/INSTALLER",
    "Lib/site-packages/pluggy-1.0.0.dist-info/LICENSE",
    "Lib/site-packages/pluggy-1.0.0.dist-info/METADATA",
    "Lib/site-packages/pluggy-1.0.0.dist-info/RECORD",
    "Lib/site-packages/pluggy-1.0.0.dist-info/REQUESTED",
    "Lib/site-packages/pluggy-1.0.0.dist-info/WHEEL",
    "Lib/site-packages/pluggy-1.0.0.dist-info/direct_url.json",
    "Lib/site-packages/pluggy-1.0.0.dist-info/top_level.txt",
    "Lib/site-packages/pluggy/__init__.py",
    "Lib/site-packages/pluggy/__pycache__/__init__.cpython-37.pyc",
    "Lib/site-packages/pluggy/__pycache__/_callers.cpython-37.pyc",
    "Lib/site-packages/pluggy/__pycache__/_hooks.cpython-37.pyc",
    "Lib/site-packages/pluggy/__pycache__/_manager.cpython-37.pyc",
    "Lib/site-packages/pluggy/__pycache__/_result.cpython-37.pyc",
    "Lib/site-packages/pluggy/__pycache__/_tracing.cpython-37.pyc",
    "Lib/site-packages/pluggy/__pycache__/_version.cpython-37.pyc",
    "Lib/site-packages/pluggy/_callers.py",
    "Lib/site-packages/pluggy/_hooks.py",
    "Lib/site-packages/pluggy/_manager.py",
    "Lib/site-packages/pluggy/_result.py",
    "Lib/site-packages/pluggy/_tracing.py",
    "Lib/site-packages/pluggy/_version.py",
    ".nonadmin"
  ],
  "fn": "pluggy-1.0.0-py37haa95532_1.conda",
  "legacy_bz2_md5": "4aa738746884dd1cda486175fad56807",
  "license": "MIT",
  "license_family": "MIT",
  "link": {
    "source": "D:\\Users\\Ravi\\miniconda3\\pkgs\\pluggy-1.0.0-py37haa95532_1",
    "type": 1
  },
  "md5": "3f7f4ece5abda339f8d1472e18882c4f",
  "name": "pluggy",
  "package_tarball_full_path": "D:\\Users\\Ravi\\miniconda3\\pkgs\\pluggy-1.0.0-py37haa95532_1.conda",
  "paths_data": {
    "paths": [
      {
        "_path": "Lib/site-packages/pluggy-1.0.0.dist-info/INSTALLER",
        "path_type": "hardlink",
        "sha256": "d0edee15f91b406f3f99726e44eb990be6e34fd0345b52b910c568e0eef6a2a8",
        "sha256_in_prefix": "d0edee15f91b406f3f99726e44eb990be6e34fd0345b52b910c568e0eef6a2a8",
        "size_in_bytes": 5
      },
      {
        "_path": "Lib/site-packages/pluggy-1.0.0.dist-info/LICENSE",
        "path_type": "hardlink",
        "sha256": "d6b65e6c213a5d0b577911d34d6e5949b9f59d76c238c5071a2f3fc16cfb2606",
        "sha256_in_prefix": "d6b65e6c213a5d0b577911d34d6e5949b9f59d76c238c5071a2f3fc16cfb2606",
        "size_in_bytes": 1110
      },
      {
        "_path": "Lib/site-packages/pluggy-1.0.0.dist-info/METADATA",
        "path_type": "hardlink",
        "sha256": "4390fbb88db556b10e3dbe970f470ce2f635664a6dc9bda2388638dcc1dfc172",
        "sha256_in_prefix": "4390fbb88db556b10e3dbe970f470ce2f635664a6dc9bda2388638dcc1dfc172",
        "size_in_bytes": 4345
      },
      {
        "_path": "Lib/site-packages/pluggy-1.0.0.dist-info/RECORD",
        "path_type": "hardlink",
        "sha256": "d549244052d691a934794102bad65bae4edd160aaa4c17af06da76ece58f268b",
        "sha256_in_prefix": "d549244052d691a934794102bad65bae4edd160aaa4c17af06da76ece58f268b",
        "size_in_bytes": 1502
      },
      {
        "_path": "Lib/site-packages/pluggy-1.0.0.dist-info/REQUESTED",
        "path_type": "hardlink",
        "sha256": "e3b0c44298fc1c149afbf4c8996fb92427ae41e4649b934ca495991b7852b855",
        "sha256_in_prefix": "e3b0c44298fc1c149afbf4c8996fb92427ae41e4649b934ca495991b7852b855",
        "size_in_bytes": 0
      },
      {
        "_path": "Lib/site-packages/pluggy-1.0.0.dist-info/WHEEL",
        "path_type": "hardlink",
        "sha256": "cfd8f4c406bf26650a3299b3ef62b464600b48cfe7fb04159866e5797c765478",
        "sha256_in_prefix": "cfd8f4c406bf26650a3299b3ef62b464600b48cfe7fb04159866e5797c765478",
        "size_in_bytes": 110
      },
      {
        "_path": "Lib/site-packages/pluggy-1.0.0.dist-info/direct_url.json",
        "path_type": "hardlink",
        "sha256": "1fd76c168e516e720c26be187327a619fa000b8ab5bc0f3e3c0039efa2edc1fd",
        "sha256_in_prefix": "1fd76c168e516e720c26be187327a619fa000b8ab5bc0f3e3c0039efa2edc1fd",
        "size_in_bytes": 66
      },
      {
        "_path": "Lib/site-packages/pluggy-1.0.0.dist-info/top_level.txt",
        "path_type": "hardlink",
        "sha256": "c4a4824616a2faff4c724bccb96a8dcf5e9cd6d6ec98e820a0c4b04e07296071",
        "sha256_in_prefix": "c4a4824616a2faff4c724bccb96a8dcf5e9cd6d6ec98e820a0c4b04e07296071",
        "size_in_bytes": 7
      },
      {
        "_path": "Lib/site-packages/pluggy/__init__.py",
        "path_type": "hardlink",
        "sha256": "e3f8e336d0e79f1e817b0603278a85664717e25e099f40771ea3ad76c010bd41",
        "sha256_in_prefix": "e3f8e336d0e79f1e817b0603278a85664717e25e099f40771ea3ad76c010bd41",
        "size_in_bytes": 489
      },
      {
        "_path": "Lib/site-packages/pluggy/__pycache__/__init__.cpython-37.pyc",
        "path_type": "hardlink",
        "sha256": "345fad4349c6db875f3e6cc1da8f292351cdc077ff9f0d50cbba636c4492573b",
        "sha256_in_prefix": "345fad4349c6db875f3e6cc1da8f292351cdc077ff9f0d50cbba636c4492573b",
        "size_in_bytes": 486
      },
      {
        "_path": "Lib/site-packages/pluggy/__pycache__/_callers.cpython-37.pyc",
        "path_type": "hardlink",
        "sha256": "b756dc94a099defacb6eecfcc5f670e2386014199cd03252e30a3434d6e69d71",
        "sha256_in_prefix": "b756dc94a099defacb6eecfcc5f670e2386014199cd03252e30a3434d6e69d71",
        "size_in_bytes": 1470
      },
      {
        "_path": "Lib/site-packages/pluggy/__pycache__/_hooks.cpython-37.pyc",
        "path_type": "hardlink",
        "sha256": "03458ffebd8d221564f7f0c650b88d1ac4330d2c14f337e0c58dab406871aea4",
        "sha256_in_prefix": "03458ffebd8d221564f7f0c650b88d1ac4330d2c14f337e0c58dab406871aea4",
        "size_in_bytes": 10945
      },
      {
        "_path": "Lib/site-packages/pluggy/__pycache__/_manager.cpython-37.pyc",
        "path_type": "hardlink",
        "sha256": "c4abea25d8860d01e807a0248a59d45d8dd0f6bcc9347bdb1eb6cb5ac02ff98d",
        "sha256_in_prefix": "c4abea25d8860d01e807a0248a59d45d8dd0f6bcc9347bdb1eb6cb5ac02ff98d",
        "size_in_bytes": 13738
      },
      {
        "_path": "Lib/site-packages/pluggy/__pycache__/_result.cpython-37.pyc",
        "path_type": "hardlink",
        "sha256": "eff69cb56a9870111078575ce4b8c6c3a30c2b0385aa1f2d959e3b9d7adf7321",
        "sha256_in_prefix": "eff69cb56a9870111078575ce4b8c6c3a30c2b0385aa1f2d959e3b9d7adf7321",
        "size_in_bytes": 2109
      },
      {
        "_path": "Lib/site-packages/pluggy/__pycache__/_tracing.cpython-37.pyc",
        "path_type": "hardlink",
        "sha256": "2199cf9e0c32d380fe5eb2c7d9e0b077c8775074be165470d169ca4a41af67c4",
        "sha256_in_prefix": "2199cf9e0c32d380fe5eb2c7d9e0b077c8775074be165470d169ca4a41af67c4",
        "size_in_bytes": 2251
      },
      {
        "_path": "Lib/site-packages/pluggy/__pycache__/_version.cpython-37.pyc",
        "path_type": "hardlink",
        "sha256": "041f51162bf3e09290c9f66afd275ace4e8c4e74cdf0e20b0ee7ef957bf2e0bd",
        "sha256_in_prefix": "041f51162bf3e09290c9f66afd275ace4e8c4e74cdf0e20b0ee7ef957bf2e0bd",
        "size_in_bytes": 178
      },
      {
        "_path": "Lib/site-packages/pluggy/_callers.py",
        "path_type": "hardlink",
        "sha256": "96ad8a3576b384aafe285fc624fc38bec636107c10e4e376752899502b5a790c",
        "sha256_in_prefix": "96ad8a3576b384aafe285fc624fc38bec636107c10e4e376752899502b5a790c",
        "size_in_bytes": 2097
      },
      {
        "_path": "Lib/site-packages/pluggy/_hooks.py",
        "path_type": "hardlink",
        "sha256": "3903e7aafec9eee7cb6554122021e9370e006167570f04d57de6022ff644c113",
        "sha256_in_prefix": "3903e7aafec9eee7cb6554122021e9370e006167570f04d57de6022ff644c113",
        "size_in_bytes": 11496
      },
      {
        "_path": "Lib/site-packages/pluggy/_manager.py",
        "path_type": "hardlink",
        "sha256": "98a42788daa3fcb3edb77e6be9d10b6d13eba84759fe23cbe95745cb1efdf3ba",
        "sha256_in_prefix": "98a42788daa3fcb3edb77e6be9d10b6d13eba84759fe23cbe95745cb1efdf3ba",
        "size_in_bytes": 14752
      },
      {
        "_path": "Lib/site-packages/pluggy/_result.py",
        "path_type": "hardlink",
        "sha256": "b0b4cbd37e1003749f91ef29b5a75492fa165b9890d4fbf3ca80bfec5d9e41f8",
        "sha256_in_prefix": "b0b4cbd37e1003749f91ef29b5a75492fa165b9890d4fbf3ca80bfec5d9e41f8",
        "size_in_bytes": 1535
      },
      {
        "_path": "Lib/site-packages/pluggy/_tracing.py",
        "path_type": "hardlink",
        "sha256": "c52bf8575a54fe293ca550a9a1b4c7f209e30770d0e228a7837b6ff9b0ee1ed0",
        "sha256_in_prefix": "c52bf8575a54fe293ca550a9a1b4c7f209e30770d0e228a7837b6ff9b0ee1ed0",
        "size_in_bytes": 1541
      },
      {
        "_path": "Lib/site-packages/pluggy/_version.py",
        "path_type": "hardlink",
        "sha256": "1ce4097a30b46e2bd6091e2f48738b0fcaac03a6d348d75b451f0418f32ea5fb",
        "sha256_in_prefix": "1ce4097a30b46e2bd6091e2f48738b0fcaac03a6d348d75b451f0418f32ea5fb",
        "size_in_bytes": 147
      }
    ],
    "paths_version": 1
  },
  "requested_spec": "None",
  "sha256": "152dc62b7e3d9d89c01600a87aee59c8c6639da32646434f6599db480541d066",
  "size": 29775,
  "subdir": "win-64",
  "timestamp": 1648042833904,
  "track_features": "",
  "url": "https://repo.anaconda.com/pkgs/main/win-64/pluggy-1.0.0-py37haa95532_1.conda",
  "version": "1.0.0"
}