{
  "build": "py37h2bbff1b_0",
  "build_number": 0,
  "channel": "https://repo.anaconda.com/pkgs/main/win-64",
  "constrains": [],
  "depends": [
    "python >=3.7,<3.8.0a0",
    "vc >=14.1,<15.0a0",
    "vs2015_runtime >=14.16.27012,<15.0a0"
  ],
  "extracted_package_dir": "D:\\Users\\Ravi\\miniconda3\\pkgs\\psutil-5.9.0-py37h2bbff1b_0",
  "features": "",
  "files": [
    "Lib/site-packages/psutil-5.9.0.dist-info/INSTALLER",
    "Lib/site-packages/psutil-5.9.0.dist-info/LICENSE",
    "Lib/site-packages/psutil-5.9.0.dist-info/METADATA",
    "Lib/site-packages/psutil-5.9.0.dist-info/RECORD",
    "Lib/site-packages/psutil-5.9.0.dist-info/REQUESTED",
    "Lib/site-packages/psutil-5.9.0.dist-info/WHEEL",
    "Lib/site-packages/psutil-5.9.0.dist-info/direct_url.json",
    "Lib/site-packages/psutil-5.9.0.dist-info/top_level.txt",
    "Lib/site-packages/psutil/__init__.py",
    "Lib/site-packages/psutil/__pycache__/__init__.cpython-37.pyc",
    "Lib/site-packages/psutil/__pycache__/_common.cpython-37.pyc",
    "Lib/site-packages/psutil/__pycache__/_compat.cpython-37.pyc",
    "Lib/site-packages/psutil/__pycache__/_psaix.cpython-37.pyc",
    "Lib/site-packages/psutil/__pycache__/_psbsd.cpython-37.pyc",
    "Lib/site-packages/psutil/__pycache__/_pslinux.cpython-37.pyc",
    "Lib/site-packages/psutil/__pycache__/_psosx.cpython-37.pyc",
    "Lib/site-packages/psutil/__pycache__/_psposix.cpython-37.pyc",
    "Lib/site-packages/psutil/__pycache__/_pssunos.cpython-37.pyc",
    "Lib/site-packages/psutil/__pycache__/_pswindows.cpython-37.pyc",
    "Lib/site-packages/psutil/_common.py",
    "Lib/site-packages/psutil/_compat.py",
    "Lib/site-packages/psutil/_psaix.py",
    "Lib/site-packages/psutil/_psbsd.py",
    "Lib/site-packages/psutil/_pslinux.py",
    "Lib/site-packages/psutil/_psosx.py",
    "Lib/site-packages/psutil/_psposix.py",
    "Lib/site-packages/psutil/_pssunos.py",
    "Lib/site-packages/psutil/_psutil_windows.pyd",
    "Lib/site-packages/psutil/_pswindows.py",
    "Lib/site-packages/psutil/tests/__init__.py",
    "Lib/site-packages/psutil/tests/__main__.py",
    "Lib/site-packages/psutil/tests/__pycache__/__init__.cpython-37.pyc",
    "Lib/site-packages/psutil/tests/__pycache__/__main__.cpython-37.pyc",
    "Lib/site-packages/psutil/tests/__pycache__/runner.cpython-37.pyc",
    "Lib/site-packages/psutil/tests/__pycache__/test_aix.cpython-37.pyc",
    "Lib/site-packages/psutil/tests/__pycache__/test_bsd.cpython-37.pyc",
    "Lib/site-packages/psutil/tests/__pycache__/test_connections.cpython-37.pyc",
    "Lib/site-packages/psutil/tests/__pycache__/test_contracts.cpython-37.pyc",
    "Lib/site-packages/psutil/tests/__pycache__/test_linux.cpython-37.pyc",
    "Lib/site-packages/psutil/tests/__pycache__/test_memleaks.cpython-37.pyc",
    "Lib/site-packages/psutil/tests/__pycache__/test_misc.cpython-37.pyc",
    "Lib/site-packages/psutil/tests/__pycache__/test_osx.cpython-37.pyc",
    "Lib/site-packages/psutil/tests/__pycache__/test_posix.cpython-37.pyc",
    "Lib/site-packages/psutil/tests/__pycache__/test_process.cpython-37.pyc",
    "Lib/site-packages/psutil/tests/__pycache__/test_sunos.cpython-37.pyc",
    "Lib/site-packages/psutil/tests/__pycache__/test_system.cpython-37.pyc",
    "Lib/site-packages/psutil/tests/__pycache__/test_testutils.cpython-37.pyc",
    "Lib/site-packages/psutil/tests/__pycache__/test_unicode.cpython-37.pyc",
    "Lib/site-packages/psutil/tests/__pycache__/test_windows.cpython-37.pyc",
    "Lib/site-packages/psutil/tests/runner.py",
    "Lib/site-packages/psutil/tests/test_aix.py",
    "Lib/site-packages/psutil/tests/test_bsd.py",
    "Lib/site-packages/psutil/tests/test_connections.py",
    "Lib/site-packages/psutil/tests/test_contracts.py",
    "Lib/site-packages/psutil/tests/test_linux.py",
    "Lib/site-packages/psutil/tests/test_memleaks.py",
    "Lib/site-packages/psutil/tests/test_misc.py",
    "Lib/site-packages/psutil/tests/test_osx.py",
    "Lib/site-packages/psutil/tests/test_posix.py",
    "Lib/site-packages/psutil/tests/test_process.py",
    "Lib/site-packages/psutil/tests/test_sunos.py",
    "Lib/site-packages/psutil/tests/test_system.py",
    "Lib/site-packages/psutil/tests/test_testutils.py",
    "Lib/site-packages/psutil/tests/test_unicode.py",
    "Lib/site-packages/psutil/tests/test_windows.py",
    ".nonadmin"
  ],
  "fn": "psutil-5.9.0-py37h2bbff1b_0.conda",
  "legacy_bz2_md5": "9f66ff68f6f4b050d2ffa19b1c44e79a",
  "license": "BSD-3-Clause",
  "license_family": "BSD",
  "link": {
    "source": "D:\\Users\\Ravi\\miniconda3\\pkgs\\psutil-5.9.0-py37h2bbff1b_0",
    "type": 1
  },
  "md5": "3c2258e51bef32501d19b36cb4e13f32",
  "name": "psutil",
  "package_tarball_full_path": "D:\\Users\\Ravi\\miniconda3\\pkgs\\psutil-5.9.0-py37h2bbff1b_0.conda",
  "paths_data": {
    "paths": [
      {
        "_path": "Lib/site-packages/psutil-5.9.0.dist-info/INSTALLER",
        "path_type": "hardlink",
        "sha256": "d0edee15f91b406f3f99726e44eb990be6e34fd0345b52b910c568e0eef6a2a8",
        "sha256_in_prefix": "d0edee15f91b406f3f99726e44eb990be6e34fd0345b52b910c568e0eef6a2a8",
        "size_in_bytes": 5
      },
      {
        "_path": "Lib/site-packages/psutil-5.9.0.dist-info/LICENSE",
        "path_type": "hardlink",
        "sha256": "24c12984500caa07ffdce19eebc06396c5e6d244b573bc6c438f4a6ef8e56c1b",
        "sha256_in_prefix": "24c12984500caa07ffdce19eebc06396c5e6d244b573bc6c438f4a6ef8e56c1b",
        "size_in_bytes": 1549
      },
      {
        "_path": "Lib/site-packages/psutil-5.9.0.dist-info/METADATA",
        "path_type": "hardlink",
        "sha256": "ad269c4c58fadbf100c6116eb3ebed5d77878f0c43b9314d18addc011b2b2b80",
        "sha256_in_prefix": "ad269c4c58fadbf100c6116eb3ebed5d77878f0c43b9314d18addc011b2b2b80",
        "size_in_bytes": 21771
      },
      {
        "_path": "Lib/site-packages/psutil-5.9.0.dist-info/RECORD",
        "path_type": "hardlink",
        "sha256": "a403e2a74d8b5162b18d622a58c4a5c1cc773b6077905620debfbf566343d4ff",
        "sha256_in_prefix": "a403e2a74d8b5162b18d622a58c4a5c1cc773b6077905620debfbf566343d4ff",
        "size_in_bytes": 4473
      },
      {
        "_path": "Lib/site-packages/psutil-5.9.0.dist-info/REQUESTED",
        "path_type": "hardlink",
        "sha256": "e3b0c44298fc1c149afbf4c8996fb92427ae41e4649b934ca495991b7852b855",
        "sha256_in_prefix": "e3b0c44298fc1c149afbf4c8996fb92427ae41e4649b934ca495991b7852b855",
        "size_in_bytes": 0
      },
      {
        "_path": "Lib/site-packages/psutil-5.9.0.dist-info/WHEEL",
        "path_type": "hardlink",
        "sha256": "f85a83263a381eb92b21a4e1bed01879fd9e1009f5fd0bd57b99c83429d411b4",
        "sha256_in_prefix": "f85a83263a381eb92b21a4e1bed01879fd9e1009f5fd0bd57b99c83429d411b4",
        "size_in_bytes": 101
      },
      {
        "_path": "Lib/site-packages/psutil-5.9.0.dist-info/direct_url.json",
        "path_type": "hardlink",
        "sha256": "069dedf7335c1d16ed2bdcc83c743cc2ff4fee3f2280624355bd45b4e48d4bb9",
        "sha256_in_prefix": "069dedf7335c1d16ed2bdcc83c743cc2ff4fee3f2280624355bd45b4e48d4bb9",
        "size_in_bytes": 139
      },
      {
        "_path": "Lib/site-packages/psutil-5.9.0.dist-info/top_level.txt",
        "path_type": "hardlink",
        "sha256": "8023619f9ef0ce4b038d20084a680c2746a25f342e964d062616f6f81032620c",
        "sha256_in_prefix": "8023619f9ef0ce4b038d20084a680c2746a25f342e964d062616f6f81032620c",
        "size_in_bytes": 7
      },
      {
        "_path": "Lib/site-packages/psutil/__init__.py",
        "path_type": "hardlink",
        "sha256": "2bcc48e017e31005c717b28944e40092c9f73bef62686c892a860db7b5d75e8e",
        "sha256_in_prefix": "2bcc48e017e31005c717b28944e40092c9f73bef62686c892a860db7b5d75e8e",
        "size_in_bytes": 87457
      },
      {
        "_path": "Lib/site-packages/psutil/__pycache__/__init__.cpython-37.pyc",
        "path_type": "hardlink",
        "sha256": "8d33772e0c07d8f41122df829e878417c89d962e9e2b6feac269157be8d8ef4b",
        "sha256_in_prefix": "8d33772e0c07d8f41122df829e878417c89d962e9e2b6feac269157be8d8ef4b",
        "size_in_bytes": 63872
      },
      {
        "_path": "Lib/site-packages/psutil/__pycache__/_common.cpython-37.pyc",
        "path_type": "hardlink",
        "sha256": "4abf527ae44da183057b594e4dad44aee28d0c45b55b0c9345799360cdf15961",
        "sha256_in_prefix": "4abf527ae44da183057b594e4dad44aee28d0c45b55b0c9345799360cdf15961",
        "size_in_bytes": 20984
      },
      {
        "_path": "Lib/site-packages/psutil/__pycache__/_compat.cpython-37.pyc",
        "path_type": "hardlink",
        "sha256": "921c095c9ca83dd22c001ac98ecb3bc61c4aacf42ae57cfdfb26dc0f4240b897",
        "sha256_in_prefix": "921c095c9ca83dd22c001ac98ecb3bc61c4aacf42ae57cfdfb26dc0f4240b897",
        "size_in_bytes": 11698
      },
      {
        "_path": "Lib/site-packages/psutil/__pycache__/_psaix.cpython-37.pyc",
        "path_type": "hardlink",
        "sha256": "97187e8f04283d1c573fed008fe640468db65f9420d33ecf2298e7a14c97fa9b",
        "sha256_in_prefix": "97187e8f04283d1c573fed008fe640468db65f9420d33ecf2298e7a14c97fa9b",
        "size_in_bytes": 15006
      },
      {
        "_path": "Lib/site-packages/psutil/__pycache__/_psbsd.cpython-37.pyc",
        "path_type": "hardlink",
        "sha256": "f32a9a01e80cdf2a70b259cd4afe14aaecb7bd8ac3848174cf48b511687aa6e1",
        "sha256_in_prefix": "f32a9a01e80cdf2a70b259cd4afe14aaecb7bd8ac3848174cf48b511687aa6e1",
        "size_in_bytes": 20772
      },
      {
        "_path": "Lib/site-packages/psutil/__pycache__/_pslinux.cpython-37.pyc",
        "path_type": "hardlink",
        "sha256": "9b653833578ead27ed1d41e968c20d04b1baf3c2756d466c4f7da253f8618791",
        "sha256_in_prefix": "9b653833578ead27ed1d41e968c20d04b1baf3c2756d466c4f7da253f8618791",
        "size_in_bytes": 51798
      },
      {
        "_path": "Lib/site-packages/psutil/__pycache__/_psosx.cpython-37.pyc",
        "path_type": "hardlink",
        "sha256": "018818f260452a315c10fa67a6289478f652fa35c5efcb7b1e66b8b2d8d33524",
        "sha256_in_prefix": "018818f260452a315c10fa67a6289478f652fa35c5efcb7b1e66b8b2d8d33524",
        "size_in_bytes": 13485
      },
      {
        "_path": "Lib/site-packages/psutil/__pycache__/_psposix.cpython-37.pyc",
        "path_type": "hardlink",
        "sha256": "7298c7ce8e13422d66cead3ffaa584d8f3654f7c13409812c107e0e747510d7d",
        "sha256_in_prefix": "7298c7ce8e13422d66cead3ffaa584d8f3654f7c13409812c107e0e747510d7d",
        "size_in_bytes": 4490
      },
      {
        "_path": "Lib/site-packages/psutil/__pycache__/_pssunos.cpython-37.pyc",
        "path_type": "hardlink",
        "sha256": "c5baaa5c36aaefb953996ff11c8b6f16a21366827a8965f2dd026319eba9dd1c",
        "sha256_in_prefix": "c5baaa5c36aaefb953996ff11c8b6f16a21366827a8965f2dd026319eba9dd1c",
        "size_in_bytes": 18072
      },
      {
        "_path": "Lib/site-packages/psutil/__pycache__/_pswindows.cpython-37.pyc",
        "path_type": "hardlink",
        "sha256": "cbb180650e43398458b85c51cc3a7d08dc3efc955c2d939977b6ded5d9f24aba",
        "sha256_in_prefix": "cbb180650e43398458b85c51cc3a7d08dc3efc955c2d939977b6ded5d9f24aba",
        "size_in_bytes": 28713
      },
      {
        "_path": "Lib/site-packages/psutil/_common.py",
        "path_type": "hardlink",
        "sha256": "8ea185ed674895ff10743babd02b84f3ec6e2bc38590c13dfa50d12f6134d829",
        "sha256_in_prefix": "8ea185ed674895ff10743babd02b84f3ec6e2bc38590c13dfa50d12f6134d829",
        "size_in_bytes": 26445
      },
      {
        "_path": "Lib/site-packages/psutil/_compat.py",
        "path_type": "hardlink",
        "sha256": "63258a75640ce67c814aa0e2e7ee50427d51f8b74094aba5a2d01f89d4816c8e",
        "sha256_in_prefix": "63258a75640ce67c814aa0e2e7ee50427d51f8b74094aba5a2d01f89d4816c8e",
        "size_in_bytes": 15043
      },
      {
        "_path": "Lib/site-packages/psutil/_psaix.py",
        "path_type": "hardlink",
        "sha256": "81110112ef95dcd342fc23894a869ba96c2479fe0982fc4db20398738bbb8c86",
        "sha256_in_prefix": "81110112ef95dcd342fc23894a869ba96c2479fe0982fc4db20398738bbb8c86",
        "size_in_bytes": 18552
      },
      {
        "_path": "Lib/site-packages/psutil/_psbsd.py",
        "path_type": "hardlink",
        "sha256": "b1c612d8833fef37bd53cc8ac9fa0c2c88bfd76908c901ee8adf972c452bd6d8",
        "sha256_in_prefix": "b1c612d8833fef37bd53cc8ac9fa0c2c88bfd76908c901ee8adf972c452bd6d8",
        "size_in_bytes": 31032
      },
      {
        "_path": "Lib/site-packages/psutil/_pslinux.py",
        "path_type": "hardlink",
        "sha256": "046ca1d7b1f5423014b91566403a9bd31e14b08d8b61891c55664e964854bdb6",
        "sha256_in_prefix": "046ca1d7b1f5423014b91566403a9bd31e14b08d8b61891c55664e964854bdb6",
        "size_in_bytes": 85465
      },
      {
        "_path": "Lib/site-packages/psutil/_psosx.py",
        "path_type": "hardlink",
        "sha256": "b8abff0e9851282e42dd41b8ad4c4233c1e97a27249e6334ab5dad63421515e4",
        "sha256_in_prefix": "b8abff0e9851282e42dd41b8ad4c4233c1e97a27249e6334ab5dad63421515e4",
        "size_in_bytes": 16142
      },
      {
        "_path": "Lib/site-packages/psutil/_psposix.py",
        "path_type": "hardlink",
        "sha256": "7bc96663bcf7ccaaa8e57a1e3cfedd872e4d470c46315116ec1ac4e057cb73f3",
        "sha256_in_prefix": "7bc96663bcf7ccaaa8e57a1e3cfedd872e4d470c46315116ec1ac4e057cb73f3",
        "size_in_bytes": 8046
      },
      {
        "_path": "Lib/site-packages/psutil/_pssunos.py",
        "path_type": "hardlink",
        "sha256": "95ae6b98bd00d97982d742cbd05d1abe7c0c36db49ba225d14f81847f1eef8bc",
        "sha256_in_prefix": "95ae6b98bd00d97982d742cbd05d1abe7c0c36db49ba225d14f81847f1eef8bc",
        "size_in_bytes": 25489
      },
      {
        "_path": "Lib/site-packages/psutil/_psutil_windows.pyd",
        "path_type": "hardlink",
        "sha256": "3000f504142a5b807afabd67ed7dad14df864517dce5fdb27ecd25dcc528d58d",
        "sha256_in_prefix": "3000f504142a5b807afabd67ed7dad14df864517dce5fdb27ecd25dcc528d58d",
        "size_in_bytes": 68608
      },
      {
        "_path": "Lib/site-packages/psutil/_pswindows.py",
        "path_type": "hardlink",
        "sha256": "0eaf71886098d81dec59824f61bd3c238a35b55586b154d82a3959b4e5853ce7",
        "sha256_in_prefix": "0eaf71886098d81dec59824f61bd3c238a35b55586b154d82a3959b4e5853ce7",
        "size_in_bytes": 37120
      },
      {
        "_path": "Lib/site-packages/psutil/tests/__init__.py",
        "path_type": "hardlink",
        "sha256": "67d65fd9e4ba584e2e3f973503090477817aa8b5a260c8b0af6965556c5b7bd3",
        "sha256_in_prefix": "67d65fd9e4ba584e2e3f973503090477817aa8b5a260c8b0af6965556c5b7bd3",
        "size_in_bytes": 57822
      },
      {
        "_path": "Lib/site-packages/psutil/tests/__main__.py",
        "path_type": "hardlink",
        "sha256": "861337f388e3150b4317db138ff0d76814025c254bc1dca32e29785135e47bc4",
        "sha256_in_prefix": "861337f388e3150b4317db138ff0d76814025c254bc1dca32e29785135e47bc4",
        "size_in_bytes": 293
      },
      {
        "_path": "Lib/site-packages/psutil/tests/__pycache__/__init__.cpython-37.pyc",
        "path_type": "hardlink",
        "sha256": "0017a2527fc9d58276631c4111b5bb9fb07a343b4efdce279e86678c6be05654",
        "sha256_in_prefix": "0017a2527fc9d58276631c4111b5bb9fb07a343b4efdce279e86678c6be05654",
        "size_in_bytes": 47528
      },
      {
        "_path": "Lib/site-packages/psutil/tests/__pycache__/__main__.cpython-37.pyc",
        "path_type": "hardlink",
        "sha256": "2c2eac84c3781163b3fd963888b5166dcde49e5a3784776d9d41c04e3b67b624",
        "sha256_in_prefix": "2c2eac84c3781163b3fd963888b5166dcde49e5a3784776d9d41c04e3b67b624",
        "size_in_bytes": 251
      },
      {
        "_path": "Lib/site-packages/psutil/tests/__pycache__/runner.cpython-37.pyc",
        "path_type": "hardlink",
        "sha256": "4a6ae4e1d504e38487bb48c5a56a655cc73e7e694e7024b9c773930886e218f5",
        "sha256_in_prefix": "4a6ae4e1d504e38487bb48c5a56a655cc73e7e694e7024b9c773930886e218f5",
        "size_in_bytes": 10963
      },
      {
        "_path": "Lib/site-packages/psutil/tests/__pycache__/test_aix.cpython-37.pyc",
        "path_type": "hardlink",
        "sha256": "73ca0ca8308db315ff9d32227a18cc2938ef7403ef6da67134ad592826cd6bf4",
        "sha256_in_prefix": "73ca0ca8308db315ff9d32227a18cc2938ef7403ef6da67134ad592826cd6bf4",
        "size_in_bytes": 3320
      },
      {
        "_path": "Lib/site-packages/psutil/tests/__pycache__/test_bsd.cpython-37.pyc",
        "path_type": "hardlink",
        "sha256": "a2d9136ec45f77cb2360be11e3fdfecc23b7a2d0e3d878580afdba2bf1d41ba5",
        "sha256_in_prefix": "a2d9136ec45f77cb2360be11e3fdfecc23b7a2d0e3d878580afdba2bf1d41ba5",
        "size_in_bytes": 19916
      },
      {
        "_path": "Lib/site-packages/psutil/tests/__pycache__/test_connections.cpython-37.pyc",
        "path_type": "hardlink",
        "sha256": "b5594960d8dc96622ac7ac7736d0b1661f124bef9143411315d20c60ca07df6e",
        "sha256_in_prefix": "b5594960d8dc96622ac7ac7736d0b1661f124bef9143411315d20c60ca07df6e",
        "size_in_bytes": 15834
      },
      {
        "_path": "Lib/site-packages/psutil/tests/__pycache__/test_contracts.cpython-37.pyc",
        "path_type": "hardlink",
        "sha256": "dc930bfde9326167ad940c579526fb247b34afb4dc4da167139a5e5417aead4e",
        "sha256_in_prefix": "dc930bfde9326167ad940c579526fb247b34afb4dc4da167139a5e5417aead4e",
        "size_in_bytes": 26429
      },
      {
        "_path": "Lib/site-packages/psutil/tests/__pycache__/test_linux.cpython-37.pyc",
        "path_type": "hardlink",
        "sha256": "734e558edf7c7b284a83b10de368035f3c28aff4ef5ff94705601db8464b6bcd",
        "sha256_in_prefix": "734e558edf7c7b284a83b10de368035f3c28aff4ef5ff94705601db8464b6bcd",
        "size_in_bytes": 75342
      },
      {
        "_path": "Lib/site-packages/psutil/tests/__pycache__/test_memleaks.cpython-37.pyc",
        "path_type": "hardlink",
        "sha256": "b598d274c03222cb73d07932ccfb546b0059c191b9a014583330f5f9e74f1bae",
        "sha256_in_prefix": "b598d274c03222cb73d07932ccfb546b0059c191b9a014583330f5f9e74f1bae",
        "size_in_bytes": 23122
      },
      {
        "_path": "Lib/site-packages/psutil/tests/__pycache__/test_misc.cpython-37.pyc",
        "path_type": "hardlink",
        "sha256": "5be937313f96af95e03f200e1e965cef46217743f19e97a48ade6db9b99323ab",
        "sha256_in_prefix": "5be937313f96af95e03f200e1e965cef46217743f19e97a48ade6db9b99323ab",
        "size_in_bytes": 25148
      },
      {
        "_path": "Lib/site-packages/psutil/tests/__pycache__/test_osx.cpython-37.pyc",
        "path_type": "hardlink",
        "sha256": "2b8f476884a21e36d59acd0d8a84075a8887dbf2fc1e5eec7921b46b16e96c59",
        "sha256_in_prefix": "2b8f476884a21e36d59acd0d8a84075a8887dbf2fc1e5eec7921b46b16e96c59",
        "size_in_bytes": 7237
      },
      {
        "_path": "Lib/site-packages/psutil/tests/__pycache__/test_posix.cpython-37.pyc",
        "path_type": "hardlink",
        "sha256": "46b549d480a5213c6ab5836f586638a281741d302e35857e47539280324c353a",
        "sha256_in_prefix": "46b549d480a5213c6ab5836f586638a281741d302e35857e47539280324c353a",
        "size_in_bytes": 12817
      },
      {
        "_path": "Lib/site-packages/psutil/tests/__pycache__/test_process.cpython-37.pyc",
        "path_type": "hardlink",
        "sha256": "20382d1d23de12f5b5f3d134306483bb3d78a9ff3f4fe6c317bca285b83516a1",
        "sha256_in_prefix": "20382d1d23de12f5b5f3d134306483bb3d78a9ff3f4fe6c317bca285b83516a1",
        "size_in_bytes": 48076
      },
      {
        "_path": "Lib/site-packages/psutil/tests/__pycache__/test_sunos.cpython-37.pyc",
        "path_type": "hardlink",
        "sha256": "d4fdb9836d2fb45f38e86f4f608b4b17e1b3469c7ea86b1786d4f5e45b8da4a6",
        "sha256_in_prefix": "d4fdb9836d2fb45f38e86f4f608b4b17e1b3469c7ea86b1786d4f5e45b8da4a6",
        "size_in_bytes": 1491
      },
      {
        "_path": "Lib/site-packages/psutil/tests/__pycache__/test_system.cpython-37.pyc",
        "path_type": "hardlink",
        "sha256": "54850d2beb15b11e5b9bd691a38245cbeab8e22d12d61b8193216a1d4f6bb7f2",
        "sha256_in_prefix": "54850d2beb15b11e5b9bd691a38245cbeab8e22d12d61b8193216a1d4f6bb7f2",
        "size_in_bytes": 27586
      },
      {
        "_path": "Lib/site-packages/psutil/tests/__pycache__/test_testutils.cpython-37.pyc",
        "path_type": "hardlink",
        "sha256": "211a9d8635c5bcf77df52914ac3123c36be40ec7dfabdca05882e3d9e5d51391",
        "sha256_in_prefix": "211a9d8635c5bcf77df52914ac3123c36be40ec7dfabdca05882e3d9e5d51391",
        "size_in_bytes": 16637
      },
      {
        "_path": "Lib/site-packages/psutil/tests/__pycache__/test_unicode.cpython-37.pyc",
        "path_type": "hardlink",
        "sha256": "c43afe3e4d6d025558eb260a55826acd46aaf13ee7714591d05bd11efd5d2cda",
        "sha256_in_prefix": "c43afe3e4d6d025558eb260a55826acd46aaf13ee7714591d05bd11efd5d2cda",
        "size_in_bytes": 11022
      },
      {
        "_path": "Lib/site-packages/psutil/tests/__pycache__/test_windows.cpython-37.pyc",
        "path_type": "hardlink",
        "sha256": "798918fec3aa689ccca718f0ee939c1ccce1d8dc35506156f3b2e633d3a2c393",
        "sha256_in_prefix": "798918fec3aa689ccca718f0ee939c1ccce1d8dc35506156f3b2e633d3a2c393",
        "size_in_bytes": 28106
      },
      {
        "_path": "Lib/site-packages/psutil/tests/runner.py",
        "path_type": "hardlink",
        "sha256": "7b39b57496ee8a638b118464ffc2eb012d5117e8464f52a485afe16fcef6d2d6",
        "sha256_in_prefix": "7b39b57496ee8a638b118464ffc2eb012d5117e8464f52a485afe16fcef6d2d6",
        "size_in_bytes": 11204
      },
      {
        "_path": "Lib/site-packages/psutil/tests/test_aix.py",
        "path_type": "hardlink",
        "sha256": "588b053e201992ce16e237b716ab7e1ac4cbb943f205f1aceb8c6192e44569f4",
        "sha256_in_prefix": "588b053e201992ce16e237b716ab7e1ac4cbb943f205f1aceb8c6192e44569f4",
        "size_in_bytes": 4526
      },
      {
        "_path": "Lib/site-packages/psutil/tests/test_bsd.py",
        "path_type": "hardlink",
        "sha256": "4101f870b156d6d26e9adaefc35b906fc75dfc8c5f4d46b8ddb4a2387499fff6",
        "sha256_in_prefix": "4101f870b156d6d26e9adaefc35b906fc75dfc8c5f4d46b8ddb4a2387499fff6",
        "size_in_bytes": 20695
      },
      {
        "_path": "Lib/site-packages/psutil/tests/test_connections.py",
        "path_type": "hardlink",
        "sha256": "45931e8e012e38a384c607fd7bf102e866b18b06353ceec23b4edfb4ae411d21",
        "sha256_in_prefix": "45931e8e012e38a384c607fd7bf102e866b18b06353ceec23b4edfb4ae411d21",
        "size_in_bytes": 21380
      },
      {
        "_path": "Lib/site-packages/psutil/tests/test_contracts.py",
        "path_type": "hardlink",
        "sha256": "d77d51f601400c1f5da19e83f02bc34de8c20cbe16e76be1dc094935b431c93e",
        "sha256_in_prefix": "d77d51f601400c1f5da19e83f02bc34de8c20cbe16e76be1dc094935b431c93e",
        "size_in_bytes": 27074
      },
      {
        "_path": "Lib/site-packages/psutil/tests/test_linux.py",
        "path_type": "hardlink",
        "sha256": "0a51ad5bd40f5439dc8c91837a1e7789889edba347d86e1be3dcbaec48c59d65",
        "sha256_in_prefix": "0a51ad5bd40f5439dc8c91837a1e7789889edba347d86e1be3dcbaec48c59d65",
        "size_in_bytes": 93248
      },
      {
        "_path": "Lib/site-packages/psutil/tests/test_memleaks.py",
        "path_type": "hardlink",
        "sha256": "661e91ae01b9204b11da14fd7524ab9661844919ab031feac8b0181767b31e0b",
        "sha256_in_prefix": "661e91ae01b9204b11da14fd7524ab9661844919ab031feac8b0181767b31e0b",
        "size_in_bytes": 14880
      },
      {
        "_path": "Lib/site-packages/psutil/tests/test_misc.py",
        "path_type": "hardlink",
        "sha256": "15a709247c4f00fe846dd0ef5e9fef393d0cb63e338b941acea5b0c9d91d14e6",
        "sha256_in_prefix": "15a709247c4f00fe846dd0ef5e9fef393d0cb63e338b941acea5b0c9d91d14e6",
        "size_in_bytes": 30230
      },
      {
        "_path": "Lib/site-packages/psutil/tests/test_osx.py",
        "path_type": "hardlink",
        "sha256": "07f9686ba2e1e2ac6dc19d87e5ce2a37547b7ac85b6ab19498988e54f65c1143",
        "sha256_in_prefix": "07f9686ba2e1e2ac6dc19d87e5ce2a37547b7ac85b6ab19498988e54f65c1143",
        "size_in_bytes": 7583
      },
      {
        "_path": "Lib/site-packages/psutil/tests/test_posix.py",
        "path_type": "hardlink",
        "sha256": "ea5638d5d6a0fa798f01bc222ea37591ae95095606055c7fbce6f8d6094b2189",
        "sha256_in_prefix": "ea5638d5d6a0fa798f01bc222ea37591ae95095606055c7fbce6f8d6094b2189",
        "size_in_bytes": 15144
      },
      {
        "_path": "Lib/site-packages/psutil/tests/test_process.py",
        "path_type": "hardlink",
        "sha256": "3c26f049dbc7bfd9f6ac15a0698ccf79f23f3f06ed7c5014ff3184eafe4824bd",
        "sha256_in_prefix": "3c26f049dbc7bfd9f6ac15a0698ccf79f23f3f06ed7c5014ff3184eafe4824bd",
        "size_in_bytes": 60645
      },
      {
        "_path": "Lib/site-packages/psutil/tests/test_sunos.py",
        "path_type": "hardlink",
        "sha256": "b68b01ebee1ba0ce9994855a789661e986c163c8151919b46085e06ff67af465",
        "sha256_in_prefix": "b68b01ebee1ba0ce9994855a789661e986c163c8151919b46085e06ff67af465",
        "size_in_bytes": 1351
      },
      {
        "_path": "Lib/site-packages/psutil/tests/test_system.py",
        "path_type": "hardlink",
        "sha256": "2dbffa42843c26221770f23e93cd253ca82455b04815e4717bd190cbb8dc5d77",
        "sha256_in_prefix": "2dbffa42843c26221770f23e93cd253ca82455b04815e4717bd190cbb8dc5d77",
        "size_in_bytes": 35572
      },
      {
        "_path": "Lib/site-packages/psutil/tests/test_testutils.py",
        "path_type": "hardlink",
        "sha256": "c7088fda6501803733893af44798c5937a504dcfa35a31a965debbd023a1fdda",
        "sha256_in_prefix": "c7088fda6501803733893af44798c5937a504dcfa35a31a965debbd023a1fdda",
        "size_in_bytes": 14445
      },
      {
        "_path": "Lib/site-packages/psutil/tests/test_unicode.py",
        "path_type": "hardlink",
        "sha256": "d7b23312e716f4869c27d838217587fef2dc9ab9715cb4a2609ed3c53262ae5e",
        "sha256_in_prefix": "d7b23312e716f4869c27d838217587fef2dc9ab9715cb4a2609ed3c53262ae5e",
        "size_in_bytes": 12459
      },
      {
        "_path": "Lib/site-packages/psutil/tests/test_windows.py",
        "path_type": "hardlink",
        "sha256": "a1d83565d317e3c033b6740afd7b2eaa9b7f107b1d3eddcf85a96d42b616b122",
        "sha256_in_prefix": "a1d83565d317e3c033b6740afd7b2eaa9b7f107b1d3eddcf85a96d42b616b122",
        "size_in_bytes": 32146
      }
    ],
    "paths_version": 1
  },
  "requested_spec": "None",
  "sha256": "e840b0635230e37ad5ea42a3603d01d56acc6dff2dea65a2c933a400c0b92545",
  "size": 354986,
  "subdir": "win-64",
  "timestamp": 1656431522077,
  "track_features": "",
  "url": "https://repo.anaconda.com/pkgs/main/win-64/psutil-5.9.0-py37h2bbff1b_0.conda",
  "version": "5.9.0"
}