{
  "build": "py37hd77b12b_0",
  "build_number": 0,
  "channel": "https://repo.anaconda.com/pkgs/main/win-64",
  "constrains": [],
  "depends": [
    "liblief 0.12.3 hd77b12b_0",
    "python >=3.7,<3.8.0a0",
    "vc >=14.1,<15.0a0",
    "vs2015_runtime >=14.16.27012,<15.0a0"
  ],
  "extracted_package_dir": "D:\\Users\\Ravi\\miniconda3\\pkgs\\py-lief-0.12.3-py37hd77b12b_0",
  "features": "",
  "files": [
    "Lib/site-packages/lief.pyd",
    ".nonadmin"
  ],
  "fn": "py-lief-0.12.3-py37hd77b12b_0.conda",
  "legacy_bz2_md5": "b8f5762cdf73ebd16aad9e657ff8c803",
  "license": "Apache-2.0",
  "license_family": "Apache",
  "link": {
    "source": "D:\\Users\\Ravi\\miniconda3\\pkgs\\py-lief-0.12.3-py37hd77b12b_0",
    "type": 1
  },
  "md5": "7d1420ad9582db5ae73eac51e524bd2d",
  "name": "py-lief",
  "package_tarball_full_path": "D:\\Users\\Ravi\\miniconda3\\pkgs\\py-lief-0.12.3-py37hd77b12b_0.conda",
  "paths_data": {
    "paths": [
      {
        "_path": "Lib/site-packages/lief.pyd",
        "path_type": "hardlink",
        "sha256": "b49e188585f5d27955bfc381673e6a9f7baca2575d42600c3ed5eda900e48111",
        "sha256_in_prefix": "b49e188585f5d27955bfc381673e6a9f7baca2575d42600c3ed5eda900e48111",
        "size_in_bytes": 14010880
      }
    ],
    "paths_version": 1
  },
  "requested_spec": "None",
  "sha256": "e9356b28c300c7098bb717957e5f4bbc68df639a6c596ccecaff1ab7c3e7cd12",
  "size": 2060063,
  "subdir": "win-64",
  "timestamp": 1670877625325,
  "track_features": "",
  "url": "https://repo.anaconda.com/pkgs/main/win-64/py-lief-0.12.3-py37hd77b12b_0.conda",
  "version": "0.12.3"
}