{
  "build": "py37h2bbff1b_0",
  "build_number": 0,
  "channel": "https://repo.anaconda.com/pkgs/main/win-64",
  "constrains": [],
  "depends": [
    "python >=3.7,<3.8.0a0",
    "vc >=14.1,<15.0a0",
    "vs2015_runtime >=14.16.27012,<15.0a0"
  ],
  "extracted_package_dir": "D:\\Users\\Ravi\\miniconda3\\pkgs\\pycosat-0.6.4-py37h2bbff1b_0",
  "features": "",
  "files": [
    "Lib/site-packages/__pycache__/test_pycosat.cpython-37.pyc",
    "Lib/site-packages/pycosat-0.6.4.dist-info/INSTALLER",
    "Lib/site-packages/pycosat-0.6.4.dist-info/LICENSE",
    "Lib/site-packages/pycosat-0.6.4.dist-info/METADATA",
    "Lib/site-packages/pycosat-0.6.4.dist-info/RECORD",
    "Lib/site-packages/pycosat-0.6.4.dist-info/REQUESTED",
    "Lib/site-packages/pycosat-0.6.4.dist-info/WHEEL",
    "Lib/site-packages/pycosat-0.6.4.dist-info/direct_url.json",
    "Lib/site-packages/pycosat-0.6.4.dist-info/top_level.txt",
    "Lib/site-packages/pycosat.cp37-win_amd64.pyd",
    "Lib/site-packages/test_pycosat.py",
    ".nonadmin"
  ],
  "fn": "pycosat-0.6.4-py37h2bbff1b_0.conda",
  "legacy_bz2_md5": "226ce4ef951b7578a9edd44b7fa1db27",
  "license": "MIT",
  "license_family": "MIT",
  "link": {
    "source": "D:\\Users\\Ravi\\miniconda3\\pkgs\\pycosat-0.6.4-py37h2bbff1b_0",
    "type": 1
  },
  "md5": "4bce2f61e0bbedbd9ad4555e86e0cbdf",
  "name": "pycosat",
  "package_tarball_full_path": "D:\\Users\\Ravi\\miniconda3\\pkgs\\pycosat-0.6.4-py37h2bbff1b_0.conda",
  "paths_data": {
    "paths": [
      {
        "_path": "Lib/site-packages/__pycache__/test_pycosat.cpython-37.pyc",
        "path_type": "hardlink",
        "sha256": "eca57353c52cbbfda200653b08786ff33c1dd9e8c152762b92fb0d0ad8f84246",
        "sha256_in_prefix": "eca57353c52cbbfda200653b08786ff33c1dd9e8c152762b92fb0d0ad8f84246",
        "size_in_bytes": 14306
      },
      {
        "_path": "Lib/site-packages/pycosat-0.6.4.dist-info/INSTALLER",
        "path_type": "hardlink",
        "sha256": "d0edee15f91b406f3f99726e44eb990be6e34fd0345b52b910c568e0eef6a2a8",
        "sha256_in_prefix": "d0edee15f91b406f3f99726e44eb990be6e34fd0345b52b910c568e0eef6a2a8",
        "size_in_bytes": 5
      },
      {
        "_path": "Lib/site-packages/pycosat-0.6.4.dist-info/LICENSE",
        "path_type": "hardlink",
        "sha256": "233d9a3b1d9e0d8afb120ee76b98e65c55ede04162fe37c2e803a3d38968021e",
        "sha256_in_prefix": "233d9a3b1d9e0d8afb120ee76b98e65c55ede04162fe37c2e803a3d38968021e",
        "size_in_bytes": 1084
      },
      {
        "_path": "Lib/site-packages/pycosat-0.6.4.dist-info/METADATA",
        "path_type": "hardlink",
        "sha256": "0f766ac22ea91a19ac503a5d3331b3efb3f502fa3f97454812da14709d724d00",
        "sha256_in_prefix": "0f766ac22ea91a19ac503a5d3331b3efb3f502fa3f97454812da14709d724d00",
        "size_in_bytes": 5434
      },
      {
        "_path": "Lib/site-packages/pycosat-0.6.4.dist-info/RECORD",
        "path_type": "hardlink",
        "sha256": "3ee63d31a2e8a52033f564f411cf14da195f9776ee7f31973e87ab6b039e9bf6",
        "sha256_in_prefix": "3ee63d31a2e8a52033f564f411cf14da195f9776ee7f31973e87ab6b039e9bf6",
        "size_in_bytes": 864
      },
      {
        "_path": "Lib/site-packages/pycosat-0.6.4.dist-info/REQUESTED",
        "path_type": "hardlink",
        "sha256": "e3b0c44298fc1c149afbf4c8996fb92427ae41e4649b934ca495991b7852b855",
        "sha256_in_prefix": "e3b0c44298fc1c149afbf4c8996fb92427ae41e4649b934ca495991b7852b855",
        "size_in_bytes": 0
      },
      {
        "_path": "Lib/site-packages/pycosat-0.6.4.dist-info/WHEEL",
        "path_type": "hardlink",
        "sha256": "f85a83263a381eb92b21a4e1bed01879fd9e1009f5fd0bd57b99c83429d411b4",
        "sha256_in_prefix": "f85a83263a381eb92b21a4e1bed01879fd9e1009f5fd0bd57b99c83429d411b4",
        "size_in_bytes": 101
      },
      {
        "_path": "Lib/site-packages/pycosat-0.6.4.dist-info/direct_url.json",
        "path_type": "hardlink",
        "sha256": "c1587440cb8740f238c57857c8266300e4f249245dd84146c42f4fd7b8afb221",
        "sha256_in_prefix": "c1587440cb8740f238c57857c8266300e4f249245dd84146c42f4fd7b8afb221",
        "size_in_bytes": 87
      },
      {
        "_path": "Lib/site-packages/pycosat-0.6.4.dist-info/top_level.txt",
        "path_type": "hardlink",
        "sha256": "47df40ce884f9595883a39b54562bd8afea8e1dfd82b39165099c771ccd838d1",
        "sha256_in_prefix": "47df40ce884f9595883a39b54562bd8afea8e1dfd82b39165099c771ccd838d1",
        "size_in_bytes": 21
      },
      {
        "_path": "Lib/site-packages/pycosat.cp37-win_amd64.pyd",
        "path_type": "hardlink",
        "sha256": "ceb77698c16be837bdc46e11f62c0714d3f0eb86fbcdbc079e1036e5b399e196",
        "sha256_in_prefix": "ceb77698c16be837bdc46e11f62c0714d3f0eb86fbcdbc079e1036e5b399e196",
        "size_in_bytes": 68608
      },
      {
        "_path": "Lib/site-packages/test_pycosat.py",
        "path_type": "hardlink",
        "sha256": "f7bcef178eabacb9c477ba20b88e8646ade28c86c23ed9327eecc8144777d8b2",
        "sha256_in_prefix": "f7bcef178eabacb9c477ba20b88e8646ade28c86c23ed9327eecc8144777d8b2",
        "size_in_bytes": 8806
      }
    ],
    "paths_version": 1
  },
  "requested_spec": "None",
  "sha256": "dd173e8b49801da497a43e05e0baf60113e8f734e4fa14cc622ecceea2bcd67a",
  "size": 73842,
  "subdir": "win-64",
  "timestamp": 1666814007853,
  "track_features": "",
  "url": "https://repo.anaconda.com/pkgs/main/win-64/pycosat-0.6.4-py37h2bbff1b_0.conda",
  "version": "0.6.4"
}