{
  "build": "pyhd3eb1b0_0",
  "build_number": 0,
  "channel": "https://repo.anaconda.com/pkgs/main/noarch",
  "constrains": [],
  "depends": [
    "cryptography >=35.0",
    "python >=3.6"
  ],
  "extracted_package_dir": "D:\\Users\\Ravi\\miniconda3\\pkgs\\pyopenssl-22.0.0-pyhd3eb1b0_0",
  "features": "",
  "files": [
    "Lib/site-packages/OpenSSL/SSL.py",
    "Lib/site-packages/OpenSSL/__init__.py",
    "Lib/site-packages/OpenSSL/_util.py",
    "Lib/site-packages/OpenSSL/crypto.py",
    "Lib/site-packages/OpenSSL/debug.py",
    "Lib/site-packages/OpenSSL/rand.py",
    "Lib/site-packages/OpenSSL/version.py",
    "Lib/site-packages/pyOpenSSL-22.0.0.dist-info/INSTALLER",
    "Lib/site-packages/pyOpenSSL-22.0.0.dist-info/LICENSE",
    "Lib/site-packages/pyOpenSSL-22.0.0.dist-info/METADATA",
    "Lib/site-packages/pyOpenSSL-22.0.0.dist-info/RECORD",
    "Lib/site-packages/pyOpenSSL-22.0.0.dist-info/REQUESTED",
    "Lib/site-packages/pyOpenSSL-22.0.0.dist-info/WHEEL",
    "Lib/site-packages/pyOpenSSL-22.0.0.dist-info/direct_url.json",
    "Lib/site-packages/pyOpenSSL-22.0.0.dist-info/top_level.txt",
    ".nonadmin",
    "Lib/site-packages/OpenSSL/__pycache__/SSL.cpython-37.pyc",
    "Lib/site-packages/OpenSSL/__pycache__/__init__.cpython-37.pyc",
    "Lib/site-packages/OpenSSL/__pycache__/_util.cpython-37.pyc",
    "Lib/site-packages/OpenSSL/__pycache__/crypto.cpython-37.pyc",
    "Lib/site-packages/OpenSSL/__pycache__/debug.cpython-37.pyc",
    "Lib/site-packages/OpenSSL/__pycache__/rand.cpython-37.pyc",
    "Lib/site-packages/OpenSSL/__pycache__/version.cpython-37.pyc"
  ],
  "fn": "pyopenssl-22.0.0-pyhd3eb1b0_0.conda",
  "legacy_bz2_md5": "24300c22dced4609b77f3ace93b5beeb",
  "license": "Apache-2.0",
  "license_family": "Apache",
  "link": {
    "source": "D:\\Users\\Ravi\\miniconda3\\pkgs\\pyopenssl-22.0.0-pyhd3eb1b0_0",
    "type": 1
  },
  "md5": "1dbbf9422269cd62c7094960d9b43f36",
  "name": "pyopenssl",
  "noarch": "python",
  "package_tarball_full_path": "D:\\Users\\Ravi\\miniconda3\\pkgs\\pyopenssl-22.0.0-pyhd3eb1b0_0.conda",
  "package_type": "noarch_python",
  "paths_data": {
    "paths": [
      {
        "_path": "site-packages/OpenSSL/SSL.py",
        "path_type": "hardlink",
        "sha256": "10e727886b79b14d2c7c97876267c2d2cc9f52edfb7df42b53026b9dc15c79f0",
        "sha256_in_prefix": "10e727886b79b14d2c7c97876267c2d2cc9f52edfb7df42b53026b9dc15c79f0",
        "size_in_bytes": 92329
      },
      {
        "_path": "site-packages/OpenSSL/__init__.py",
        "path_type": "hardlink",
        "sha256": "c8b07a3fa338b88e4ba58a5de87eaf9386ce37d54104c6ae5f9519be9e6adc9f",
        "sha256_in_prefix": "c8b07a3fa338b88e4ba58a5de87eaf9386ce37d54104c6ae5f9519be9e6adc9f",
        "size_in_bytes": 498
      },
      {
        "_path": "site-packages/OpenSSL/_util.py",
        "path_type": "hardlink",
        "sha256": "1d886dedb10ed805c9359d870f82bfc05986345a95cc2e4ac1e1d0e7bed701d3",
        "sha256_in_prefix": "1d886dedb10ed805c9359d870f82bfc05986345a95cc2e4ac1e1d0e7bed701d3",
        "size_in_bytes": 3282
      },
      {
        "_path": "site-packages/OpenSSL/crypto.py",
        "path_type": "hardlink",
        "sha256": "e9af9b9670999f94750f05e9acb1dcc181aa5278cc525b0cdb5310f96a4b6956",
        "sha256_in_prefix": "e9af9b9670999f94750f05e9acb1dcc181aa5278cc525b0cdb5310f96a4b6956",
        "size_in_bytes": 105009
      },
      {
        "_path": "site-packages/OpenSSL/debug.py",
        "path_type": "hardlink",
        "sha256": "fbc8ce37a8b1542eef99443186db516d395665335df900efe93f001573d6fb00",
        "sha256_in_prefix": "fbc8ce37a8b1542eef99443186db516d395665335df900efe93f001573d6fb00",
        "size_in_bytes": 1047
      },
      {
        "_path": "site-packages/OpenSSL/rand.py",
        "path_type": "hardlink",
        "sha256": "f421a8c744496ebadd1f52fb4a2b0441885c3a9d3282986e23cd353b36304a81",
        "sha256_in_prefix": "f421a8c744496ebadd1f52fb4a2b0441885c3a9d3282986e23cd353b36304a81",
        "size_in_bytes": 1042
      },
      {
        "_path": "site-packages/OpenSSL/version.py",
        "path_type": "hardlink",
        "sha256": "6cbb5508d7f1fff15bf745f0dea01108b807a411cd4d563be77c2bb77fe5734a",
        "sha256_in_prefix": "6cbb5508d7f1fff15bf745f0dea01108b807a411cd4d563be77c2bb77fe5734a",
        "size_in_bytes": 650
      },
      {
        "_path": "site-packages/pyOpenSSL-22.0.0.dist-info/INSTALLER",
        "path_type": "hardlink",
        "sha256": "d0edee15f91b406f3f99726e44eb990be6e34fd0345b52b910c568e0eef6a2a8",
        "sha256_in_prefix": "d0edee15f91b406f3f99726e44eb990be6e34fd0345b52b910c568e0eef6a2a8",
        "size_in_bytes": 5
      },
      {
        "_path": "site-packages/pyOpenSSL-22.0.0.dist-info/LICENSE",
        "path_type": "hardlink",
        "sha256": "cfc7749b96f63bd31c3c42b5c471bf756814053e847c10f3eb003417bc523d30",
        "sha256_in_prefix": "cfc7749b96f63bd31c3c42b5c471bf756814053e847c10f3eb003417bc523d30",
        "size_in_bytes": 11358
      },
      {
        "_path": "site-packages/pyOpenSSL-22.0.0.dist-info/METADATA",
        "path_type": "hardlink",
        "sha256": "953873e69a22be8b16ddc96e9f9f67acead11fef12e85b1c5f40ed4bffc9eb65",
        "sha256_in_prefix": "953873e69a22be8b16ddc96e9f9f67acead11fef12e85b1c5f40ed4bffc9eb65",
        "size_in_bytes": 7805
      },
      {
        "_path": "site-packages/pyOpenSSL-22.0.0.dist-info/RECORD",
        "path_type": "hardlink",
        "sha256": "7407f27d5b1c495be5a069250660d87e098233d7d2983a85261a076d70dfe20a",
        "sha256_in_prefix": "7407f27d5b1c495be5a069250660d87e098233d7d2983a85261a076d70dfe20a",
        "size_in_bytes": 1520
      },
      {
        "_path": "site-packages/pyOpenSSL-22.0.0.dist-info/REQUESTED",
        "path_type": "hardlink",
        "sha256": "e3b0c44298fc1c149afbf4c8996fb92427ae41e4649b934ca495991b7852b855",
        "sha256_in_prefix": "e3b0c44298fc1c149afbf4c8996fb92427ae41e4649b934ca495991b7852b855",
        "size_in_bytes": 0
      },
      {
        "_path": "site-packages/pyOpenSSL-22.0.0.dist-info/WHEEL",
        "path_type": "hardlink",
        "sha256": "cfd8f4c406bf26650a3299b3ef62b464600b48cfe7fb04159866e5797c765478",
        "sha256_in_prefix": "cfd8f4c406bf26650a3299b3ef62b464600b48cfe7fb04159866e5797c765478",
        "size_in_bytes": 110
      },
      {
        "_path": "site-packages/pyOpenSSL-22.0.0.dist-info/direct_url.json",
        "path_type": "hardlink",
        "sha256": "a63e2f0de2c12037a0aae9df30db123aa9c5d56b119f0f44a2a27816f5041823",
        "sha256_in_prefix": "a63e2f0de2c12037a0aae9df30db123aa9c5d56b119f0f44a2a27816f5041823",
        "size_in_bytes": 83
      },
      {
        "_path": "site-packages/pyOpenSSL-22.0.0.dist-info/top_level.txt",
        "path_type": "hardlink",
        "sha256": "34dc56a92f2128d261d9c5176b545938c5fad9525fc9df14468d53b189d1fcc5",
        "sha256_in_prefix": "34dc56a92f2128d261d9c5176b545938c5fad9525fc9df14468d53b189d1fcc5",
        "size_in_bytes": 8
      },
      {
        "_path": "Lib/site-packages/OpenSSL/__pycache__/SSL.cpython-37.pyc",
        "path_type": "pyc_file"
      },
      {
        "_path": "Lib/site-packages/OpenSSL/__pycache__/__init__.cpython-37.pyc",
        "path_type": "pyc_file"
      },
      {
        "_path": "Lib/site-packages/OpenSSL/__pycache__/_util.cpython-37.pyc",
        "path_type": "pyc_file"
      },
      {
        "_path": "Lib/site-packages/OpenSSL/__pycache__/crypto.cpython-37.pyc",
        "path_type": "pyc_file"
      },
      {
        "_path": "Lib/site-packages/OpenSSL/__pycache__/debug.cpython-37.pyc",
        "path_type": "pyc_file"
      },
      {
        "_path": "Lib/site-packages/OpenSSL/__pycache__/rand.cpython-37.pyc",
        "path_type": "pyc_file"
      },
      {
        "_path": "Lib/site-packages/OpenSSL/__pycache__/version.cpython-37.pyc",
        "path_type": "pyc_file"
      }
    ],
    "paths_version": 1
  },
  "requested_spec": "None",
  "sha256": "0a0629a3816bd639f1b1a94dd2fd521ad407e55bfd6532154dce22cddb875783",
  "size": 51144,
  "subdir": "noarch",
  "timestamp": 1643788591664,
  "track_features": "",
  "url": "https://repo.anaconda.com/pkgs/main/noarch/pyopenssl-22.0.0-pyhd3eb1b0_0.conda",
  "version": "22.0.0"
}