{
  "build": "py37_1",
  "build_number": 1,
  "channel": "https://repo.anaconda.com/pkgs/main/win-64",
  "constrains": [],
  "depends": [
    "python >=3.7,<3.8.0a0",
    "win_inet_pton"
  ],
  "extracted_package_dir": "D:\\Users\\Ravi\\miniconda3\\pkgs\\pysocks-1.7.1-py37_1",
  "features": "",
  "files": [
    "Lib/site-packages/PySocks-1.7.1.dist-info/INSTALLER",
    "Lib/site-packages/PySocks-1.7.1.dist-info/LICENSE",
    "Lib/site-packages/PySocks-1.7.1.dist-info/METADATA",
    "Lib/site-packages/PySocks-1.7.1.dist-info/RECORD",
    "Lib/site-packages/PySocks-1.7.1.dist-info/WHEEL",
    "Lib/site-packages/PySocks-1.7.1.dist-info/direct_url.json",
    "Lib/site-packages/PySocks-1.7.1.dist-info/top_level.txt",
    "Lib/site-packages/__pycache__/socks.cpython-37.pyc",
    "Lib/site-packages/__pycache__/sockshandler.cpython-37.pyc",
    "Lib/site-packages/socks.py",
    "Lib/site-packages/sockshandler.py",
    ".nonadmin"
  ],
  "fn": "pysocks-1.7.1-py37_1.conda",
  "legacy_bz2_md5": "833eab00bbf5d9695b541b1ea6df20d7",
  "license": "BSD 3-Clause",
  "license_family": "BSD",
  "link": {
    "source": "D:\\Users\\Ravi\\miniconda3\\pkgs\\pysocks-1.7.1-py37_1",
    "type": 1
  },
  "md5": "db3bc81cca4f15e8d8430aa281ae0b97",
  "name": "pysocks",
  "package_tarball_full_path": "D:\\Users\\Ravi\\miniconda3\\pkgs\\pysocks-1.7.1-py37_1.conda",
  "paths_data": {
    "paths": [
      {
        "_path": "Lib/site-packages/PySocks-1.7.1.dist-info/INSTALLER",
        "path_type": "hardlink",
        "sha256": "ceebae7b8927a3227e5303cf5e0f1f7b34bb542ad7250ac03fbcde36ec2f1508",
        "sha256_in_prefix": "ceebae7b8927a3227e5303cf5e0f1f7b34bb542ad7250ac03fbcde36ec2f1508",
        "size_in_bytes": 4
      },
      {
        "_path": "Lib/site-packages/PySocks-1.7.1.dist-info/LICENSE",
        "path_type": "hardlink",
        "sha256": "7027e214e014eb78b7adcc1ceda5aca713a79fc4f6a0c52c9da5b3e707e6ffe9",
        "sha256_in_prefix": "7027e214e014eb78b7adcc1ceda5aca713a79fc4f6a0c52c9da5b3e707e6ffe9",
        "size_in_bytes": 1401
      },
      {
        "_path": "Lib/site-packages/PySocks-1.7.1.dist-info/METADATA",
        "path_type": "hardlink",
        "sha256": "cdb40c8b38cf38e3f80e1122117db85d78cdad8b88c45f54194a4dd2e14307a6",
        "sha256_in_prefix": "cdb40c8b38cf38e3f80e1122117db85d78cdad8b88c45f54194a4dd2e14307a6",
        "size_in_bytes": 13235
      },
      {
        "_path": "Lib/site-packages/PySocks-1.7.1.dist-info/RECORD",
        "path_type": "hardlink",
        "sha256": "b952b368d14ddfde382adbe2a000c30d36847807412f5857a8d7c223e83126b0",
        "sha256_in_prefix": "b952b368d14ddfde382adbe2a000c30d36847807412f5857a8d7c223e83126b0",
        "size_in_bytes": 794
      },
      {
        "_path": "Lib/site-packages/PySocks-1.7.1.dist-info/WHEEL",
        "path_type": "hardlink",
        "sha256": "61463343a510768ab15e38a63a2b53ab29e5b410a4c18eaa9537d3876233a905",
        "sha256_in_prefix": "61463343a510768ab15e38a63a2b53ab29e5b410a4c18eaa9537d3876233a905",
        "size_in_bytes": 97
      },
      {
        "_path": "Lib/site-packages/PySocks-1.7.1.dist-info/direct_url.json",
        "path_type": "hardlink",
        "sha256": "c50ec502fd4dd155f289b82ea4bc65958c7792dd8b9735f46caa29252eb7f7df",
        "sha256_in_prefix": "c50ec502fd4dd155f289b82ea4bc65958c7792dd8b9735f46caa29252eb7f7df",
        "size_in_bytes": 67
      },
      {
        "_path": "Lib/site-packages/PySocks-1.7.1.dist-info/top_level.txt",
        "path_type": "hardlink",
        "sha256": "4ca48e21f0850682bd118f050586d8a82dcf59ddfef86d79a61f67f3e4073c39",
        "sha256_in_prefix": "4ca48e21f0850682bd118f050586d8a82dcf59ddfef86d79a61f67f3e4073c39",
        "size_in_bytes": 19
      },
      {
        "_path": "Lib/site-packages/__pycache__/socks.cpython-37.pyc",
        "path_type": "hardlink",
        "sha256": "19638d62ad1604978051066aec424815928d2b92285ca0a6a2614e111b447976",
        "sha256_in_prefix": "19638d62ad1604978051066aec424815928d2b92285ca0a6a2614e111b447976",
        "size_in_bytes": 21092
      },
      {
        "_path": "Lib/site-packages/__pycache__/sockshandler.cpython-37.pyc",
        "path_type": "hardlink",
        "sha256": "ec24451fb6a16f38b9f5d41c010b8ca4eb6975bb132ea934079e5baca2b11062",
        "sha256_in_prefix": "ec24451fb6a16f38b9f5d41c010b8ca4eb6975bb132ea934079e5baca2b11062",
        "size_in_bytes": 4254
      },
      {
        "_path": "Lib/site-packages/socks.py",
        "path_type": "hardlink",
        "sha256": "c4e627dbbb7d206adb4c1cd6b1452e3dad1806ea6582253293390e0795798856",
        "sha256_in_prefix": "c4e627dbbb7d206adb4c1cd6b1452e3dad1806ea6582253293390e0795798856",
        "size_in_bytes": 31086
      },
      {
        "_path": "Lib/site-packages/sockshandler.py",
        "path_type": "hardlink",
        "sha256": "d926068fea70b7592380ba19026c9e6845c27990d64667d54bf406ea412b1ad6",
        "sha256_in_prefix": "d926068fea70b7592380ba19026c9e6845c27990d64667d54bf406ea412b1ad6",
        "size_in_bytes": 3966
      }
    ],
    "paths_version": 1
  },
  "requested_spec": "None",
  "sha256": "586f831a7c8824bf7ab7e55d71e8820aea00bbc443083cec8f49a410c8420510",
  "size": 28929,
  "subdir": "win-64",
  "timestamp": 1594394769370,
  "track_features": "",
  "url": "https://repo.anaconda.com/pkgs/main/win-64/pysocks-1.7.1-py37_1.conda",
  "version": "1.7.1"
}