{
  "build": "pyhd3eb1b0_1",
  "build_number": 1,
  "channel": "https://repo.anaconda.com/pkgs/main/noarch",
  "constrains": [],
  "depends": [
    "libarchive",
    "python"
  ],
  "extracted_package_dir": "D:\\Users\\Ravi\\miniconda3\\pkgs\\python-libarchive-c-2.9-pyhd3eb1b0_1",
  "features": "",
  "files": [
    "Lib/site-packages/libarchive/__init__.py",
    "Lib/site-packages/libarchive/entry.py",
    "Lib/site-packages/libarchive/exception.py",
    "Lib/site-packages/libarchive/extract.py",
    "Lib/site-packages/libarchive/ffi.py",
    "Lib/site-packages/libarchive/flags.py",
    "Lib/site-packages/libarchive/read.py",
    "Lib/site-packages/libarchive/write.py",
    "Lib/site-packages/libarchive_c-2.9.dist-info/INSTALLER",
    "Lib/site-packages/libarchive_c-2.9.dist-info/LICENSE.md",
    "Lib/site-packages/libarchive_c-2.9.dist-info/METADATA",
    "Lib/site-packages/libarchive_c-2.9.dist-info/RECORD",
    "Lib/site-packages/libarchive_c-2.9.dist-info/REQUESTED",
    "Lib/site-packages/libarchive_c-2.9.dist-info/WHEEL",
    "Lib/site-packages/libarchive_c-2.9.dist-info/direct_url.json",
    "Lib/site-packages/libarchive_c-2.9.dist-info/top_level.txt",
    ".nonadmin",
    "Lib/site-packages/libarchive/__pycache__/__init__.cpython-37.pyc",
    "Lib/site-packages/libarchive/__pycache__/entry.cpython-37.pyc",
    "Lib/site-packages/libarchive/__pycache__/exception.cpython-37.pyc",
    "Lib/site-packages/libarchive/__pycache__/extract.cpython-37.pyc",
    "Lib/site-packages/libarchive/__pycache__/ffi.cpython-37.pyc",
    "Lib/site-packages/libarchive/__pycache__/flags.cpython-37.pyc",
    "Lib/site-packages/libarchive/__pycache__/read.cpython-37.pyc",
    "Lib/site-packages/libarchive/__pycache__/write.cpython-37.pyc"
  ],
  "fn": "python-libarchive-c-2.9-pyhd3eb1b0_1.conda",
  "legacy_bz2_md5": "3f9b7ac1d68c85cedb7bf032d8c493b0",
  "license": "CC0-1.0",
  "license_family": "CC",
  "link": {
    "source": "D:\\Users\\Ravi\\miniconda3\\pkgs\\python-libarchive-c-2.9-pyhd3eb1b0_1",
    "type": 1
  },
  "md5": "4b33c603892dbf54546afc1bc0122a56",
  "name": "python-libarchive-c",
  "noarch": "python",
  "package_tarball_full_path": "D:\\Users\\Ravi\\miniconda3\\pkgs\\python-libarchive-c-2.9-pyhd3eb1b0_1.conda",
  "package_type": "noarch_python",
  "paths_data": {
    "paths": [
      {
        "_path": "site-packages/libarchive/__init__.py",
        "path_type": "hardlink",
        "sha256": "d916c147a6ee3e2c99737a61c46dc20b84439c74a7527b30fb8589dd84b880d9",
        "sha256_in_prefix": "d916c147a6ee3e2c99737a61c46dc20b84439c74a7527b30fb8589dd84b880d9",
        "size_in_bytes": 545
      },
      {
        "_path": "site-packages/libarchive/entry.py",
        "path_type": "hardlink",
        "sha256": "2770b770d911d537154d6b729416771a7ad21464cf2178768acee2442dd5edb4",
        "sha256_in_prefix": "2770b770d911d537154d6b729416771a7ad21464cf2178768acee2442dd5edb4",
        "size_in_bytes": 5207
      },
      {
        "_path": "site-packages/libarchive/exception.py",
        "path_type": "hardlink",
        "sha256": "5162aedd613b4cf1a32bb21b42e05202888a2f43e42d86d0ca3e2a7f4f6c6855",
        "sha256_in_prefix": "5162aedd613b4cf1a32bb21b42e05202888a2f43e42d86d0ca3e2a7f4f6c6855",
        "size_in_bytes": 437
      },
      {
        "_path": "site-packages/libarchive/extract.py",
        "path_type": "hardlink",
        "sha256": "26849651ab8cf4f8274f8c3a47e733e178cef3dfc5dd35efbf44e9197715d465",
        "sha256_in_prefix": "26849651ab8cf4f8274f8c3a47e733e178cef3dfc5dd35efbf44e9197715d465",
        "size_in_bytes": 2375
      },
      {
        "_path": "site-packages/libarchive/ffi.py",
        "path_type": "hardlink",
        "sha256": "5d4aca9ae8cc91ab286f68c0ccd108ed551e0429b63b05db8d47c143feeed3b7",
        "sha256_in_prefix": "5d4aca9ae8cc91ab286f68c0ccd108ed551e0429b63b05db8d47c143feeed3b7",
        "size_in_bytes": 10265
      },
      {
        "_path": "site-packages/libarchive/flags.py",
        "path_type": "hardlink",
        "sha256": "57954fa9f5c86d87fd995337dd4ae25d3e01a03984ca8de810d3ce83843446b2",
        "sha256_in_prefix": "57954fa9f5c86d87fd995337dd4ae25d3e01a03984ca8de810d3ce83843446b2",
        "size_in_bytes": 211
      },
      {
        "_path": "site-packages/libarchive/read.py",
        "path_type": "hardlink",
        "sha256": "69569dabce56f8aa6c14c23023c0fd431be06a655bc45b8116d993cab6788a7e",
        "sha256_in_prefix": "69569dabce56f8aa6c14c23023c0fd431be06a655bc45b8116d993cab6788a7e",
        "size_in_bytes": 4094
      },
      {
        "_path": "site-packages/libarchive/write.py",
        "path_type": "hardlink",
        "sha256": "3fa95bde562cdf5e58fa862842cfa7bf7096496c5f3a1524883e3120d1e2243d",
        "sha256_in_prefix": "3fa95bde562cdf5e58fa862842cfa7bf7096496c5f3a1524883e3120d1e2243d",
        "size_in_bytes": 8218
      },
      {
        "_path": "site-packages/libarchive_c-2.9.dist-info/INSTALLER",
        "path_type": "hardlink",
        "sha256": "d0edee15f91b406f3f99726e44eb990be6e34fd0345b52b910c568e0eef6a2a8",
        "sha256_in_prefix": "d0edee15f91b406f3f99726e44eb990be6e34fd0345b52b910c568e0eef6a2a8",
        "size_in_bytes": 5
      },
      {
        "_path": "site-packages/libarchive_c-2.9.dist-info/LICENSE.md",
        "path_type": "hardlink",
        "sha256": "bd1a963f2c77481f0a658b5fa7fe77c2515e73be3972f1e991741b72f6fd7d31",
        "sha256_in_prefix": "bd1a963f2c77481f0a658b5fa7fe77c2515e73be3972f1e991741b72f6fd7d31",
        "size_in_bytes": 51
      },
      {
        "_path": "site-packages/libarchive_c-2.9.dist-info/METADATA",
        "path_type": "hardlink",
        "sha256": "54e76f75ab8358ab516e46e215f497116e7e24cd25cfec8ba456873301ea1fc3",
        "sha256_in_prefix": "54e76f75ab8358ab516e46e215f497116e7e24cd25cfec8ba456873301ea1fc3",
        "size_in_bytes": 2343
      },
      {
        "_path": "site-packages/libarchive_c-2.9.dist-info/RECORD",
        "path_type": "hardlink",
        "sha256": "df4465f90e46d41354d077fb481bb014cd7b88a139318ce4ffc8b188e54331b6",
        "sha256_in_prefix": "df4465f90e46d41354d077fb481bb014cd7b88a139318ce4ffc8b188e54331b6",
        "size_in_bytes": 1690
      },
      {
        "_path": "site-packages/libarchive_c-2.9.dist-info/REQUESTED",
        "path_type": "hardlink",
        "sha256": "e3b0c44298fc1c149afbf4c8996fb92427ae41e4649b934ca495991b7852b855",
        "sha256_in_prefix": "e3b0c44298fc1c149afbf4c8996fb92427ae41e4649b934ca495991b7852b855",
        "size_in_bytes": 0
      },
      {
        "_path": "site-packages/libarchive_c-2.9.dist-info/WHEEL",
        "path_type": "hardlink",
        "sha256": "67e9f2629c2b712ab17ddbb1e4c6e7fc3439db988fec9d831b72601af398c934",
        "sha256_in_prefix": "67e9f2629c2b712ab17ddbb1e4c6e7fc3439db988fec9d831b72601af398c934",
        "size_in_bytes": 110
      },
      {
        "_path": "site-packages/libarchive_c-2.9.dist-info/direct_url.json",
        "path_type": "hardlink",
        "sha256": "b6a9d5f4576cc4a905e76f41210c17f05e007e113fcd5bcdf00fe921438156dc",
        "sha256_in_prefix": "b6a9d5f4576cc4a905e76f41210c17f05e007e113fcd5bcdf00fe921438156dc",
        "size_in_bytes": 92
      },
      {
        "_path": "site-packages/libarchive_c-2.9.dist-info/top_level.txt",
        "path_type": "hardlink",
        "sha256": "e932b801d70f378801d141e8eba1fb70618948539a1cea38c7463fe074a404fa",
        "sha256_in_prefix": "e932b801d70f378801d141e8eba1fb70618948539a1cea38c7463fe074a404fa",
        "size_in_bytes": 11
      },
      {
        "_path": "Lib/site-packages/libarchive/__pycache__/__init__.cpython-37.pyc",
        "path_type": "pyc_file"
      },
      {
        "_path": "Lib/site-packages/libarchive/__pycache__/entry.cpython-37.pyc",
        "path_type": "pyc_file"
      },
      {
        "_path": "Lib/site-packages/libarchive/__pycache__/exception.cpython-37.pyc",
        "path_type": "pyc_file"
      },
      {
        "_path": "Lib/site-packages/libarchive/__pycache__/extract.cpython-37.pyc",
        "path_type": "pyc_file"
      },
      {
        "_path": "Lib/site-packages/libarchive/__pycache__/ffi.cpython-37.pyc",
        "path_type": "pyc_file"
      },
      {
        "_path": "Lib/site-packages/libarchive/__pycache__/flags.cpython-37.pyc",
        "path_type": "pyc_file"
      },
      {
        "_path": "Lib/site-packages/libarchive/__pycache__/read.cpython-37.pyc",
        "path_type": "pyc_file"
      },
      {
        "_path": "Lib/site-packages/libarchive/__pycache__/write.cpython-37.pyc",
        "path_type": "pyc_file"
      }
    ],
    "paths_version": 1
  },
  "requested_spec": "None",
  "sha256": "2d613babca6e61265a16f183fec6fa97bb7e5be23139077c7efe2c730bf7bcb3",
  "size": 47905,
  "subdir": "noarch",
  "timestamp": 1617780535402,
  "track_features": "",
  "url": "https://repo.anaconda.com/pkgs/main/noarch/python-libarchive-c-2.9-pyhd3eb1b0_1.conda",
  "version": "2.9"
}