{
  "build": "py37haa95532_0",
  "build_number": 0,
  "channel": "https://repo.anaconda.com/pkgs/main/win-64",
  "constrains": [],
  "depends": [
    "certifi >=2017.4.17",
    "charset-normalizer >=2.0.0,<3",
    "idna >=2.5,<4",
    "python >=3.7,<3.8.0a0",
    "urllib3 >=1.21.1,<1.27"
  ],
  "extracted_package_dir": "D:\\Users\\Ravi\\miniconda3\\pkgs\\requests-2.28.1-py37haa95532_0",
  "features": "",
  "files": [
    "Lib/site-packages/requests-2.28.1.dist-info/INSTALLER",
    "Lib/site-packages/requests-2.28.1.dist-info/LICENSE",
    "Lib/site-packages/requests-2.28.1.dist-info/METADATA",
    "Lib/site-packages/requests-2.28.1.dist-info/RECORD",
    "Lib/site-packages/requests-2.28.1.dist-info/REQUESTED",
    "Lib/site-packages/requests-2.28.1.dist-info/WHEEL",
    "Lib/site-packages/requests-2.28.1.dist-info/direct_url.json",
    "Lib/site-packages/requests-2.28.1.dist-info/top_level.txt",
    "Lib/site-packages/requests/__init__.py",
    "Lib/site-packages/requests/__pycache__/__init__.cpython-37.pyc",
    "Lib/site-packages/requests/__pycache__/__version__.cpython-37.pyc",
    "Lib/site-packages/requests/__pycache__/_internal_utils.cpython-37.pyc",
    "Lib/site-packages/requests/__pycache__/adapters.cpython-37.pyc",
    "Lib/site-packages/requests/__pycache__/api.cpython-37.pyc",
    "Lib/site-packages/requests/__pycache__/auth.cpython-37.pyc",
    "Lib/site-packages/requests/__pycache__/certs.cpython-37.pyc",
    "Lib/site-packages/requests/__pycache__/compat.cpython-37.pyc",
    "Lib/site-packages/requests/__pycache__/cookies.cpython-37.pyc",
    "Lib/site-packages/requests/__pycache__/exceptions.cpython-37.pyc",
    "Lib/site-packages/requests/__pycache__/help.cpython-37.pyc",
    "Lib/site-packages/requests/__pycache__/hooks.cpython-37.pyc",
    "Lib/site-packages/requests/__pycache__/models.cpython-37.pyc",
    "Lib/site-packages/requests/__pycache__/packages.cpython-37.pyc",
    "Lib/site-packages/requests/__pycache__/sessions.cpython-37.pyc",
    "Lib/site-packages/requests/__pycache__/status_codes.cpython-37.pyc",
    "Lib/site-packages/requests/__pycache__/structures.cpython-37.pyc",
    "Lib/site-packages/requests/__pycache__/utils.cpython-37.pyc",
    "Lib/site-packages/requests/__version__.py",
    "Lib/site-packages/requests/_internal_utils.py",
    "Lib/site-packages/requests/adapters.py",
    "Lib/site-packages/requests/api.py",
    "Lib/site-packages/requests/auth.py",
    "Lib/site-packages/requests/certs.py",
    "Lib/site-packages/requests/compat.py",
    "Lib/site-packages/requests/cookies.py",
    "Lib/site-packages/requests/exceptions.py",
    "Lib/site-packages/requests/help.py",
    "Lib/site-packages/requests/hooks.py",
    "Lib/site-packages/requests/models.py",
    "Lib/site-packages/requests/packages.py",
    "Lib/site-packages/requests/sessions.py",
    "Lib/site-packages/requests/status_codes.py",
    "Lib/site-packages/requests/structures.py",
    "Lib/site-packages/requests/utils.py",
    ".nonadmin"
  ],
  "fn": "requests-2.28.1-py37haa95532_0.conda",
  "legacy_bz2_md5": "39ccadfe2a693df9430630642bd6f84c",
  "license": "Apache-2.0",
  "license_family": "Apache",
  "link": {
    "source": "D:\\Users\\Ravi\\miniconda3\\pkgs\\requests-2.28.1-py37haa95532_0",
    "type": 1
  },
  "md5": "520f2f57795b92d756f0a93d798ae578",
  "name": "requests",
  "package_tarball_full_path": "D:\\Users\\Ravi\\miniconda3\\pkgs\\requests-2.28.1-py37haa95532_0.conda",
  "paths_data": {
    "paths": [
      {
        "_path": "Lib/site-packages/requests-2.28.1.dist-info/INSTALLER",
        "path_type": "hardlink",
        "sha256": "d0edee15f91b406f3f99726e44eb990be6e34fd0345b52b910c568e0eef6a2a8",
        "sha256_in_prefix": "d0edee15f91b406f3f99726e44eb990be6e34fd0345b52b910c568e0eef6a2a8",
        "size_in_bytes": 5
      },
      {
        "_path": "Lib/site-packages/requests-2.28.1.dist-info/LICENSE",
        "path_type": "hardlink",
        "sha256": "09e8a9bcec8067104652c168685ab0931e7868f9c8284b66f5ae6edae5f1130b",
        "sha256_in_prefix": "09e8a9bcec8067104652c168685ab0931e7868f9c8284b66f5ae6edae5f1130b",
        "size_in_bytes": 10142
      },
      {
        "_path": "Lib/site-packages/requests-2.28.1.dist-info/METADATA",
        "path_type": "hardlink",
        "sha256": "7a8358489b8f59baa5ed38a5f5d28f6fef8a454da8b8647883b531b591681cd5",
        "sha256_in_prefix": "7a8358489b8f59baa5ed38a5f5d28f6fef8a454da8b8647883b531b591681cd5",
        "size_in_bytes": 4641
      },
      {
        "_path": "Lib/site-packages/requests-2.28.1.dist-info/RECORD",
        "path_type": "hardlink",
        "sha256": "60486a6455ab84abb4d75f115627ed263c9bed5c36c4ef7b848ad5fba474c1b3",
        "sha256_in_prefix": "60486a6455ab84abb4d75f115627ed263c9bed5c36c4ef7b848ad5fba474c1b3",
        "size_in_bytes": 2930
      },
      {
        "_path": "Lib/site-packages/requests-2.28.1.dist-info/REQUESTED",
        "path_type": "hardlink",
        "sha256": "e3b0c44298fc1c149afbf4c8996fb92427ae41e4649b934ca495991b7852b855",
        "sha256_in_prefix": "e3b0c44298fc1c149afbf4c8996fb92427ae41e4649b934ca495991b7852b855",
        "size_in_bytes": 0
      },
      {
        "_path": "Lib/site-packages/requests-2.28.1.dist-info/WHEEL",
        "path_type": "hardlink",
        "sha256": "1b5e87e00dc87a84269cead8578b9e6462928e18a95f1f3373c9eef451a5bcc0",
        "sha256_in_prefix": "1b5e87e00dc87a84269cead8578b9e6462928e18a95f1f3373c9eef451a5bcc0",
        "size_in_bytes": 92
      },
      {
        "_path": "Lib/site-packages/requests-2.28.1.dist-info/direct_url.json",
        "path_type": "hardlink",
        "sha256": "5548d8c588bd5c8588462629803a53b4c2a7ef55c53b00cd1720797247e5cc10",
        "sha256_in_prefix": "5548d8c588bd5c8588462629803a53b4c2a7ef55c53b00cd1720797247e5cc10",
        "size_in_bytes": 68
      },
      {
        "_path": "Lib/site-packages/requests-2.28.1.dist-info/top_level.txt",
        "path_type": "hardlink",
        "sha256": "7cc4959877dbe6b6c63a8eb1bfe3bfb545fa8fe5b28b1b2c13e4a7c1c0d1c4d4",
        "sha256_in_prefix": "7cc4959877dbe6b6c63a8eb1bfe3bfb545fa8fe5b28b1b2c13e4a7c1c0d1c4d4",
        "size_in_bytes": 9
      },
      {
        "_path": "Lib/site-packages/requests/__init__.py",
        "path_type": "hardlink",
        "sha256": "4b62b48e754fe824ab4f9d5272d172881d177c8f07f4db7b12acc44400f8e208",
        "sha256_in_prefix": "4b62b48e754fe824ab4f9d5272d172881d177c8f07f4db7b12acc44400f8e208",
        "size_in_bytes": 4972
      },
      {
        "_path": "Lib/site-packages/requests/__pycache__/__init__.cpython-37.pyc",
        "path_type": "hardlink",
        "sha256": "bc1460542dd6bed7e6909aaa8a266f503a7ed536764a525a720791b1f3520f1f",
        "sha256_in_prefix": "bc1460542dd6bed7e6909aaa8a266f503a7ed536764a525a720791b1f3520f1f",
        "size_in_bytes": 3809
      },
      {
        "_path": "Lib/site-packages/requests/__pycache__/__version__.cpython-37.pyc",
        "path_type": "hardlink",
        "sha256": "d2d6dbabba48eb79a83268313b25b0fb846a649f4288554dd2e6808d62efa485",
        "sha256_in_prefix": "d2d6dbabba48eb79a83268313b25b0fb846a649f4288554dd2e6808d62efa485",
        "size_in_bytes": 488
      },
      {
        "_path": "Lib/site-packages/requests/__pycache__/_internal_utils.cpython-37.pyc",
        "path_type": "hardlink",
        "sha256": "c985f8085f4b255bc4f12b2ed3bafcfb4c6be34bc91dae7e4e1fa11eb79a907c",
        "sha256_in_prefix": "c985f8085f4b255bc4f12b2ed3bafcfb4c6be34bc91dae7e4e1fa11eb79a907c",
        "size_in_bytes": 1501
      },
      {
        "_path": "Lib/site-packages/requests/__pycache__/adapters.cpython-37.pyc",
        "path_type": "hardlink",
        "sha256": "ee0ff4786e660d0f19a63008332a62ede8af32a92e180c261a49d3c49e9bef4b",
        "sha256_in_prefix": "ee0ff4786e660d0f19a63008332a62ede8af32a92e180c261a49d3c49e9bef4b",
        "size_in_bytes": 16731
      },
      {
        "_path": "Lib/site-packages/requests/__pycache__/api.cpython-37.pyc",
        "path_type": "hardlink",
        "sha256": "dddd128859e68de7f27f63c7fcbe76f33254fbf46e8300479fb35783eac9a4ec",
        "sha256_in_prefix": "dddd128859e68de7f27f63c7fcbe76f33254fbf46e8300479fb35783eac9a4ec",
        "size_in_bytes": 6620
      },
      {
        "_path": "Lib/site-packages/requests/__pycache__/auth.cpython-37.pyc",
        "path_type": "hardlink",
        "sha256": "b597bc2d98f4f3d832f9066b0da8f8f542cda1cb92aa7865f7a3b6446705c62d",
        "sha256_in_prefix": "b597bc2d98f4f3d832f9066b0da8f8f542cda1cb92aa7865f7a3b6446705c62d",
        "size_in_bytes": 8298
      },
      {
        "_path": "Lib/site-packages/requests/__pycache__/certs.cpython-37.pyc",
        "path_type": "hardlink",
        "sha256": "a007752617e833df10728f3391fc82de4cc3c8a97bef7bbc27ff555db81555fd",
        "sha256_in_prefix": "a007752617e833df10728f3391fc82de4cc3c8a97bef7bbc27ff555db81555fd",
        "size_in_bytes": 554
      },
      {
        "_path": "Lib/site-packages/requests/__pycache__/compat.cpython-37.pyc",
        "path_type": "hardlink",
        "sha256": "3aad28857475444bf81d74003148e60d339d61ee58ac00c2a80892920952df70",
        "sha256_in_prefix": "3aad28857475444bf81d74003148e60d339d61ee58ac00c2a80892920952df70",
        "size_in_bytes": 1457
      },
      {
        "_path": "Lib/site-packages/requests/__pycache__/cookies.cpython-37.pyc",
        "path_type": "hardlink",
        "sha256": "7c2f84537a22b015a41d4f34ef36deecc3eb7d3d98f790170a0cf4a46af92b5a",
        "sha256_in_prefix": "7c2f84537a22b015a41d4f34ef36deecc3eb7d3d98f790170a0cf4a46af92b5a",
        "size_in_bytes": 18700
      },
      {
        "_path": "Lib/site-packages/requests/__pycache__/exceptions.cpython-37.pyc",
        "path_type": "hardlink",
        "sha256": "6edfe0bff03e4bf085133d5b8203c4c49379c2ddc61449cfe5bad02f34c81036",
        "sha256_in_prefix": "6edfe0bff03e4bf085133d5b8203c4c49379c2ddc61449cfe5bad02f34c81036",
        "size_in_bytes": 6308
      },
      {
        "_path": "Lib/site-packages/requests/__pycache__/help.cpython-37.pyc",
        "path_type": "hardlink",
        "sha256": "8b47d28dae6b43ae8ad84e6a56584f185d72adce82dfe192b47a6fae2b474820",
        "sha256_in_prefix": "8b47d28dae6b43ae8ad84e6a56584f185d72adce82dfe192b47a6fae2b474820",
        "size_in_bytes": 2742
      },
      {
        "_path": "Lib/site-packages/requests/__pycache__/hooks.cpython-37.pyc",
        "path_type": "hardlink",
        "sha256": "2388bd871577af1ecff1794ce33b4d6570ac4ca2050f370ecb5cb3c0fbb4cb6e",
        "sha256_in_prefix": "2388bd871577af1ecff1794ce33b4d6570ac4ca2050f370ecb5cb3c0fbb4cb6e",
        "size_in_bytes": 913
      },
      {
        "_path": "Lib/site-packages/requests/__pycache__/models.cpython-37.pyc",
        "path_type": "hardlink",
        "sha256": "763b0807bc38b0c15bad904306700969f593854b791755fcc947e1dbc7f7fc9b",
        "sha256_in_prefix": "763b0807bc38b0c15bad904306700969f593854b791755fcc947e1dbc7f7fc9b",
        "size_in_bytes": 24404
      },
      {
        "_path": "Lib/site-packages/requests/__pycache__/packages.cpython-37.pyc",
        "path_type": "hardlink",
        "sha256": "6c622e45064de31ab886e431e4801e85f119b260b254618c0bcd8b478d831a7a",
        "sha256_in_prefix": "6c622e45064de31ab886e431e4801e85f119b260b254618c0bcd8b478d831a7a",
        "size_in_bytes": 658
      },
      {
        "_path": "Lib/site-packages/requests/__pycache__/sessions.cpython-37.pyc",
        "path_type": "hardlink",
        "sha256": "de5102bd65339d740034fb0fb12410faf493f931ea58305353222cd839530e4f",
        "sha256_in_prefix": "de5102bd65339d740034fb0fb12410faf493f931ea58305353222cd839530e4f",
        "size_in_bytes": 19526
      },
      {
        "_path": "Lib/site-packages/requests/__pycache__/status_codes.cpython-37.pyc",
        "path_type": "hardlink",
        "sha256": "c1ba659e3fa9c8b6e95136b20e88d2ec2dde39db53453323f0defd328f5795bb",
        "sha256_in_prefix": "c1ba659e3fa9c8b6e95136b20e88d2ec2dde39db53453323f0defd328f5795bb",
        "size_in_bytes": 4160
      },
      {
        "_path": "Lib/site-packages/requests/__pycache__/structures.cpython-37.pyc",
        "path_type": "hardlink",
        "sha256": "615686ae3e24cf1d5cbebc5ae448d85fbaa147c605a9cda152de83ad60400bac",
        "sha256_in_prefix": "615686ae3e24cf1d5cbebc5ae448d85fbaa147c605a9cda152de83ad60400bac",
        "size_in_bytes": 4335
      },
      {
        "_path": "Lib/site-packages/requests/__pycache__/utils.cpython-37.pyc",
        "path_type": "hardlink",
        "sha256": "396da1591f2bd2be1e21718173c41dbc48ced2f78fbdb1e231c1d457755deb36",
        "sha256_in_prefix": "396da1591f2bd2be1e21718173c41dbc48ced2f78fbdb1e231c1d457755deb36",
        "size_in_bytes": 23919
      },
      {
        "_path": "Lib/site-packages/requests/__version__.py",
        "path_type": "hardlink",
        "sha256": "9c955adde7f6c91c9e60c872ef21e74728e3a673530f2919b04e12a7d8ab042e",
        "sha256_in_prefix": "9c955adde7f6c91c9e60c872ef21e74728e3a673530f2919b04e12a7d8ab042e",
        "size_in_bytes": 440
      },
      {
        "_path": "Lib/site-packages/requests/_internal_utils.py",
        "path_type": "hardlink",
        "sha256": "6923e5178b8386d7cac446b264927b2a4031b68ae67937e9c0a4814b0b66014c",
        "sha256_in_prefix": "6923e5178b8386d7cac446b264927b2a4031b68ae67937e9c0a4814b0b66014c",
        "size_in_bytes": 1397
      },
      {
        "_path": "Lib/site-packages/requests/adapters.py",
        "path_type": "hardlink",
        "sha256": "b049c71a5e26273e101c14fc8c6e9b53968f8a752d7681f7048b802334fe5fbe",
        "sha256_in_prefix": "b049c71a5e26273e101c14fc8c6e9b53968f8a752d7681f7048b802334fe5fbe",
        "size_in_bytes": 21287
      },
      {
        "_path": "Lib/site-packages/requests/api.py",
        "path_type": "hardlink",
        "sha256": "772be40dde62b42f73da0d301e5fd87c3d727fa630a4658b3bbffff1edb59e4b",
        "sha256_in_prefix": "772be40dde62b42f73da0d301e5fd87c3d727fa630a4658b3bbffff1edb59e4b",
        "size_in_bytes": 6377
      },
      {
        "_path": "Lib/site-packages/requests/auth.py",
        "path_type": "hardlink",
        "sha256": "87e1cb955c7d8fcaca57985f480c9c3f60293928254f3efb474b73eea09b6c41",
        "sha256_in_prefix": "87e1cb955c7d8fcaca57985f480c9c3f60293928254f3efb474b73eea09b6c41",
        "size_in_bytes": 10187
      },
      {
        "_path": "Lib/site-packages/requests/certs.py",
        "path_type": "hardlink",
        "sha256": "67d49be35d009efea35054f2b2cd23145854eb1b2df1cb442ea7f2f04bf6de0c",
        "sha256_in_prefix": "67d49be35d009efea35054f2b2cd23145854eb1b2df1cb442ea7f2f04bf6de0c",
        "size_in_bytes": 429
      },
      {
        "_path": "Lib/site-packages/requests/compat.py",
        "path_type": "hardlink",
        "sha256": "cb19ed54e4841c632b9fb14daffdf61046a6d5934074f45d484d77ff2687cd39",
        "sha256_in_prefix": "cb19ed54e4841c632b9fb14daffdf61046a6d5934074f45d484d77ff2687cd39",
        "size_in_bytes": 1451
      },
      {
        "_path": "Lib/site-packages/requests/cookies.py",
        "path_type": "hardlink",
        "sha256": "903de43447028fe9b16ed7f97c9b12693f3a786a046290f75f4092829ce5ec13",
        "sha256_in_prefix": "903de43447028fe9b16ed7f97c9b12693f3a786a046290f75f4092829ce5ec13",
        "size_in_bytes": 18560
      },
      {
        "_path": "Lib/site-packages/requests/exceptions.py",
        "path_type": "hardlink",
        "sha256": "0e1bde1417255634d1c6145db95a4ef866cc60c203da09a374b7cd12a36923f5",
        "sha256_in_prefix": "0e1bde1417255634d1c6145db95a4ef866cc60c203da09a374b7cd12a36923f5",
        "size_in_bytes": 3811
      },
      {
        "_path": "Lib/site-packages/requests/help.py",
        "path_type": "hardlink",
        "sha256": "80f5f977f1fb5ddf3c6830017a386a1a097d075545453b79066898bcbdcfcc84",
        "sha256_in_prefix": "80f5f977f1fb5ddf3c6830017a386a1a097d075545453b79066898bcbdcfcc84",
        "size_in_bytes": 3875
      },
      {
        "_path": "Lib/site-packages/requests/hooks.py",
        "path_type": "hardlink",
        "sha256": "0a2bb2b221c0dfd57951f702057148c7cdc8ac3a6ec1f37d45c4d482fdbc7ed4",
        "sha256_in_prefix": "0a2bb2b221c0dfd57951f702057148c7cdc8ac3a6ec1f37d45c4d482fdbc7ed4",
        "size_in_bytes": 733
      },
      {
        "_path": "Lib/site-packages/requests/models.py",
        "path_type": "hardlink",
        "sha256": "3a257188e765873a5b668c6eb763a12ada58941ed65b888741c7ea495993e07e",
        "sha256_in_prefix": "3a257188e765873a5b668c6eb763a12ada58941ed65b888741c7ea495993e07e",
        "size_in_bytes": 35222
      },
      {
        "_path": "Lib/site-packages/requests/packages.py",
        "path_type": "hardlink",
        "sha256": "0d782ff852487336484e6bf4bc40408568f85bee4218220dfe4b2f811d7b0efb",
        "sha256_in_prefix": "0d782ff852487336484e6bf4bc40408568f85bee4218220dfe4b2f811d7b0efb",
        "size_in_bytes": 957
      },
      {
        "_path": "Lib/site-packages/requests/sessions.py",
        "path_type": "hardlink",
        "sha256": "294a8971144ba2f35e7d4b3b49c39749454271f49ac93156b5b889ee03929532",
        "sha256_in_prefix": "294a8971144ba2f35e7d4b3b49c39749454271f49ac93156b5b889ee03929532",
        "size_in_bytes": 30180
      },
      {
        "_path": "Lib/site-packages/requests/status_codes.py",
        "path_type": "hardlink",
        "sha256": "16f1e64f9b87fbfba29ad473e611fd5426eded557e35e8b627dba96de8fa8fc8",
        "sha256_in_prefix": "16f1e64f9b87fbfba29ad473e611fd5426eded557e35e8b627dba96de8fa8fc8",
        "size_in_bytes": 4235
      },
      {
        "_path": "Lib/site-packages/requests/structures.py",
        "path_type": "hardlink",
        "sha256": "f886e6855cf4e92fb968f499b94b6167afba0fd5ce8d1b935c739a6d8d38d573",
        "sha256_in_prefix": "f886e6855cf4e92fb968f499b94b6167afba0fd5ce8d1b935c739a6d8d38d573",
        "size_in_bytes": 2912
      },
      {
        "_path": "Lib/site-packages/requests/utils.py",
        "path_type": "hardlink",
        "sha256": "e7fc2cf9bb0a23d10797b8f6ef28bee871733c12ae96d3e077b1df3eb513a162",
        "sha256_in_prefix": "e7fc2cf9bb0a23d10797b8f6ef28bee871733c12ae96d3e077b1df3eb513a162",
        "size_in_bytes": 33228
      }
    ],
    "paths_version": 1
  },
  "requested_spec": "None",
  "sha256": "169487feb0bca339d30b61ec9e193d08873858c4d741a81221e4c947365b57b6",
  "size": 100942,
  "subdir": "win-64",
  "timestamp": 1657735353397,
  "track_features": "",
  "url": "https://repo.anaconda.com/pkgs/main/win-64/requests-2.28.1-py37haa95532_0.conda",
  "version": "2.28.1"
}