{
  "build": "py37h2bbff1b_1",
  "build_number": 1,
  "channel": "https://repo.anaconda.com/pkgs/main/win-64",
  "constrains": [],
  "depends": [
    "python >=3.7,<3.8.0a0",
    "vc >=14.1,<15.0a0",
    "vs2015_runtime >=14.16.27012,<15.0a0"
  ],
  "extracted_package_dir": "D:\\Users\\Ravi\\miniconda3\\pkgs\\ruamel.yaml.clib-0.2.6-py37h2bbff1b_1",
  "features": "",
  "files": [
    "Lib/site-packages/_ruamel_yaml.cp37-win_amd64.pyd",
    "Lib/site-packages/ruamel.yaml.clib-0.2.6.dist-info/INSTALLER",
    "Lib/site-packages/ruamel.yaml.clib-0.2.6.dist-info/LICENSE",
    "Lib/site-packages/ruamel.yaml.clib-0.2.6.dist-info/METADATA",
    "Lib/site-packages/ruamel.yaml.clib-0.2.6.dist-info/RECORD",
    "Lib/site-packages/ruamel.yaml.clib-0.2.6.dist-info/REQUESTED",
    "Lib/site-packages/ruamel.yaml.clib-0.2.6.dist-info/WHEEL",
    "Lib/site-packages/ruamel.yaml.clib-0.2.6.dist-info/direct_url.json",
    "Lib/site-packages/ruamel.yaml.clib-0.2.6.dist-info/namespace_packages.txt",
    "Lib/site-packages/ruamel.yaml.clib-0.2.6.dist-info/top_level.txt",
    ".nonadmin"
  ],
  "fn": "ruamel.yaml.clib-0.2.6-py37h2bbff1b_1.conda",
  "legacy_bz2_md5": "e4109c1a9a322a711585d31630c36e29",
  "license": "MIT",
  "license_family": "MIT",
  "link": {
    "source": "D:\\Users\\Ravi\\miniconda3\\pkgs\\ruamel.yaml.clib-0.2.6-py37h2bbff1b_1",
    "type": 1
  },
  "md5": "cc47a9cd4fd58fdf1a4a9da21be84daa",
  "name": "ruamel.yaml.clib",
  "package_tarball_full_path": "D:\\Users\\Ravi\\miniconda3\\pkgs\\ruamel.yaml.clib-0.2.6-py37h2bbff1b_1.conda",
  "paths_data": {
    "paths": [
      {
        "_path": "Lib/site-packages/_ruamel_yaml.cp37-win_amd64.pyd",
        "path_type": "hardlink",
        "sha256": "492dbada4ea239edbd15e62d78d97a935e0d7764b34c0c176467bebde70b1cca",
        "sha256_in_prefix": "492dbada4ea239edbd15e62d78d97a935e0d7764b34c0c176467bebde70b1cca",
        "size_in_bytes": 252416
      },
      {
        "_path": "Lib/site-packages/ruamel.yaml.clib-0.2.6.dist-info/INSTALLER",
        "path_type": "hardlink",
        "sha256": "d0edee15f91b406f3f99726e44eb990be6e34fd0345b52b910c568e0eef6a2a8",
        "sha256_in_prefix": "d0edee15f91b406f3f99726e44eb990be6e34fd0345b52b910c568e0eef6a2a8",
        "size_in_bytes": 5
      },
      {
        "_path": "Lib/site-packages/ruamel.yaml.clib-0.2.6.dist-info/LICENSE",
        "path_type": "hardlink",
        "sha256": "16174d2cf8c2ee4b900bf8573106bc61c1ce0092da4fa781cc0ee81047a46539",
        "sha256_in_prefix": "16174d2cf8c2ee4b900bf8573106bc61c1ce0092da4fa781cc0ee81047a46539",
        "size_in_bytes": 1121
      },
      {
        "_path": "Lib/site-packages/ruamel.yaml.clib-0.2.6.dist-info/METADATA",
        "path_type": "hardlink",
        "sha256": "66c18293ff516a03befe1b334e5643e10c453aef189ba8e884db805fbe0378ac",
        "sha256_in_prefix": "66c18293ff516a03befe1b334e5643e10c453aef189ba8e884db805fbe0378ac",
        "size_in_bytes": 2076
      },
      {
        "_path": "Lib/site-packages/ruamel.yaml.clib-0.2.6.dist-info/RECORD",
        "path_type": "hardlink",
        "sha256": "a6b75152cbfd0eaadbc3e5fd705e278f1d75fa54097dea0cff6520e572959451",
        "sha256_in_prefix": "a6b75152cbfd0eaadbc3e5fd705e278f1d75fa54097dea0cff6520e572959451",
        "size_in_bytes": 937
      },
      {
        "_path": "Lib/site-packages/ruamel.yaml.clib-0.2.6.dist-info/REQUESTED",
        "path_type": "hardlink",
        "sha256": "e3b0c44298fc1c149afbf4c8996fb92427ae41e4649b934ca495991b7852b855",
        "sha256_in_prefix": "e3b0c44298fc1c149afbf4c8996fb92427ae41e4649b934ca495991b7852b855",
        "size_in_bytes": 0
      },
      {
        "_path": "Lib/site-packages/ruamel.yaml.clib-0.2.6.dist-info/WHEEL",
        "path_type": "hardlink",
        "sha256": "f85a83263a381eb92b21a4e1bed01879fd9e1009f5fd0bd57b99c83429d411b4",
        "sha256_in_prefix": "f85a83263a381eb92b21a4e1bed01879fd9e1009f5fd0bd57b99c83429d411b4",
        "size_in_bytes": 101
      },
      {
        "_path": "Lib/site-packages/ruamel.yaml.clib-0.2.6.dist-info/direct_url.json",
        "path_type": "hardlink",
        "sha256": "23146e35439a7ef7f73799c3e4bb4aea79b1f9b9a243caeb0833c55ed629943b",
        "sha256_in_prefix": "23146e35439a7ef7f73799c3e4bb4aea79b1f9b9a243caeb0833c55ed629943b",
        "size_in_bytes": 96
      },
      {
        "_path": "Lib/site-packages/ruamel.yaml.clib-0.2.6.dist-info/namespace_packages.txt",
        "path_type": "hardlink",
        "sha256": "b8ccc27461cd768c3bfe29cec7aad96b11ba378e5c5561c4ad4d218e2b6f7a1b",
        "sha256_in_prefix": "b8ccc27461cd768c3bfe29cec7aad96b11ba378e5c5561c4ad4d218e2b6f7a1b",
        "size_in_bytes": 19
      },
      {
        "_path": "Lib/site-packages/ruamel.yaml.clib-0.2.6.dist-info/top_level.txt",
        "path_type": "hardlink",
        "sha256": "d6c25b6b7206776b1a6f7bbfea45b234f4bcc86fc01ed3f425d99a0e80785c1d",
        "sha256_in_prefix": "d6c25b6b7206776b1a6f7bbfea45b234f4bcc86fc01ed3f425d99a0e80785c1d",
        "size_in_bytes": 20
      }
    ],
    "paths_version": 1
  },
  "requested_spec": "None",
  "sha256": "5a4c9b94a6e44cdbb4425e7c1e172734a5088057937bcb3d125f8d236db7b0ec",
  "size": 101035,
  "subdir": "win-64",
  "timestamp": 1666303256647,
  "track_features": "",
  "url": "https://repo.anaconda.com/pkgs/main/win-64/ruamel.yaml.clib-0.2.6-py37h2bbff1b_1.conda",
  "version": "0.2.6"
}