{
  "build": "py37h2bbff1b_0",
  "build_number": 0,
  "channel": "https://repo.anaconda.com/pkgs/main/win-64",
  "constrains": [],
  "depends": [
    "python >=3.7,<3.8.0a0",
    "ruamel.yaml.clib >=0.2.6",
    "vc >=14.1,<15.0a0",
    "vs2015_runtime >=14.16.27012,<15.0a0"
  ],
  "extracted_package_dir": "D:\\Users\\Ravi\\miniconda3\\pkgs\\ruamel.yaml-0.17.21-py37h2bbff1b_0",
  "features": "",
  "files": [
    "Lib/site-packages/ruamel.yaml-0.17.21-py3.7-nspkg.pth",
    "Lib/site-packages/ruamel.yaml-0.17.21.dist-info/INSTALLER",
    "Lib/site-packages/ruamel.yaml-0.17.21.dist-info/LICENSE",
    "Lib/site-packages/ruamel.yaml-0.17.21.dist-info/METADATA",
    "Lib/site-packages/ruamel.yaml-0.17.21.dist-info/RECORD",
    "Lib/site-packages/ruamel.yaml-0.17.21.dist-info/REQUESTED",
    "Lib/site-packages/ruamel.yaml-0.17.21.dist-info/WHEEL",
    "Lib/site-packages/ruamel.yaml-0.17.21.dist-info/direct_url.json",
    "Lib/site-packages/ruamel.yaml-0.17.21.dist-info/namespace_packages.txt",
    "Lib/site-packages/ruamel.yaml-0.17.21.dist-info/top_level.txt",
    "Lib/site-packages/ruamel/yaml/__init__.py",
    "Lib/site-packages/ruamel/yaml/__pycache__/__init__.cpython-37.pyc",
    "Lib/site-packages/ruamel/yaml/__pycache__/anchor.cpython-37.pyc",
    "Lib/site-packages/ruamel/yaml/__pycache__/comments.cpython-37.pyc",
    "Lib/site-packages/ruamel/yaml/__pycache__/compat.cpython-37.pyc",
    "Lib/site-packages/ruamel/yaml/__pycache__/composer.cpython-37.pyc",
    "Lib/site-packages/ruamel/yaml/__pycache__/configobjwalker.cpython-37.pyc",
    "Lib/site-packages/ruamel/yaml/__pycache__/constructor.cpython-37.pyc",
    "Lib/site-packages/ruamel/yaml/__pycache__/cyaml.cpython-37.pyc",
    "Lib/site-packages/ruamel/yaml/__pycache__/dumper.cpython-37.pyc",
    "Lib/site-packages/ruamel/yaml/__pycache__/emitter.cpython-37.pyc",
    "Lib/site-packages/ruamel/yaml/__pycache__/error.cpython-37.pyc",
    "Lib/site-packages/ruamel/yaml/__pycache__/events.cpython-37.pyc",
    "Lib/site-packages/ruamel/yaml/__pycache__/loader.cpython-37.pyc",
    "Lib/site-packages/ruamel/yaml/__pycache__/main.cpython-37.pyc",
    "Lib/site-packages/ruamel/yaml/__pycache__/nodes.cpython-37.pyc",
    "Lib/site-packages/ruamel/yaml/__pycache__/parser.cpython-37.pyc",
    "Lib/site-packages/ruamel/yaml/__pycache__/reader.cpython-37.pyc",
    "Lib/site-packages/ruamel/yaml/__pycache__/representer.cpython-37.pyc",
    "Lib/site-packages/ruamel/yaml/__pycache__/resolver.cpython-37.pyc",
    "Lib/site-packages/ruamel/yaml/__pycache__/scalarbool.cpython-37.pyc",
    "Lib/site-packages/ruamel/yaml/__pycache__/scalarfloat.cpython-37.pyc",
    "Lib/site-packages/ruamel/yaml/__pycache__/scalarint.cpython-37.pyc",
    "Lib/site-packages/ruamel/yaml/__pycache__/scalarstring.cpython-37.pyc",
    "Lib/site-packages/ruamel/yaml/__pycache__/scanner.cpython-37.pyc",
    "Lib/site-packages/ruamel/yaml/__pycache__/serializer.cpython-37.pyc",
    "Lib/site-packages/ruamel/yaml/__pycache__/timestamp.cpython-37.pyc",
    "Lib/site-packages/ruamel/yaml/__pycache__/tokens.cpython-37.pyc",
    "Lib/site-packages/ruamel/yaml/__pycache__/util.cpython-37.pyc",
    "Lib/site-packages/ruamel/yaml/anchor.py",
    "Lib/site-packages/ruamel/yaml/comments.py",
    "Lib/site-packages/ruamel/yaml/compat.py",
    "Lib/site-packages/ruamel/yaml/composer.py",
    "Lib/site-packages/ruamel/yaml/configobjwalker.py",
    "Lib/site-packages/ruamel/yaml/constructor.py",
    "Lib/site-packages/ruamel/yaml/cyaml.py",
    "Lib/site-packages/ruamel/yaml/dumper.py",
    "Lib/site-packages/ruamel/yaml/emitter.py",
    "Lib/site-packages/ruamel/yaml/error.py",
    "Lib/site-packages/ruamel/yaml/events.py",
    "Lib/site-packages/ruamel/yaml/loader.py",
    "Lib/site-packages/ruamel/yaml/main.py",
    "Lib/site-packages/ruamel/yaml/nodes.py",
    "Lib/site-packages/ruamel/yaml/parser.py",
    "Lib/site-packages/ruamel/yaml/py.typed",
    "Lib/site-packages/ruamel/yaml/reader.py",
    "Lib/site-packages/ruamel/yaml/representer.py",
    "Lib/site-packages/ruamel/yaml/resolver.py",
    "Lib/site-packages/ruamel/yaml/scalarbool.py",
    "Lib/site-packages/ruamel/yaml/scalarfloat.py",
    "Lib/site-packages/ruamel/yaml/scalarint.py",
    "Lib/site-packages/ruamel/yaml/scalarstring.py",
    "Lib/site-packages/ruamel/yaml/scanner.py",
    "Lib/site-packages/ruamel/yaml/serializer.py",
    "Lib/site-packages/ruamel/yaml/timestamp.py",
    "Lib/site-packages/ruamel/yaml/tokens.py",
    "Lib/site-packages/ruamel/yaml/util.py",
    ".nonadmin"
  ],
  "fn": "ruamel.yaml-0.17.21-py37h2bbff1b_0.conda",
  "legacy_bz2_md5": "9ba36af9c885e7578270ca21ac0fdf83",
  "license": "MIT",
  "license_family": "MIT",
  "link": {
    "source": "D:\\Users\\Ravi\\miniconda3\\pkgs\\ruamel.yaml-0.17.21-py37h2bbff1b_0",
    "type": 1
  },
  "md5": "98207fec5a681e70d49609a6e43c8497",
  "name": "ruamel.yaml",
  "package_tarball_full_path": "D:\\Users\\Ravi\\miniconda3\\pkgs\\ruamel.yaml-0.17.21-py37h2bbff1b_0.conda",
  "paths_data": {
    "paths": [
      {
        "_path": "Lib/site-packages/ruamel.yaml-0.17.21-py3.7-nspkg.pth",
        "path_type": "hardlink",
        "sha256": "fa053978dfdfc5cf1cf72eda0802c8fac356bbdf56e8dd525314eadab38f613a",
        "sha256_in_prefix": "fa053978dfdfc5cf1cf72eda0802c8fac356bbdf56e8dd525314eadab38f613a",
        "size_in_bytes": 540
      },
      {
        "_path": "Lib/site-packages/ruamel.yaml-0.17.21.dist-info/INSTALLER",
        "path_type": "hardlink",
        "sha256": "d0edee15f91b406f3f99726e44eb990be6e34fd0345b52b910c568e0eef6a2a8",
        "sha256_in_prefix": "d0edee15f91b406f3f99726e44eb990be6e34fd0345b52b910c568e0eef6a2a8",
        "size_in_bytes": 5
      },
      {
        "_path": "Lib/site-packages/ruamel.yaml-0.17.21.dist-info/LICENSE",
        "path_type": "hardlink",
        "sha256": "ab837b032c5aae84503fc0c733a116a26fd272e90dc4402fa68d3c9e51aed3b0",
        "sha256_in_prefix": "ab837b032c5aae84503fc0c733a116a26fd272e90dc4402fa68d3c9e51aed3b0",
        "size_in_bytes": 1121
      },
      {
        "_path": "Lib/site-packages/ruamel.yaml-0.17.21.dist-info/METADATA",
        "path_type": "hardlink",
        "sha256": "3e9eae158bc08aba5791565047a2f1f803ed82f1b1b0f314523535c94c056863",
        "sha256_in_prefix": "3e9eae158bc08aba5791565047a2f1f803ed82f1b1b0f314523535c94c056863",
        "size_in_bytes": 1519
      },
      {
        "_path": "Lib/site-packages/ruamel.yaml-0.17.21.dist-info/RECORD",
        "path_type": "hardlink",
        "sha256": "67e6a51a3a6c79dc679dec01a95981b6c8940bd3d3d348d570423dfaa9813d12",
        "sha256_in_prefix": "67e6a51a3a6c79dc679dec01a95981b6c8940bd3d3d348d570423dfaa9813d12",
        "size_in_bytes": 4669
      },
      {
        "_path": "Lib/site-packages/ruamel.yaml-0.17.21.dist-info/REQUESTED",
        "path_type": "hardlink",
        "sha256": "e3b0c44298fc1c149afbf4c8996fb92427ae41e4649b934ca495991b7852b855",
        "sha256_in_prefix": "e3b0c44298fc1c149afbf4c8996fb92427ae41e4649b934ca495991b7852b855",
        "size_in_bytes": 0
      },
      {
        "_path": "Lib/site-packages/ruamel.yaml-0.17.21.dist-info/WHEEL",
        "path_type": "hardlink",
        "sha256": "1b5e87e00dc87a84269cead8578b9e6462928e18a95f1f3373c9eef451a5bcc0",
        "sha256_in_prefix": "1b5e87e00dc87a84269cead8578b9e6462928e18a95f1f3373c9eef451a5bcc0",
        "size_in_bytes": 92
      },
      {
        "_path": "Lib/site-packages/ruamel.yaml-0.17.21.dist-info/direct_url.json",
        "path_type": "hardlink",
        "sha256": "ec2261d5a34c504b3e24af40a46ed33de504c9b7b962248618fcca9bc7ec7602",
        "sha256_in_prefix": "ec2261d5a34c504b3e24af40a46ed33de504c9b7b962248618fcca9bc7ec7602",
        "size_in_bytes": 91
      },
      {
        "_path": "Lib/site-packages/ruamel.yaml-0.17.21.dist-info/namespace_packages.txt",
        "path_type": "hardlink",
        "sha256": "96ee5aafd8a5bf24b4de336f4b9c7d234ff737008a92f225636934407f4002b9",
        "sha256_in_prefix": "96ee5aafd8a5bf24b4de336f4b9c7d234ff737008a92f225636934407f4002b9",
        "size_in_bytes": 7
      },
      {
        "_path": "Lib/site-packages/ruamel.yaml-0.17.21.dist-info/top_level.txt",
        "path_type": "hardlink",
        "sha256": "96ee5aafd8a5bf24b4de336f4b9c7d234ff737008a92f225636934407f4002b9",
        "sha256_in_prefix": "96ee5aafd8a5bf24b4de336f4b9c7d234ff737008a92f225636934407f4002b9",
        "size_in_bytes": 7
      },
      {
        "_path": "Lib/site-packages/ruamel/yaml/__init__.py",
        "path_type": "hardlink",
        "sha256": "328c17581c5524b9a4001a26ff3a01b8b28cec8b0e254e655ae30de0f52c3d56",
        "sha256_in_prefix": "328c17581c5524b9a4001a26ff3a01b8b28cec8b0e254e655ae30de0f52c3d56",
        "size_in_bytes": 1897
      },
      {
        "_path": "Lib/site-packages/ruamel/yaml/__pycache__/__init__.cpython-37.pyc",
        "path_type": "hardlink",
        "sha256": "8357a0ae4f22c8a95f06882d79fe02fd6ca82caf999e572a784724bea9af6dc6",
        "sha256_in_prefix": "8357a0ae4f22c8a95f06882d79fe02fd6ca82caf999e572a784724bea9af6dc6",
        "size_in_bytes": 1651
      },
      {
        "_path": "Lib/site-packages/ruamel/yaml/__pycache__/anchor.cpython-37.pyc",
        "path_type": "hardlink",
        "sha256": "9897fa6b0fc5740c53328ef9f125931ecf0c872ae791bcba4bf3f6fd20772998",
        "sha256_in_prefix": "9897fa6b0fc5740c53328ef9f125931ecf0c872ae791bcba4bf3f6fd20772998",
        "size_in_bytes": 692
      },
      {
        "_path": "Lib/site-packages/ruamel/yaml/__pycache__/comments.cpython-37.pyc",
        "path_type": "hardlink",
        "sha256": "5e1a6cd6121d703097d843a3c314407dedb7078eda09f6a3ff40240ca33ba5d5",
        "sha256_in_prefix": "5e1a6cd6121d703097d843a3c314407dedb7078eda09f6a3ff40240ca33ba5d5",
        "size_in_bytes": 35593
      },
      {
        "_path": "Lib/site-packages/ruamel/yaml/__pycache__/compat.cpython-37.pyc",
        "path_type": "hardlink",
        "sha256": "231ed20aa3e23e4c3be33b4ba1a74b3546e97caa017074b9fbf727b425077b12",
        "sha256_in_prefix": "231ed20aa3e23e4c3be33b4ba1a74b3546e97caa017074b9fbf727b425077b12",
        "size_in_bytes": 6361
      },
      {
        "_path": "Lib/site-packages/ruamel/yaml/__pycache__/composer.cpython-37.pyc",
        "path_type": "hardlink",
        "sha256": "f924a2f6d8ff026e6af8e7347b752c5424c3d0b5f4100d641e8e60fef0fe6ca5",
        "sha256_in_prefix": "f924a2f6d8ff026e6af8e7347b752c5424c3d0b5f4100d641e8e60fef0fe6ca5",
        "size_in_bytes": 5186
      },
      {
        "_path": "Lib/site-packages/ruamel/yaml/__pycache__/configobjwalker.cpython-37.pyc",
        "path_type": "hardlink",
        "sha256": "6ab1ac1701dfdbecf68e56339f7631dc616b6829b113a4739e3d6e974491cc9c",
        "sha256_in_prefix": "6ab1ac1701dfdbecf68e56339f7631dc616b6829b113a4739e3d6e974491cc9c",
        "size_in_bytes": 427
      },
      {
        "_path": "Lib/site-packages/ruamel/yaml/__pycache__/constructor.cpython-37.pyc",
        "path_type": "hardlink",
        "sha256": "d7bf2177ebfcc6b8d1df187913834292ca1dbb7a0e0b8d898fb89c3549547e78",
        "sha256_in_prefix": "d7bf2177ebfcc6b8d1df187913834292ca1dbb7a0e0b8d898fb89c3549547e78",
        "size_in_bytes": 40825
      },
      {
        "_path": "Lib/site-packages/ruamel/yaml/__pycache__/cyaml.cpython-37.pyc",
        "path_type": "hardlink",
        "sha256": "1c39160c2c78b4d51c95335d3420badff15a6d5e6a507032cd2f3e7035170fa2",
        "sha256_in_prefix": "1c39160c2c78b4d51c95335d3420badff15a6d5e6a507032cd2f3e7035170fa2",
        "size_in_bytes": 3609
      },
      {
        "_path": "Lib/site-packages/ruamel/yaml/__pycache__/dumper.cpython-37.pyc",
        "path_type": "hardlink",
        "sha256": "1666d9423febebb291f63233e5a5ae430ac2aaa79970da6a221bcd93aa715c11",
        "sha256_in_prefix": "1666d9423febebb291f63233e5a5ae430ac2aaa79970da6a221bcd93aa715c11",
        "size_in_bytes": 3176
      },
      {
        "_path": "Lib/site-packages/ruamel/yaml/__pycache__/emitter.cpython-37.pyc",
        "path_type": "hardlink",
        "sha256": "03460fb50128f91690863bf092b11a413e1d29711778574eea6f7de30690774e",
        "sha256_in_prefix": "03460fb50128f91690863bf092b11a413e1d29711778574eea6f7de30690774e",
        "size_in_bytes": 34017
      },
      {
        "_path": "Lib/site-packages/ruamel/yaml/__pycache__/error.cpython-37.pyc",
        "path_type": "hardlink",
        "sha256": "869d38ee85a4430a6df0bda0b7e9d17da05f4739ba9c848b27822db194469c45",
        "sha256_in_prefix": "869d38ee85a4430a6df0bda0b7e9d17da05f4739ba9c848b27822db194469c45",
        "size_in_bytes": 8131
      },
      {
        "_path": "Lib/site-packages/ruamel/yaml/__pycache__/events.cpython-37.pyc",
        "path_type": "hardlink",
        "sha256": "6e09cf212c9c4bfadc8481725674e30c31bc27660d708ae5d0c05dc121ae8828",
        "sha256_in_prefix": "6e09cf212c9c4bfadc8481725674e30c31bc27660d708ae5d0c05dc121ae8828",
        "size_in_bytes": 4836
      },
      {
        "_path": "Lib/site-packages/ruamel/yaml/__pycache__/loader.cpython-37.pyc",
        "path_type": "hardlink",
        "sha256": "cae3b80f38e544af413e17473bca1e35cb2930f3d9260b8ee887d8945790438d",
        "sha256_in_prefix": "cae3b80f38e544af413e17473bca1e35cb2930f3d9260b8ee887d8945790438d",
        "size_in_bytes": 2398
      },
      {
        "_path": "Lib/site-packages/ruamel/yaml/__pycache__/main.cpython-37.pyc",
        "path_type": "hardlink",
        "sha256": "97b1d42596de918b6a7390331f181602aaf8083e68e988e6a33471967be8b3a0",
        "sha256_in_prefix": "97b1d42596de918b6a7390331f181602aaf8083e68e988e6a33471967be8b3a0",
        "size_in_bytes": 35297
      },
      {
        "_path": "Lib/site-packages/ruamel/yaml/__pycache__/nodes.cpython-37.pyc",
        "path_type": "hardlink",
        "sha256": "3baa709c42f10bdf457159954394a941f35533211e65a4c0649b6e443ef5e299",
        "sha256_in_prefix": "3baa709c42f10bdf457159954394a941f35533211e65a4c0649b6e443ef5e299",
        "size_in_bytes": 2996
      },
      {
        "_path": "Lib/site-packages/ruamel/yaml/__pycache__/parser.cpython-37.pyc",
        "path_type": "hardlink",
        "sha256": "564417c683038500272cbfca4b6118be4d03f482b60da0dc34ea2734071a2901",
        "sha256_in_prefix": "564417c683038500272cbfca4b6118be4d03f482b60da0dc34ea2734071a2901",
        "size_in_bytes": 16743
      },
      {
        "_path": "Lib/site-packages/ruamel/yaml/__pycache__/reader.cpython-37.pyc",
        "path_type": "hardlink",
        "sha256": "be076843308e7783b35656f4180079fc8740b05c0f18ab20b2cd532568bf32eb",
        "sha256_in_prefix": "be076843308e7783b35656f4180079fc8740b05c0f18ab20b2cd532568bf32eb",
        "size_in_bytes": 6835
      },
      {
        "_path": "Lib/site-packages/ruamel/yaml/__pycache__/representer.cpython-37.pyc",
        "path_type": "hardlink",
        "sha256": "8c11ca0824a35f781437f19a8edd718bef92ddcceaeefa6b551936a0b0752711",
        "sha256_in_prefix": "8c11ca0824a35f781437f19a8edd718bef92ddcceaeefa6b551936a0b0752711",
        "size_in_bytes": 26311
      },
      {
        "_path": "Lib/site-packages/ruamel/yaml/__pycache__/resolver.cpython-37.pyc",
        "path_type": "hardlink",
        "sha256": "4cb4f29fbfc89d7edbcbbcc8408594db7f648fd7b6f12503a4235323c6acdfc4",
        "sha256_in_prefix": "4cb4f29fbfc89d7edbcbbcc8408594db7f648fd7b6f12503a4235323c6acdfc4",
        "size_in_bytes": 9784
      },
      {
        "_path": "Lib/site-packages/ruamel/yaml/__pycache__/scalarbool.cpython-37.pyc",
        "path_type": "hardlink",
        "sha256": "f2c16b4577abae758bf3ea34865640b16e66dedda5cf04097b831a0147671e09",
        "sha256_in_prefix": "f2c16b4577abae758bf3ea34865640b16e66dedda5cf04097b831a0147671e09",
        "size_in_bytes": 1520
      },
      {
        "_path": "Lib/site-packages/ruamel/yaml/__pycache__/scalarfloat.cpython-37.pyc",
        "path_type": "hardlink",
        "sha256": "a61f4bc34d2cd19195dc94aadd883a0a2cdcd9dc661b9a24f57c89ec718f4d72",
        "sha256_in_prefix": "a61f4bc34d2cd19195dc94aadd883a0a2cdcd9dc661b9a24f57c89ec718f4d72",
        "size_in_bytes": 3371
      },
      {
        "_path": "Lib/site-packages/ruamel/yaml/__pycache__/scalarint.cpython-37.pyc",
        "path_type": "hardlink",
        "sha256": "44514206aada8adb2507a8258649f96ed08a342217a7cb52208095c3af595607",
        "sha256_in_prefix": "44514206aada8adb2507a8258649f96ed08a342217a7cb52208095c3af595607",
        "size_in_bytes": 3898
      },
      {
        "_path": "Lib/site-packages/ruamel/yaml/__pycache__/scalarstring.cpython-37.pyc",
        "path_type": "hardlink",
        "sha256": "8bf35ce125f36b33d8a1c1c09148cbbf4c18d07cfec241b468efb30e6e391e19",
        "sha256_in_prefix": "8bf35ce125f36b33d8a1c1c09148cbbf4c18d07cfec241b468efb30e6e391e19",
        "size_in_bytes": 4262
      },
      {
        "_path": "Lib/site-packages/ruamel/yaml/__pycache__/scanner.cpython-37.pyc",
        "path_type": "hardlink",
        "sha256": "fbaebc0668225280bdc12c4959e43241eb114844f77876e3d2f1b1ed9a9ebbed",
        "sha256_in_prefix": "fbaebc0668225280bdc12c4959e43241eb114844f77876e3d2f1b1ed9a9ebbed",
        "size_in_bytes": 44539
      },
      {
        "_path": "Lib/site-packages/ruamel/yaml/__pycache__/serializer.cpython-37.pyc",
        "path_type": "hardlink",
        "sha256": "ca22bcb478e8df46a6db66a6be2e5a50ba6a90081194f7ffb87021e2bc859afe",
        "sha256_in_prefix": "ca22bcb478e8df46a6db66a6be2e5a50ba6a90081194f7ffb87021e2bc859afe",
        "size_in_bytes": 5120
      },
      {
        "_path": "Lib/site-packages/ruamel/yaml/__pycache__/timestamp.cpython-37.pyc",
        "path_type": "hardlink",
        "sha256": "9d4fe5403f9061bcc526394aba1d8bec75f8b86d5499c63e0726e5209c1b3675",
        "sha256_in_prefix": "9d4fe5403f9061bcc526394aba1d8bec75f8b86d5499c63e0726e5209c1b3675",
        "size_in_bytes": 1372
      },
      {
        "_path": "Lib/site-packages/ruamel/yaml/__pycache__/tokens.cpython-37.pyc",
        "path_type": "hardlink",
        "sha256": "5023c4b6455865eaef01dfc9917046de73dc320f3421d28d8ec6f0c36c553473",
        "sha256_in_prefix": "5023c4b6455865eaef01dfc9917046de73dc320f3421d28d8ec6f0c36c553473",
        "size_in_bytes": 11000
      },
      {
        "_path": "Lib/site-packages/ruamel/yaml/__pycache__/util.cpython-37.pyc",
        "path_type": "hardlink",
        "sha256": "c698ae0020dfff2385e0cca0ebd7c7fe2d1aa39cf61ddd1ef96ff4736e583e8a",
        "sha256_in_prefix": "c698ae0020dfff2385e0cca0ebd7c7fe2d1aa39cf61ddd1ef96ff4736e583e8a",
        "size_in_bytes": 5622
      },
      {
        "_path": "Lib/site-packages/ruamel/yaml/anchor.py",
        "path_type": "hardlink",
        "sha256": "174d76b7c7645faf65fed700bf67998ff201afbb327c00ee635a5837dd871c6b",
        "sha256_in_prefix": "174d76b7c7645faf65fed700bf67998ff201afbb327c00ee635a5837dd871c6b",
        "size_in_bytes": 508
      },
      {
        "_path": "Lib/site-packages/ruamel/yaml/comments.py",
        "path_type": "hardlink",
        "sha256": "57422877ced1a5b68987385425aad899e604d729f2e4ed98e3138e225ef5ec83",
        "sha256_in_prefix": "57422877ced1a5b68987385425aad899e604d729f2e4ed98e3138e225ef5ec83",
        "size_in_bytes": 39201
      },
      {
        "_path": "Lib/site-packages/ruamel/yaml/compat.py",
        "path_type": "hardlink",
        "sha256": "238a2b361de796817c814c67492627d88571a94956c4a83fece8bdfa6cbe18b6",
        "sha256_in_prefix": "238a2b361de796817c814c67492627d88571a94956c4a83fece8bdfa6cbe18b6",
        "size_in_bytes": 7546
      },
      {
        "_path": "Lib/site-packages/ruamel/yaml/composer.py",
        "path_type": "hardlink",
        "sha256": "be61bccbe3fb6efbb75bb32ce382a1a4b466fb3619a36a11eb207df303756a3b",
        "sha256_in_prefix": "be61bccbe3fb6efbb75bb32ce382a1a4b466fb3619a36a11eb207df303756a3b",
        "size_in_bytes": 8387
      },
      {
        "_path": "Lib/site-packages/ruamel/yaml/configobjwalker.py",
        "path_type": "hardlink",
        "sha256": "71e197725956c97ba3dd9325c76e74a9cc8ab561101426731efd94d33c466c69",
        "sha256_in_prefix": "71e197725956c97ba3dd9325c76e74a9cc8ab561101426731efd94d33c466c69",
        "size_in_bytes": 342
      },
      {
        "_path": "Lib/site-packages/ruamel/yaml/constructor.py",
        "path_type": "hardlink",
        "sha256": "432c3d4b02dc1e1bf3fddce2fab00ab175580321052cdce8321bc242f4ba7a8e",
        "sha256_in_prefix": "432c3d4b02dc1e1bf3fddce2fab00ab175580321052cdce8321bc242f4ba7a8e",
        "size_in_bytes": 72207
      },
      {
        "_path": "Lib/site-packages/ruamel/yaml/cyaml.py",
        "path_type": "hardlink",
        "sha256": "7b2968e5c90f955940cfd8ff50601f2464e99cdb276f381c5c3e9d643fe59092",
        "sha256_in_prefix": "7b2968e5c90f955940cfd8ff50601f2464e99cdb276f381c5c3e9d643fe59092",
        "size_in_bytes": 6544
      },
      {
        "_path": "Lib/site-packages/ruamel/yaml/dumper.py",
        "path_type": "hardlink",
        "sha256": "1d038dc8ca755cf2b51f63317edd9b27eec213f23813702b39cb0bf35cd3e44e",
        "sha256_in_prefix": "1d038dc8ca755cf2b51f63317edd9b27eec213f23813702b39cb0bf35cd3e44e",
        "size_in_bytes": 6585
      },
      {
        "_path": "Lib/site-packages/ruamel/yaml/emitter.py",
        "path_type": "hardlink",
        "sha256": "1be6b1c7e23be41041fe3fe44f2a1e4a6cad42566fb9b38b49ce816807f09f80",
        "sha256_in_prefix": "1be6b1c7e23be41041fe3fe44f2a1e4a6cad42566fb9b38b49ce816807f09f80",
        "size_in_bytes": 67537
      },
      {
        "_path": "Lib/site-packages/ruamel/yaml/error.py",
        "path_type": "hardlink",
        "sha256": "99afbed31da98fff087f81ff521d71443d599e31fa801c9d2d5fcc9a92fd92ba",
        "sha256_in_prefix": "99afbed31da98fff087f81ff521d71443d599e31fa801c9d2d5fcc9a92fd92ba",
        "size_in_bytes": 9506
      },
      {
        "_path": "Lib/site-packages/ruamel/yaml/events.py",
        "path_type": "hardlink",
        "sha256": "70914fbfd4ff130236aeef01969679e4eeff08dfa4796be8b872c8cab500b8e2",
        "sha256_in_prefix": "70914fbfd4ff130236aeef01969679e4eeff08dfa4796be8b872c8cab500b8e2",
        "size_in_bytes": 5496
      },
      {
        "_path": "Lib/site-packages/ruamel/yaml/loader.py",
        "path_type": "hardlink",
        "sha256": "7935a1eb280fb2bc136955365da6ca7af6eedbc3ad5f8c262799233ae6749cef",
        "sha256_in_prefix": "7935a1eb280fb2bc136955365da6ca7af6eedbc3ad5f8c262799233ae6749cef",
        "size_in_bytes": 3071
      },
      {
        "_path": "Lib/site-packages/ruamel/yaml/main.py",
        "path_type": "hardlink",
        "sha256": "2c35c0a6f9c4a8331969963459bbdcf6cc844c434144a4084a7f03dffd7cc448",
        "sha256_in_prefix": "2c35c0a6f9c4a8331969963459bbdcf6cc844c434144a4084a7f03dffd7cc448",
        "size_in_bytes": 59295
      },
      {
        "_path": "Lib/site-packages/ruamel/yaml/nodes.py",
        "path_type": "hardlink",
        "sha256": "2464429fd69c57cd260e211ebf3a11995d1dc1457103d2c470b947b6a2bc7500",
        "sha256_in_prefix": "2464429fd69c57cd260e211ebf3a11995d1dc1457103d2c470b947b6a2bc7500",
        "size_in_bytes": 3774
      },
      {
        "_path": "Lib/site-packages/ruamel/yaml/parser.py",
        "path_type": "hardlink",
        "sha256": "84e0fe255d455849698824f9be83e313a43c5275f3b25a28e48718e761394925",
        "sha256_in_prefix": "84e0fe255d455849698824f9be83e313a43c5275f3b25a28e48718e761394925",
        "size_in_bytes": 36466
      },
      {
        "_path": "Lib/site-packages/ruamel/yaml/py.typed",
        "path_type": "hardlink",
        "sha256": "e3b0c44298fc1c149afbf4c8996fb92427ae41e4649b934ca495991b7852b855",
        "sha256_in_prefix": "e3b0c44298fc1c149afbf4c8996fb92427ae41e4649b934ca495991b7852b855",
        "size_in_bytes": 0
      },
      {
        "_path": "Lib/site-packages/ruamel/yaml/reader.py",
        "path_type": "hardlink",
        "sha256": "1a4aa5d6e66071789a598306757f9705684d04ef4857cf7a48408d5f286b3180",
        "sha256_in_prefix": "1a4aa5d6e66071789a598306757f9705684d04ef4857cf7a48408d5f286b3180",
        "size_in_bytes": 10680
      },
      {
        "_path": "Lib/site-packages/ruamel/yaml/representer.py",
        "path_type": "hardlink",
        "sha256": "235f245236b45a8e32ce2b13aa803f5e835e319a0c5de336def6da713b66d9f2",
        "sha256_in_prefix": "235f245236b45a8e32ce2b13aa803f5e835e319a0c5de336def6da713b66d9f2",
        "size_in_bytes": 44420
      },
      {
        "_path": "Lib/site-packages/ruamel/yaml/resolver.py",
        "path_type": "hardlink",
        "sha256": "b3e2da26eee0b08c9841c67863eb16ff2df060144b29a0b55d36f3e32d1707c3",
        "sha256_in_prefix": "b3e2da26eee0b08c9841c67863eb16ff2df060144b29a0b55d36f3e32d1707c3",
        "size_in_bytes": 15499
      },
      {
        "_path": "Lib/site-packages/ruamel/yaml/scalarbool.py",
        "path_type": "hardlink",
        "sha256": "658b244244c18c2b87172dab8721f8a723ad508e426b39861cd075c2523f24fa",
        "sha256_in_prefix": "658b244244c18c2b87172dab8721f8a723ad508e426b39861cd075c2523f24fa",
        "size_in_bytes": 1380
      },
      {
        "_path": "Lib/site-packages/ruamel/yaml/scalarfloat.py",
        "path_type": "hardlink",
        "sha256": "194ae0db41f5c8c15f432ca09ae0c89abd4029b193dc739315bc473f3162c3bc",
        "sha256_in_prefix": "194ae0db41f5c8c15f432ca09ae0c89abd4029b193dc739315bc473f3162c3bc",
        "size_in_bytes": 4121
      },
      {
        "_path": "Lib/site-packages/ruamel/yaml/scalarint.py",
        "path_type": "hardlink",
        "sha256": "4bbf3146ffd4fcb4faeec0895b235594e79840cf641ef020584ba191db80f7c6",
        "sha256_in_prefix": "4bbf3146ffd4fcb4faeec0895b235594e79840cf641ef020584ba191db80f7c6",
        "size_in_bytes": 4255
      },
      {
        "_path": "Lib/site-packages/ruamel/yaml/scalarstring.py",
        "path_type": "hardlink",
        "sha256": "3e0202d423a2d4ca5fd5739f5d68eeba901107f3c6e6735a780516b945f72512",
        "sha256_in_prefix": "3e0202d423a2d4ca5fd5739f5d68eeba901107f3c6e6735a780516b945f72512",
        "size_in_bytes": 4260
      },
      {
        "_path": "Lib/site-packages/ruamel/yaml/scanner.py",
        "path_type": "hardlink",
        "sha256": "a1b8b306d1f36a1a2824ffabc41509c77e56a1a1ecb0945931d6b17d58fbb1a6",
        "sha256_in_prefix": "a1b8b306d1f36a1a2824ffabc41509c77e56a1a1ecb0945931d6b17d58fbb1a6",
        "size_in_bytes": 89221
      },
      {
        "_path": "Lib/site-packages/ruamel/yaml/serializer.py",
        "path_type": "hardlink",
        "sha256": "e2724393880e71c6874b3ea645c11d868ec5e256255200d6aecf8a347a13e63d",
        "sha256_in_prefix": "e2724393880e71c6874b3ea645c11d868ec5e256255200d6aecf8a347a13e63d",
        "size_in_bytes": 8479
      },
      {
        "_path": "Lib/site-packages/ruamel/yaml/timestamp.py",
        "path_type": "hardlink",
        "sha256": "7e19b983aceb20cb7f2037052284e19f6988043597cd6ae3e7d4e3339685fbd0",
        "sha256_in_prefix": "7e19b983aceb20cb7f2037052284e19f6988043597cd6ae3e7d4e3339685fbd0",
        "size_in_bytes": 1815
      },
      {
        "_path": "Lib/site-packages/ruamel/yaml/tokens.py",
        "path_type": "hardlink",
        "sha256": "a4a2756581ad120694ef50a7641e147c54b673a0d457061fe5b7e7b836d00612",
        "sha256_in_prefix": "a4a2756581ad120694ef50a7641e147c54b673a0d457061fe5b7e7b836d00612",
        "size_in_bytes": 12106
      },
      {
        "_path": "Lib/site-packages/ruamel/yaml/util.py",
        "path_type": "hardlink",
        "sha256": "3d2594c948cdfb7c5eba0e73f0d8f0e67b19c946b6774790500c5165755de4d8",
        "sha256_in_prefix": "3d2594c948cdfb7c5eba0e73f0d8f0e67b19c946b6774790500c5165755de4d8",
        "size_in_bytes": 8336
      }
    ],
    "paths_version": 1
  },
  "requested_spec": "None",
  "sha256": "ec61a0386e3e68b4a78e9eb5af34997e57759e5f7eff0da30944ba6621fe3389",
  "size": 176939,
  "subdir": "win-64",
  "timestamp": 1666304976399,
  "track_features": "",
  "url": "https://repo.anaconda.com/pkgs/main/win-64/ruamel.yaml-0.17.21-py37h2bbff1b_0.conda",
  "version": "0.17.21"
}