{
  "build": "py37haa95532_0",
  "build_number": 0,
  "channel": "https://repo.anaconda.com/pkgs/main/win-64",
  "constrains": [],
  "depends": [
    "python >=3.7,<3.8.0a0"
  ],
  "extracted_package_dir": "D:\\Users\\Ravi\\miniconda3\\pkgs\\soupsieve-2.3.2.post1-py37haa95532_0",
  "features": "",
  "files": [
    "Lib/site-packages/soupsieve-2.3.2.post1.dist-info/INSTALLER",
    "Lib/site-packages/soupsieve-2.3.2.post1.dist-info/METADATA",
    "Lib/site-packages/soupsieve-2.3.2.post1.dist-info/RECORD",
    "Lib/site-packages/soupsieve-2.3.2.post1.dist-info/REQUESTED",
    "Lib/site-packages/soupsieve-2.3.2.post1.dist-info/WHEEL",
    "Lib/site-packages/soupsieve-2.3.2.post1.dist-info/direct_url.json",
    "Lib/site-packages/soupsieve-2.3.2.post1.dist-info/licenses/LICENSE.md",
    "Lib/site-packages/soupsieve/__init__.py",
    "Lib/site-packages/soupsieve/__meta__.py",
    "Lib/site-packages/soupsieve/__pycache__/__init__.cpython-37.pyc",
    "Lib/site-packages/soupsieve/__pycache__/__meta__.cpython-37.pyc",
    "Lib/site-packages/soupsieve/__pycache__/css_match.cpython-37.pyc",
    "Lib/site-packages/soupsieve/__pycache__/css_parser.cpython-37.pyc",
    "Lib/site-packages/soupsieve/__pycache__/css_types.cpython-37.pyc",
    "Lib/site-packages/soupsieve/__pycache__/pretty.cpython-37.pyc",
    "Lib/site-packages/soupsieve/__pycache__/util.cpython-37.pyc",
    "Lib/site-packages/soupsieve/css_match.py",
    "Lib/site-packages/soupsieve/css_parser.py",
    "Lib/site-packages/soupsieve/css_types.py",
    "Lib/site-packages/soupsieve/pretty.py",
    "Lib/site-packages/soupsieve/py.typed",
    "Lib/site-packages/soupsieve/util.py",
    ".nonadmin"
  ],
  "fn": "soupsieve-2.3.2.post1-py37haa95532_0.conda",
  "legacy_bz2_md5": "bcbbc1208e35e8eb2b38aceef5630f64",
  "license": "MIT",
  "license_family": "MIT",
  "link": {
    "source": "D:\\Users\\Ravi\\miniconda3\\pkgs\\soupsieve-2.3.2.post1-py37haa95532_0",
    "type": 1
  },
  "md5": "17591766aca23072b0ffc6a7094a5c48",
  "name": "soupsieve",
  "package_tarball_full_path": "D:\\Users\\Ravi\\miniconda3\\pkgs\\soupsieve-2.3.2.post1-py37haa95532_0.conda",
  "paths_data": {
    "paths": [
      {
        "_path": "Lib/site-packages/soupsieve-2.3.2.post1.dist-info/INSTALLER",
        "path_type": "hardlink",
        "sha256": "d0edee15f91b406f3f99726e44eb990be6e34fd0345b52b910c568e0eef6a2a8",
        "sha256_in_prefix": "d0edee15f91b406f3f99726e44eb990be6e34fd0345b52b910c568e0eef6a2a8",
        "size_in_bytes": 5
      },
      {
        "_path": "Lib/site-packages/soupsieve-2.3.2.post1.dist-info/METADATA",
        "path_type": "hardlink",
        "sha256": "06d3677211de6393ed12b71292da83dd83b7bff12d659c35df750cfcaea22058",
        "sha256_in_prefix": "06d3677211de6393ed12b71292da83dd83b7bff12d659c35df750cfcaea22058",
        "size_in_bytes": 5651
      },
      {
        "_path": "Lib/site-packages/soupsieve-2.3.2.post1.dist-info/RECORD",
        "path_type": "hardlink",
        "sha256": "77f94b7770d640325ea79d4827bb921fa286885173800ca03ca621d136f267f6",
        "sha256_in_prefix": "77f94b7770d640325ea79d4827bb921fa286885173800ca03ca621d136f267f6",
        "size_in_bytes": 1605
      },
      {
        "_path": "Lib/site-packages/soupsieve-2.3.2.post1.dist-info/REQUESTED",
        "path_type": "hardlink",
        "sha256": "e3b0c44298fc1c149afbf4c8996fb92427ae41e4649b934ca495991b7852b855",
        "sha256_in_prefix": "e3b0c44298fc1c149afbf4c8996fb92427ae41e4649b934ca495991b7852b855",
        "size_in_bytes": 0
      },
      {
        "_path": "Lib/site-packages/soupsieve-2.3.2.post1.dist-info/WHEEL",
        "path_type": "hardlink",
        "sha256": "dc34a64b2604d520c444edbeac8dea51b315a2f06cefefa081cee6b9b39e9ac7",
        "sha256_in_prefix": "dc34a64b2604d520c444edbeac8dea51b315a2f06cefefa081cee6b9b39e9ac7",
        "size_in_bytes": 86
      },
      {
        "_path": "Lib/site-packages/soupsieve-2.3.2.post1.dist-info/direct_url.json",
        "path_type": "hardlink",
        "sha256": "cd9dd5efd24ab39b9482a0f189b3c7b714283d58c223c7692ef6d43e08c53b3c",
        "sha256_in_prefix": "cd9dd5efd24ab39b9482a0f189b3c7b714283d58c223c7692ef6d43e08c53b3c",
        "size_in_bytes": 89
      },
      {
        "_path": "Lib/site-packages/soupsieve-2.3.2.post1.dist-info/licenses/LICENSE.md",
        "path_type": "hardlink",
        "sha256": "bc66234cadd3f6e7aaf7160faf165f3f869ffc8a11b6b0d6c44a2e2a83314dd0",
        "sha256_in_prefix": "bc66234cadd3f6e7aaf7160faf165f3f869ffc8a11b6b0d6c44a2e2a83314dd0",
        "size_in_bytes": 1096
      },
      {
        "_path": "Lib/site-packages/soupsieve/__init__.py",
        "path_type": "hardlink",
        "sha256": "ffb27f7a2a85bd1ce818767d016eb77f6dce99360bcbd62c050e775ec0db3e01",
        "sha256_in_prefix": "ffb27f7a2a85bd1ce818767d016eb77f6dce99360bcbd62c050e775ec0db3e01",
        "size_in_bytes": 4717
      },
      {
        "_path": "Lib/site-packages/soupsieve/__meta__.py",
        "path_type": "hardlink",
        "sha256": "978b2a04cee90cb4d209b6aa67ca7fec5427e910790dc15105e24aa408797a94",
        "sha256_in_prefix": "978b2a04cee90cb4d209b6aa67ca7fec5427e910790dc15105e24aa408797a94",
        "size_in_bytes": 6817
      },
      {
        "_path": "Lib/site-packages/soupsieve/__pycache__/__init__.cpython-37.pyc",
        "path_type": "hardlink",
        "sha256": "7bf733dcd0c86886f79a2d76637b9e1772fa45eb639003cd67c83f0d2197a127",
        "sha256_in_prefix": "7bf733dcd0c86886f79a2d76637b9e1772fa45eb639003cd67c83f0d2197a127",
        "size_in_bytes": 4395
      },
      {
        "_path": "Lib/site-packages/soupsieve/__pycache__/__meta__.cpython-37.pyc",
        "path_type": "hardlink",
        "sha256": "fb40abddfd4c993e1630ea7d3b4a6e81ece46d03f994d7f20833e77d41c68b1d",
        "sha256_in_prefix": "fb40abddfd4c993e1630ea7d3b4a6e81ece46d03f994d7f20833e77d41c68b1d",
        "size_in_bytes": 5903
      },
      {
        "_path": "Lib/site-packages/soupsieve/__pycache__/css_match.cpython-37.pyc",
        "path_type": "hardlink",
        "sha256": "01f30dedc04120ab672ce1c90d0f4024cab2d178b62ee7880f7c9ebbe5610a27",
        "sha256_in_prefix": "01f30dedc04120ab672ce1c90d0f4024cab2d178b62ee7880f7c9ebbe5610a27",
        "size_in_bytes": 36612
      },
      {
        "_path": "Lib/site-packages/soupsieve/__pycache__/css_parser.cpython-37.pyc",
        "path_type": "hardlink",
        "sha256": "256e703ffd12ec53b411a716ad45fa5913bfdb33a76f19388965ffe4a199c8d6",
        "sha256_in_prefix": "256e703ffd12ec53b411a716ad45fa5913bfdb33a76f19388965ffe4a199c8d6",
        "size_in_bytes": 29148
      },
      {
        "_path": "Lib/site-packages/soupsieve/__pycache__/css_types.cpython-37.pyc",
        "path_type": "hardlink",
        "sha256": "11c3037db44811edf5821d832653a7f3fa67cdb30c512db964d42e9eabd6388a",
        "sha256_in_prefix": "11c3037db44811edf5821d832653a7f3fa67cdb30c512db964d42e9eabd6388a",
        "size_in_bytes": 13629
      },
      {
        "_path": "Lib/site-packages/soupsieve/__pycache__/pretty.cpython-37.pyc",
        "path_type": "hardlink",
        "sha256": "f659980aff019a689d1cbb16deeeb3cfa20fa7aee71d53cd1bd514d7d70eb61b",
        "sha256_in_prefix": "f659980aff019a689d1cbb16deeeb3cfa20fa7aee71d53cd1bd514d7d70eb61b",
        "size_in_bytes": 3613
      },
      {
        "_path": "Lib/site-packages/soupsieve/__pycache__/util.cpython-37.pyc",
        "path_type": "hardlink",
        "sha256": "25fec5edcf28ec5176f3141ccd2c082fe6f9b51b66f36ccf78421fdaff5835bb",
        "sha256_in_prefix": "25fec5edcf28ec5176f3141ccd2c082fe6f9b51b66f36ccf78421fdaff5835bb",
        "size_in_bytes": 3245
      },
      {
        "_path": "Lib/site-packages/soupsieve/css_match.py",
        "path_type": "hardlink",
        "sha256": "71af20890af7d3959be6b3a502ee33ec6491d715fd9909e7c89542b84fc2f8f4",
        "sha256_in_prefix": "71af20890af7d3959be6b3a502ee33ec6491d715fd9909e7c89542b84fc2f8f4",
        "size_in_bytes": 58167
      },
      {
        "_path": "Lib/site-packages/soupsieve/css_parser.py",
        "path_type": "hardlink",
        "sha256": "0b12e199376b8be16ef0023d26d116eae0a5d87a8c076889beb6f0f24263641b",
        "sha256_in_prefix": "0b12e199376b8be16ef0023d26d116eae0a5d87a8c076889beb6f0f24263641b",
        "size_in_bytes": 47907
      },
      {
        "_path": "Lib/site-packages/soupsieve/css_types.py",
        "path_type": "hardlink",
        "sha256": "ecf60d30944e471258067efb4baa3b32c0bd9cf8f59487d76fe6f90c1cc84a4f",
        "sha256_in_prefix": "ecf60d30944e471258067efb4baa3b32c0bd9cf8f59487d76fe6f90c1cc84a4f",
        "size_in_bytes": 10479
      },
      {
        "_path": "Lib/site-packages/soupsieve/pretty.py",
        "path_type": "hardlink",
        "sha256": "656d4bd3d0627a900d934a83a5495433e1396ce18f880f9bd74d26164d4bf1c8",
        "sha256_in_prefix": "656d4bd3d0627a900d934a83a5495433e1396ce18f880f9bd74d26164d4bf1c8",
        "size_in_bytes": 4018
      },
      {
        "_path": "Lib/site-packages/soupsieve/py.typed",
        "path_type": "hardlink",
        "sha256": "e3b0c44298fc1c149afbf4c8996fb92427ae41e4649b934ca495991b7852b855",
        "sha256_in_prefix": "e3b0c44298fc1c149afbf4c8996fb92427ae41e4649b934ca495991b7852b855",
        "size_in_bytes": 0
      },
      {
        "_path": "Lib/site-packages/soupsieve/util.py",
        "path_type": "hardlink",
        "sha256": "3742c2f84eb0ff819701411b001e717a53a869bed520df885ec9014e841bc71e",
        "sha256_in_prefix": "3742c2f84eb0ff819701411b001e717a53a869bed520df885ec9014e841bc71e",
        "size_in_bytes": 3371
      }
    ],
    "paths_version": 1
  },
  "requested_spec": "None",
  "sha256": "85625604686aba4c1b34419ad7e7b25bea1a48160e3c7d538f09c7eb9318be00",
  "size": 67578,
  "subdir": "win-64",
  "timestamp": 1666296506447,
  "track_features": "",
  "url": "https://repo.anaconda.com/pkgs/main/win-64/soupsieve-2.3.2.post1-py37haa95532_0.conda",
  "version": "2.3.2.post1"
}