{
  "build": "h2bbff1b_0",
  "build_number": 0,
  "channel": "https://repo.anaconda.com/pkgs/main/win-64",
  "constrains": [],
  "depends": [
    "vc >=14.1,<15.0a0",
    "vs2015_runtime >=14.16.27012,<15.0a0"
  ],
  "extracted_package_dir": "D:\\Users\\Ravi\\miniconda3\\pkgs\\sqlite-3.40.0-h2bbff1b_0",
  "features": "",
  "files": [
    "Library/bin/sqlite3.dll",
    "Library/bin/sqlite3.exe",
    "Library/include/sqlite3.h",
    "Library/include/sqlite3ext.h",
    "Library/lib/sqlite3.lib",
    ".nonadmin"
  ],
  "fn": "sqlite-3.40.0-h2bbff1b_0.conda",
  "legacy_bz2_md5": "befb67213d17c1ea33b06a2c202551f0",
  "license": "blessing",
  "license_family": "Other",
  "link": {
    "source": "D:\\Users\\Ravi\\miniconda3\\pkgs\\sqlite-3.40.0-h2bbff1b_0",
    "type": 1
  },
  "md5": "0dbcc7f2175e0cee59218487d619599f",
  "name": "sqlite",
  "package_tarball_full_path": "D:\\Users\\Ravi\\miniconda3\\pkgs\\sqlite-3.40.0-h2bbff1b_0.conda",
  "paths_data": {
    "paths": [
      {
        "_path": "Library/bin/sqlite3.dll",
        "path_type": "hardlink",
        "sha256": "1759519f5f4c905af80a12d86cd78b7da54686f2028a9d4372592086a3194ad5",
        "sha256_in_prefix": "1759519f5f4c905af80a12d86cd78b7da54686f2028a9d4372592086a3194ad5",
        "size_in_bytes": 1465856
      },
      {
        "_path": "Library/bin/sqlite3.exe",
        "path_type": "hardlink",
        "sha256": "6a76e3542723a5cb9e8b0bc106a74c381df4ebd2a9dcee62665b3415cae3f7a6",
        "sha256_in_prefix": "6a76e3542723a5cb9e8b0bc106a74c381df4ebd2a9dcee62665b3415cae3f7a6",
        "size_in_bytes": 1829888
      },
      {
        "_path": "Library/include/sqlite3.h",
        "path_type": "hardlink",
        "sha256": "e5c131aa547b8ef779d615f5e09f05323bb1b03ee251ff4c7a82beaa866a13b4",
        "sha256_in_prefix": "e5c131aa547b8ef779d615f5e09f05323bb1b03ee251ff4c7a82beaa866a13b4",
        "size_in_bytes": 616139
      },
      {
        "_path": "Library/include/sqlite3ext.h",
        "path_type": "hardlink",
        "sha256": "9caf6631f26c5464e90ade7ba54397febeea2c8bbc7c23fa8a890753bf55ea2a",
        "sha256_in_prefix": "9caf6631f26c5464e90ade7ba54397febeea2c8bbc7c23fa8a890753bf55ea2a",
        "size_in_bytes": 37494
      },
      {
        "_path": "Library/lib/sqlite3.lib",
        "path_type": "hardlink",
        "sha256": "83b66d469bc56258ef9eb7ace19d1f382c36cd32b0f57b0699ae4b2824ca62a0",
        "sha256_in_prefix": "83b66d469bc56258ef9eb7ace19d1f382c36cd32b0f57b0699ae4b2824ca62a0",
        "size_in_bytes": 66758
      }
    ],
    "paths_version": 1
  },
  "requested_spec": "None",
  "sha256": "66dc806320864e5b71d5c7abb370a74da1586764c675515a83db97c4409f51ab",
  "size": 912665,
  "subdir": "win-64",
  "timestamp": 1669138341647,
  "track_features": "",
  "url": "https://repo.anaconda.com/pkgs/main/win-64/sqlite-3.40.0-h2bbff1b_0.conda",
  "version": "3.40.0"
}