{
  "build": "pyhd3eb1b0_0",
  "build_number": 0,
  "channel": "https://repo.anaconda.com/pkgs/main/noarch",
  "constrains": [],
  "depends": [
    "python >=2.7"
  ],
  "extracted_package_dir": "D:\\Users\\Ravi\\miniconda3\\pkgs\\toml-0.10.2-pyhd3eb1b0_0",
  "features": "",
  "files": [
    "Lib/site-packages/toml-0.10.2.dist-info/INSTALLER",
    "Lib/site-packages/toml-0.10.2.dist-info/LICENSE",
    "Lib/site-packages/toml-0.10.2.dist-info/METADATA",
    "Lib/site-packages/toml-0.10.2.dist-info/RECORD",
    "Lib/site-packages/toml-0.10.2.dist-info/REQUESTED",
    "Lib/site-packages/toml-0.10.2.dist-info/WHEEL",
    "Lib/site-packages/toml-0.10.2.dist-info/direct_url.json",
    "Lib/site-packages/toml-0.10.2.dist-info/top_level.txt",
    "Lib/site-packages/toml/__init__.py",
    "Lib/site-packages/toml/decoder.py",
    "Lib/site-packages/toml/encoder.py",
    "Lib/site-packages/toml/ordered.py",
    "Lib/site-packages/toml/tz.py",
    ".nonadmin",
    "Lib/site-packages/toml/__pycache__/__init__.cpython-37.pyc",
    "Lib/site-packages/toml/__pycache__/decoder.cpython-37.pyc",
    "Lib/site-packages/toml/__pycache__/encoder.cpython-37.pyc",
    "Lib/site-packages/toml/__pycache__/ordered.cpython-37.pyc",
    "Lib/site-packages/toml/__pycache__/tz.cpython-37.pyc"
  ],
  "fn": "toml-0.10.2-pyhd3eb1b0_0.conda",
  "legacy_bz2_md5": "c879bdd2c6714030b3b0f7aea4e84f0d",
  "license": "MIT",
  "license_family": "MIT",
  "link": {
    "source": "D:\\Users\\Ravi\\miniconda3\\pkgs\\toml-0.10.2-pyhd3eb1b0_0",
    "type": 1
  },
  "md5": "cda05f5f6d8509529d1a2743288d197a",
  "name": "toml",
  "noarch": "python",
  "package_tarball_full_path": "D:\\Users\\Ravi\\miniconda3\\pkgs\\toml-0.10.2-pyhd3eb1b0_0.conda",
  "package_type": "noarch_python",
  "paths_data": {
    "paths": [
      {
        "_path": "site-packages/toml-0.10.2.dist-info/INSTALLER",
        "path_type": "hardlink",
        "sha256": "d0edee15f91b406f3f99726e44eb990be6e34fd0345b52b910c568e0eef6a2a8",
        "sha256_in_prefix": "d0edee15f91b406f3f99726e44eb990be6e34fd0345b52b910c568e0eef6a2a8",
        "size_in_bytes": 5
      },
      {
        "_path": "site-packages/toml-0.10.2.dist-info/LICENSE",
        "path_type": "hardlink",
        "sha256": "2d9294823df6c89357c8be4927fce79361d6561e5ee7532d5926e63939aaa536",
        "sha256_in_prefix": "2d9294823df6c89357c8be4927fce79361d6561e5ee7532d5926e63939aaa536",
        "size_in_bytes": 1252
      },
      {
        "_path": "site-packages/toml-0.10.2.dist-info/METADATA",
        "path_type": "hardlink",
        "sha256": "9ff624b29bc48a177f4172c8659e74595485cf7ad9fe4ee340ff8e535594a566",
        "sha256_in_prefix": "9ff624b29bc48a177f4172c8659e74595485cf7ad9fe4ee340ff8e535594a566",
        "size_in_bytes": 7142
      },
      {
        "_path": "site-packages/toml-0.10.2.dist-info/RECORD",
        "path_type": "hardlink",
        "sha256": "960b6da5c0e4012e50ddeb87f124cacb12ae0862c02a65f7d0da2e58ca8648f6",
        "sha256_in_prefix": "960b6da5c0e4012e50ddeb87f124cacb12ae0862c02a65f7d0da2e58ca8648f6",
        "size_in_bytes": 1216
      },
      {
        "_path": "site-packages/toml-0.10.2.dist-info/REQUESTED",
        "path_type": "hardlink",
        "sha256": "e3b0c44298fc1c149afbf4c8996fb92427ae41e4649b934ca495991b7852b855",
        "sha256_in_prefix": "e3b0c44298fc1c149afbf4c8996fb92427ae41e4649b934ca495991b7852b855",
        "size_in_bytes": 0
      },
      {
        "_path": "site-packages/toml-0.10.2.dist-info/WHEEL",
        "path_type": "hardlink",
        "sha256": "67e9f2629c2b712ab17ddbb1e4c6e7fc3439db988fec9d831b72601af398c934",
        "sha256_in_prefix": "67e9f2629c2b712ab17ddbb1e4c6e7fc3439db988fec9d831b72601af398c934",
        "size_in_bytes": 110
      },
      {
        "_path": "site-packages/toml-0.10.2.dist-info/direct_url.json",
        "path_type": "hardlink",
        "sha256": "114de598bafb4d6f7e2ded99cd03a8ac4f3eed43e6947a83501eb4472e9e530d",
        "sha256_in_prefix": "114de598bafb4d6f7e2ded99cd03a8ac4f3eed43e6947a83501eb4472e9e530d",
        "size_in_bytes": 77
      },
      {
        "_path": "site-packages/toml-0.10.2.dist-info/top_level.txt",
        "path_type": "hardlink",
        "sha256": "d813bc651367bc95a05f2890bfae8b05bfeff3ba81cdca14b4405e7c0ef93ae9",
        "sha256_in_prefix": "d813bc651367bc95a05f2890bfae8b05bfeff3ba81cdca14b4405e7c0ef93ae9",
        "size_in_bytes": 5
      },
      {
        "_path": "site-packages/toml/__init__.py",
        "path_type": "hardlink",
        "sha256": "02ede4a82c0a0f47236dfe322463a9505c29b18d161ec0b56511af5a020a9a97",
        "sha256_in_prefix": "02ede4a82c0a0f47236dfe322463a9505c29b18d161ec0b56511af5a020a9a97",
        "size_in_bytes": 723
      },
      {
        "_path": "site-packages/toml/decoder.py",
        "path_type": "hardlink",
        "sha256": "8521932dffb65810d9fdd768087585cba37ae3b5f2312875a37acdda8e1d1058",
        "sha256_in_prefix": "8521932dffb65810d9fdd768087585cba37ae3b5f2312875a37acdda8e1d1058",
        "size_in_bytes": 38942
      },
      {
        "_path": "site-packages/toml/encoder.py",
        "path_type": "hardlink",
        "sha256": "5e305cf1acafbe5b0bc9dfea0c0e2d3160cd98c1514b80e9c2db8349606aef3a",
        "sha256_in_prefix": "5e305cf1acafbe5b0bc9dfea0c0e2d3160cd98c1514b80e9c2db8349606aef3a",
        "size_in_bytes": 9940
      },
      {
        "_path": "site-packages/toml/ordered.py",
        "path_type": "hardlink",
        "sha256": "9b3d37959995d1b99cf65b1844850eba3ec3b2ee4fb70abe52d195ab915d559e",
        "sha256_in_prefix": "9b3d37959995d1b99cf65b1844850eba3ec3b2ee4fb70abe52d195ab915d559e",
        "size_in_bytes": 354
      },
      {
        "_path": "site-packages/toml/tz.py",
        "path_type": "hardlink",
        "sha256": "fb9be0f30920fdab67562d939c4bde7b121513b4ff171055afffb65957ced680",
        "sha256_in_prefix": "fb9be0f30920fdab67562d939c4bde7b121513b4ff171055afffb65957ced680",
        "size_in_bytes": 701
      },
      {
        "_path": "Lib/site-packages/toml/__pycache__/__init__.cpython-37.pyc",
        "path_type": "pyc_file"
      },
      {
        "_path": "Lib/site-packages/toml/__pycache__/decoder.cpython-37.pyc",
        "path_type": "pyc_file"
      },
      {
        "_path": "Lib/site-packages/toml/__pycache__/encoder.cpython-37.pyc",
        "path_type": "pyc_file"
      },
      {
        "_path": "Lib/site-packages/toml/__pycache__/ordered.cpython-37.pyc",
        "path_type": "pyc_file"
      },
      {
        "_path": "Lib/site-packages/toml/__pycache__/tz.cpython-37.pyc",
        "path_type": "pyc_file"
      }
    ],
    "paths_version": 1
  },
  "requested_spec": "None",
  "sha256": "c50b132439b0260e4b43649ce30171a4792e186c6f3d657e5936578d4ee3fc56",
  "size": 20302,
  "subdir": "noarch",
  "timestamp": 1616166645426,
  "track_features": "",
  "url": "https://repo.anaconda.com/pkgs/main/noarch/toml-0.10.2-pyhd3eb1b0_0.conda",
  "version": "0.10.2"
}