{
  "build": "py37haa95532_0",
  "build_number": 0,
  "channel": "https://repo.anaconda.com/pkgs/main/win-64",
  "constrains": [],
  "depends": [
    "colorama",
    "python >=3.7,<3.8.0a0"
  ],
  "extracted_package_dir": "D:\\Users\\Ravi\\miniconda3\\pkgs\\tqdm-4.64.1-py37haa95532_0",
  "features": "",
  "files": [
    "Lib/site-packages/tqdm-4.64.1.dist-info/INSTALLER",
    "Lib/site-packages/tqdm-4.64.1.dist-info/LICENCE",
    "Lib/site-packages/tqdm-4.64.1.dist-info/METADATA",
    "Lib/site-packages/tqdm-4.64.1.dist-info/RECORD",
    "Lib/site-packages/tqdm-4.64.1.dist-info/REQUESTED",
    "Lib/site-packages/tqdm-4.64.1.dist-info/WHEEL",
    "Lib/site-packages/tqdm-4.64.1.dist-info/direct_url.json",
    "Lib/site-packages/tqdm-4.64.1.dist-info/entry_points.txt",
    "Lib/site-packages/tqdm-4.64.1.dist-info/top_level.txt",
    "Lib/site-packages/tqdm/__init__.py",
    "Lib/site-packages/tqdm/__main__.py",
    "Lib/site-packages/tqdm/__pycache__/__init__.cpython-37.pyc",
    "Lib/site-packages/tqdm/__pycache__/__main__.cpython-37.pyc",
    "Lib/site-packages/tqdm/__pycache__/_dist_ver.cpython-37.pyc",
    "Lib/site-packages/tqdm/__pycache__/_main.cpython-37.pyc",
    "Lib/site-packages/tqdm/__pycache__/_monitor.cpython-37.pyc",
    "Lib/site-packages/tqdm/__pycache__/_tqdm.cpython-37.pyc",
    "Lib/site-packages/tqdm/__pycache__/_tqdm_gui.cpython-37.pyc",
    "Lib/site-packages/tqdm/__pycache__/_tqdm_notebook.cpython-37.pyc",
    "Lib/site-packages/tqdm/__pycache__/_tqdm_pandas.cpython-37.pyc",
    "Lib/site-packages/tqdm/__pycache__/_utils.cpython-37.pyc",
    "Lib/site-packages/tqdm/__pycache__/asyncio.cpython-37.pyc",
    "Lib/site-packages/tqdm/__pycache__/auto.cpython-37.pyc",
    "Lib/site-packages/tqdm/__pycache__/autonotebook.cpython-37.pyc",
    "Lib/site-packages/tqdm/__pycache__/cli.cpython-37.pyc",
    "Lib/site-packages/tqdm/__pycache__/dask.cpython-37.pyc",
    "Lib/site-packages/tqdm/__pycache__/gui.cpython-37.pyc",
    "Lib/site-packages/tqdm/__pycache__/keras.cpython-37.pyc",
    "Lib/site-packages/tqdm/__pycache__/notebook.cpython-37.pyc",
    "Lib/site-packages/tqdm/__pycache__/rich.cpython-37.pyc",
    "Lib/site-packages/tqdm/__pycache__/std.cpython-37.pyc",
    "Lib/site-packages/tqdm/__pycache__/tk.cpython-37.pyc",
    "Lib/site-packages/tqdm/__pycache__/utils.cpython-37.pyc",
    "Lib/site-packages/tqdm/__pycache__/version.cpython-37.pyc",
    "Lib/site-packages/tqdm/_dist_ver.py",
    "Lib/site-packages/tqdm/_main.py",
    "Lib/site-packages/tqdm/_monitor.py",
    "Lib/site-packages/tqdm/_tqdm.py",
    "Lib/site-packages/tqdm/_tqdm_gui.py",
    "Lib/site-packages/tqdm/_tqdm_notebook.py",
    "Lib/site-packages/tqdm/_tqdm_pandas.py",
    "Lib/site-packages/tqdm/_utils.py",
    "Lib/site-packages/tqdm/asyncio.py",
    "Lib/site-packages/tqdm/auto.py",
    "Lib/site-packages/tqdm/autonotebook.py",
    "Lib/site-packages/tqdm/cli.py",
    "Lib/site-packages/tqdm/completion.sh",
    "Lib/site-packages/tqdm/contrib/__init__.py",
    "Lib/site-packages/tqdm/contrib/__pycache__/__init__.cpython-37.pyc",
    "Lib/site-packages/tqdm/contrib/__pycache__/bells.cpython-37.pyc",
    "Lib/site-packages/tqdm/contrib/__pycache__/concurrent.cpython-37.pyc",
    "Lib/site-packages/tqdm/contrib/__pycache__/discord.cpython-37.pyc",
    "Lib/site-packages/tqdm/contrib/__pycache__/itertools.cpython-37.pyc",
    "Lib/site-packages/tqdm/contrib/__pycache__/logging.cpython-37.pyc",
    "Lib/site-packages/tqdm/contrib/__pycache__/slack.cpython-37.pyc",
    "Lib/site-packages/tqdm/contrib/__pycache__/telegram.cpython-37.pyc",
    "Lib/site-packages/tqdm/contrib/__pycache__/utils_worker.cpython-37.pyc",
    "Lib/site-packages/tqdm/contrib/bells.py",
    "Lib/site-packages/tqdm/contrib/concurrent.py",
    "Lib/site-packages/tqdm/contrib/discord.py",
    "Lib/site-packages/tqdm/contrib/itertools.py",
    "Lib/site-packages/tqdm/contrib/logging.py",
    "Lib/site-packages/tqdm/contrib/slack.py",
    "Lib/site-packages/tqdm/contrib/telegram.py",
    "Lib/site-packages/tqdm/contrib/utils_worker.py",
    "Lib/site-packages/tqdm/dask.py",
    "Lib/site-packages/tqdm/gui.py",
    "Lib/site-packages/tqdm/keras.py",
    "Lib/site-packages/tqdm/notebook.py",
    "Lib/site-packages/tqdm/rich.py",
    "Lib/site-packages/tqdm/std.py",
    "Lib/site-packages/tqdm/tk.py",
    "Lib/site-packages/tqdm/tqdm.1",
    "Lib/site-packages/tqdm/utils.py",
    "Lib/site-packages/tqdm/version.py",
    "Scripts/tqdm-script.py",
    "Scripts/tqdm.exe",
    ".nonadmin"
  ],
  "fn": "tqdm-4.64.1-py37haa95532_0.conda",
  "legacy_bz2_md5": "7e3d0c773f18d7a6435ad62a03f65d10",
  "license": "MPL-2.0 AND MIT",
  "license_family": "MOZILLA",
  "link": {
    "source": "D:\\Users\\Ravi\\miniconda3\\pkgs\\tqdm-4.64.1-py37haa95532_0",
    "type": 1
  },
  "md5": "dd64bd05b8bf549d21ccfe39a50c7857",
  "name": "tqdm",
  "package_tarball_full_path": "D:\\Users\\Ravi\\miniconda3\\pkgs\\tqdm-4.64.1-py37haa95532_0.conda",
  "paths_data": {
    "paths": [
      {
        "_path": "Lib/site-packages/tqdm-4.64.1.dist-info/INSTALLER",
        "path_type": "hardlink",
        "sha256": "d0edee15f91b406f3f99726e44eb990be6e34fd0345b52b910c568e0eef6a2a8",
        "sha256_in_prefix": "d0edee15f91b406f3f99726e44eb990be6e34fd0345b52b910c568e0eef6a2a8",
        "size_in_bytes": 5
      },
      {
        "_path": "Lib/site-packages/tqdm-4.64.1.dist-info/LICENCE",
        "path_type": "hardlink",
        "sha256": "a0fc1785a8f2a200a3124d703d49550601b7741ccffc861713c2ddaa07a537dd",
        "sha256_in_prefix": "a0fc1785a8f2a200a3124d703d49550601b7741ccffc861713c2ddaa07a537dd",
        "size_in_bytes": 2006
      },
      {
        "_path": "Lib/site-packages/tqdm-4.64.1.dist-info/METADATA",
        "path_type": "hardlink",
        "sha256": "8ec4d1f32e54e815f5691d1fe7ac0821f4d10f75142c41768147e3aeaa6c0de9",
        "sha256_in_prefix": "8ec4d1f32e54e815f5691d1fe7ac0821f4d10f75142c41768147e3aeaa6c0de9",
        "size_in_bytes": 57320
      },
      {
        "_path": "Lib/site-packages/tqdm-4.64.1.dist-info/RECORD",
        "path_type": "hardlink",
        "sha256": "c5e06035cdeda93d0754605e5995a48787865c751057d4d9fc263091420376cd",
        "sha256_in_prefix": "c5e06035cdeda93d0754605e5995a48787865c751057d4d9fc263091420376cd",
        "size_in_bytes": 4808
      },
      {
        "_path": "Lib/site-packages/tqdm-4.64.1.dist-info/REQUESTED",
        "path_type": "hardlink",
        "sha256": "e3b0c44298fc1c149afbf4c8996fb92427ae41e4649b934ca495991b7852b855",
        "sha256_in_prefix": "e3b0c44298fc1c149afbf4c8996fb92427ae41e4649b934ca495991b7852b855",
        "size_in_bytes": 0
      },
      {
        "_path": "Lib/site-packages/tqdm-4.64.1.dist-info/WHEEL",
        "path_type": "hardlink",
        "sha256": "cfd8f4c406bf26650a3299b3ef62b464600b48cfe7fb04159866e5797c765478",
        "sha256_in_prefix": "cfd8f4c406bf26650a3299b3ef62b464600b48cfe7fb04159866e5797c765478",
        "size_in_bytes": 110
      },
      {
        "_path": "Lib/site-packages/tqdm-4.64.1.dist-info/direct_url.json",
        "path_type": "hardlink",
        "sha256": "ede1db01dbe3dbed23de410b8a88a0a5cf3fb57a333674bfc9de6dbca5fa1d34",
        "sha256_in_prefix": "ede1db01dbe3dbed23de410b8a88a0a5cf3fb57a333674bfc9de6dbca5fa1d34",
        "size_in_bytes": 92
      },
      {
        "_path": "Lib/site-packages/tqdm-4.64.1.dist-info/entry_points.txt",
        "path_type": "hardlink",
        "sha256": "45e2421fb522dd9ca1e8cd7a1383a1b19d6853b5ad31709f6eda3206118edbd6",
        "sha256_in_prefix": "45e2421fb522dd9ca1e8cd7a1383a1b19d6853b5ad31709f6eda3206118edbd6",
        "size_in_bytes": 39
      },
      {
        "_path": "Lib/site-packages/tqdm-4.64.1.dist-info/top_level.txt",
        "path_type": "hardlink",
        "sha256": "34b89424d7e673d02dd79b3b254462c2fa8c123522f46e4f30646b98c6333523",
        "sha256_in_prefix": "34b89424d7e673d02dd79b3b254462c2fa8c123522f46e4f30646b98c6333523",
        "size_in_bytes": 5
      },
      {
        "_path": "Lib/site-packages/tqdm/__init__.py",
        "path_type": "hardlink",
        "sha256": "2e27b31c8a804cadc53a28ffdfae5e31cbb5d543e68a398314aa2097bd9f1e9e",
        "sha256_in_prefix": "2e27b31c8a804cadc53a28ffdfae5e31cbb5d543e68a398314aa2097bd9f1e9e",
        "size_in_bytes": 1639
      },
      {
        "_path": "Lib/site-packages/tqdm/__main__.py",
        "path_type": "hardlink",
        "sha256": "6d8b7d7846a845059d7a3107143f11131f63c5511d669b44085b15ec5e3d2279",
        "sha256_in_prefix": "6d8b7d7846a845059d7a3107143f11131f63c5511d669b44085b15ec5e3d2279",
        "size_in_bytes": 30
      },
      {
        "_path": "Lib/site-packages/tqdm/__pycache__/__init__.cpython-37.pyc",
        "path_type": "hardlink",
        "sha256": "12b267c7edf2ee289a030f3bfa13b46f814aabee9ef671cb99414c4ea9c8dc4f",
        "sha256_in_prefix": "12b267c7edf2ee289a030f3bfa13b46f814aabee9ef671cb99414c4ea9c8dc4f",
        "size_in_bytes": 1575
      },
      {
        "_path": "Lib/site-packages/tqdm/__pycache__/__main__.cpython-37.pyc",
        "path_type": "hardlink",
        "sha256": "34ceb3fc3747da6f3c1113464117744a656c43f30f309cca38da59efd2e9b4df",
        "sha256_in_prefix": "34ceb3fc3747da6f3c1113464117744a656c43f30f309cca38da59efd2e9b4df",
        "size_in_bytes": 161
      },
      {
        "_path": "Lib/site-packages/tqdm/__pycache__/_dist_ver.cpython-37.pyc",
        "path_type": "hardlink",
        "sha256": "09a62042b9c692a4ba7d14d630c2623a318f66a6c370680bb499461bce05b313",
        "sha256_in_prefix": "09a62042b9c692a4ba7d14d630c2623a318f66a6c370680bb499461bce05b313",
        "size_in_bytes": 144
      },
      {
        "_path": "Lib/site-packages/tqdm/__pycache__/_main.cpython-37.pyc",
        "path_type": "hardlink",
        "sha256": "109b4b1ae5574970d4d35f62c57f62a9f90318183d2cb082e98c3253acf29d23",
        "sha256_in_prefix": "109b4b1ae5574970d4d35f62c57f62a9f90318183d2cb082e98c3253acf29d23",
        "size_in_bytes": 393
      },
      {
        "_path": "Lib/site-packages/tqdm/__pycache__/_monitor.cpython-37.pyc",
        "path_type": "hardlink",
        "sha256": "52c5edc84c7f30935bf595b83ecb9e003f1d548a49eafb62752051c502b739b3",
        "sha256_in_prefix": "52c5edc84c7f30935bf595b83ecb9e003f1d548a49eafb62752051c502b739b3",
        "size_in_bytes": 2688
      },
      {
        "_path": "Lib/site-packages/tqdm/__pycache__/_tqdm.cpython-37.pyc",
        "path_type": "hardlink",
        "sha256": "3d8d2f6081ddfd22facea4dfb593147da99d670df82ab98dfe1c412ab5d5b3e0",
        "sha256_in_prefix": "3d8d2f6081ddfd22facea4dfb593147da99d670df82ab98dfe1c412ab5d5b3e0",
        "size_in_bytes": 388
      },
      {
        "_path": "Lib/site-packages/tqdm/__pycache__/_tqdm_gui.cpython-37.pyc",
        "path_type": "hardlink",
        "sha256": "5204d505107d4a4882fa2d44fda6ae5581d365b19ae504793b2ce92cb95c79fa",
        "sha256_in_prefix": "5204d505107d4a4882fa2d44fda6ae5581d365b19ae504793b2ce92cb95c79fa",
        "size_in_bytes": 401
      },
      {
        "_path": "Lib/site-packages/tqdm/__pycache__/_tqdm_notebook.cpython-37.pyc",
        "path_type": "hardlink",
        "sha256": "cc33fe20df0c86c7a2fff134857a898cbaaab426987652a13c026764aeb890fe",
        "sha256_in_prefix": "cc33fe20df0c86c7a2fff134857a898cbaaab426987652a13c026764aeb890fe",
        "size_in_bytes": 421
      },
      {
        "_path": "Lib/site-packages/tqdm/__pycache__/_tqdm_pandas.cpython-37.pyc",
        "path_type": "hardlink",
        "sha256": "3d3d2cb474451c4725f62d5230c7a47478281fdccc4a347abf0c0b8973fb4c3a",
        "sha256_in_prefix": "3d3d2cb474451c4725f62d5230c7a47478281fdccc4a347abf0c0b8973fb4c3a",
        "size_in_bytes": 890
      },
      {
        "_path": "Lib/site-packages/tqdm/__pycache__/_utils.cpython-37.pyc",
        "path_type": "hardlink",
        "sha256": "0161a02cd43873b1b0e1e303acd16d0333f2e2d765f29e1d789d217cc7811f4a",
        "sha256_in_prefix": "0161a02cd43873b1b0e1e303acd16d0333f2e2d765f29e1d789d217cc7811f4a",
        "size_in_bytes": 849
      },
      {
        "_path": "Lib/site-packages/tqdm/__pycache__/asyncio.cpython-37.pyc",
        "path_type": "hardlink",
        "sha256": "d3922acdc894db4aec22ee7eb26d7abdaa447e338e74a58d3629d3c9d6220814",
        "sha256_in_prefix": "d3922acdc894db4aec22ee7eb26d7abdaa447e338e74a58d3629d3c9d6220814",
        "size_in_bytes": 3242
      },
      {
        "_path": "Lib/site-packages/tqdm/__pycache__/auto.cpython-37.pyc",
        "path_type": "hardlink",
        "sha256": "fdf14908de30b4214dceaadd5ae41cc33fc573572e659be11403ef2b947571bb",
        "sha256_in_prefix": "fdf14908de30b4214dceaadd5ae41cc33fc573572e659be11403ef2b947571bb",
        "size_in_bytes": 1173
      },
      {
        "_path": "Lib/site-packages/tqdm/__pycache__/autonotebook.cpython-37.pyc",
        "path_type": "hardlink",
        "sha256": "b8305f6d89fdb42d816b2965e44454ed1b12560ad039ac16b6b950f95948a652",
        "sha256_in_prefix": "b8305f6d89fdb42d816b2965e44454ed1b12560ad039ac16b6b950f95948a652",
        "size_in_bytes": 953
      },
      {
        "_path": "Lib/site-packages/tqdm/__pycache__/cli.cpython-37.pyc",
        "path_type": "hardlink",
        "sha256": "cf11f97b544d5aceda356e6e4293e50981055b76fa2df83c06b651a940b6b1d9",
        "sha256_in_prefix": "cf11f97b544d5aceda356e6e4293e50981055b76fa2df83c06b651a940b6b1d9",
        "size_in_bytes": 9045
      },
      {
        "_path": "Lib/site-packages/tqdm/__pycache__/dask.cpython-37.pyc",
        "path_type": "hardlink",
        "sha256": "29761816a7312dea2e29adfe53cc8a9480d8238a3bb48b1bbeda2f5a1e06b872",
        "sha256_in_prefix": "29761816a7312dea2e29adfe53cc8a9480d8238a3bb48b1bbeda2f5a1e06b872",
        "size_in_bytes": 2055
      },
      {
        "_path": "Lib/site-packages/tqdm/__pycache__/gui.cpython-37.pyc",
        "path_type": "hardlink",
        "sha256": "036a21a154326e7d629c6a5b613c0ebdd59d0bfa3090a9a2b77ec04ee76d7e59",
        "sha256_in_prefix": "036a21a154326e7d629c6a5b613c0ebdd59d0bfa3090a9a2b77ec04ee76d7e59",
        "size_in_bytes": 4611
      },
      {
        "_path": "Lib/site-packages/tqdm/__pycache__/keras.cpython-37.pyc",
        "path_type": "hardlink",
        "sha256": "5fa79e756fabd243e4a4cf5ca8c55f59a1323f90535527301610017a3217c5fb",
        "sha256_in_prefix": "5fa79e756fabd243e4a4cf5ca8c55f59a1323f90535527301610017a3217c5fb",
        "size_in_bytes": 4887
      },
      {
        "_path": "Lib/site-packages/tqdm/__pycache__/notebook.cpython-37.pyc",
        "path_type": "hardlink",
        "sha256": "9bddb9ccfe3476956022db34b180a759a0a4b6e1fd652b197d226fbef9db8bf7",
        "sha256_in_prefix": "9bddb9ccfe3476956022db34b180a759a0a4b6e1fd652b197d226fbef9db8bf7",
        "size_in_bytes": 7464
      },
      {
        "_path": "Lib/site-packages/tqdm/__pycache__/rich.cpython-37.pyc",
        "path_type": "hardlink",
        "sha256": "23fc6c334ab8f99a13c8f6bbbd7a374d9ce0c87382d67371ed527016154c24a3",
        "sha256_in_prefix": "23fc6c334ab8f99a13c8f6bbbd7a374d9ce0c87382d67371ed527016154c24a3",
        "size_in_bytes": 5180
      },
      {
        "_path": "Lib/site-packages/tqdm/__pycache__/std.cpython-37.pyc",
        "path_type": "hardlink",
        "sha256": "a522baf0ec6080228b8dfd06519ecdd1891a0ee18c37454a57772d3f4976414b",
        "sha256_in_prefix": "a522baf0ec6080228b8dfd06519ecdd1891a0ee18c37454a57772d3f4976414b",
        "size_in_bytes": 45353
      },
      {
        "_path": "Lib/site-packages/tqdm/__pycache__/tk.cpython-37.pyc",
        "path_type": "hardlink",
        "sha256": "a3ab9d59d10aaaac92d59cf077d523b457423913721dcb1ebf5395328da78f3f",
        "sha256_in_prefix": "a3ab9d59d10aaaac92d59cf077d523b457423913721dcb1ebf5395328da78f3f",
        "size_in_bytes": 6239
      },
      {
        "_path": "Lib/site-packages/tqdm/__pycache__/utils.cpython-37.pyc",
        "path_type": "hardlink",
        "sha256": "714ff59cb4c4fbc1480ab0e1081ba2fd0d17c3a2eabe0b50c82be5800d613148",
        "sha256_in_prefix": "714ff59cb4c4fbc1480ab0e1081ba2fd0d17c3a2eabe0b50c82be5800d613148",
        "size_in_bytes": 11640
      },
      {
        "_path": "Lib/site-packages/tqdm/__pycache__/version.cpython-37.pyc",
        "path_type": "hardlink",
        "sha256": "03549ed30ac94b968d2bb076bbd67c773fc7652bbb800d7258e56bae0cd83b50",
        "sha256_in_prefix": "03549ed30ac94b968d2bb076bbd67c773fc7652bbb800d7258e56bae0cd83b50",
        "size_in_bytes": 459
      },
      {
        "_path": "Lib/site-packages/tqdm/_dist_ver.py",
        "path_type": "hardlink",
        "sha256": "e3be72f4c36b2e508673a2684845eab1e0f7b3919744ee512deb1888e60932c7",
        "sha256_in_prefix": "e3be72f4c36b2e508673a2684845eab1e0f7b3919744ee512deb1888e60932c7",
        "size_in_bytes": 24
      },
      {
        "_path": "Lib/site-packages/tqdm/_main.py",
        "path_type": "hardlink",
        "sha256": "f724af8268bfd92c38080a395035b44367717d3af26e8116187a217c2273d2c0",
        "sha256_in_prefix": "f724af8268bfd92c38080a395035b44367717d3af26e8116187a217c2273d2c0",
        "size_in_bytes": 283
      },
      {
        "_path": "Lib/site-packages/tqdm/_monitor.py",
        "path_type": "hardlink",
        "sha256": "524bbe0cf5a0cc9edd3b908ad3cc4a24af84fc5eaa43e241de4b2e5dccd2611d",
        "sha256_in_prefix": "524bbe0cf5a0cc9edd3b908ad3cc4a24af84fc5eaa43e241de4b2e5dccd2611d",
        "size_in_bytes": 3699
      },
      {
        "_path": "Lib/site-packages/tqdm/_tqdm.py",
        "path_type": "hardlink",
        "sha256": "2df2c2b89e9ba6c568f718a59ad057c849b5bc69d4085ae5896f398f727e9c3e",
        "sha256_in_prefix": "2df2c2b89e9ba6c568f718a59ad057c849b5bc69d4085ae5896f398f727e9c3e",
        "size_in_bytes": 283
      },
      {
        "_path": "Lib/site-packages/tqdm/_tqdm_gui.py",
        "path_type": "hardlink",
        "sha256": "d371dcf0a6b2c49bde89e239fb4fb6346883a4bbf0f6365e9287c9515ec20b09",
        "sha256_in_prefix": "d371dcf0a6b2c49bde89e239fb4fb6346883a4bbf0f6365e9287c9515ec20b09",
        "size_in_bytes": 287
      },
      {
        "_path": "Lib/site-packages/tqdm/_tqdm_notebook.py",
        "path_type": "hardlink",
        "sha256": "06e1e22eec6eeae11f64568f256dd13e93dac5a55cb44400de47522520cbd61c",
        "sha256_in_prefix": "06e1e22eec6eeae11f64568f256dd13e93dac5a55cb44400de47522520cbd61c",
        "size_in_bytes": 307
      },
      {
        "_path": "Lib/site-packages/tqdm/_tqdm_pandas.py",
        "path_type": "hardlink",
        "sha256": "73d8e9b5482280de9ac510e145de1189ff7c4e6c5ea297359c5345848a5b1541",
        "sha256_in_prefix": "73d8e9b5482280de9ac510e145de1189ff7c4e6c5ea297359c5345848a5b1541",
        "size_in_bytes": 888
      },
      {
        "_path": "Lib/site-packages/tqdm/_utils.py",
        "path_type": "hardlink",
        "sha256": "608c23d19250a275e061ad87680dd4fe968fe3139726a8f465630f79949fe8fc",
        "sha256_in_prefix": "608c23d19250a275e061ad87680dd4fe968fe3139726a8f465630f79949fe8fc",
        "size_in_bytes": 596
      },
      {
        "_path": "Lib/site-packages/tqdm/asyncio.py",
        "path_type": "hardlink",
        "sha256": "ec2593db5e74b8cbf25d2303925f4fbc6f46fc7adf395637dab59b78fd9bc356",
        "sha256_in_prefix": "ec2593db5e74b8cbf25d2303925f4fbc6f46fc7adf395637dab59b78fd9bc356",
        "size_in_bytes": 2789
      },
      {
        "_path": "Lib/site-packages/tqdm/auto.py",
        "path_type": "hardlink",
        "sha256": "3fffdd21f925546a9c45dcd5e2aebc48e05584b1def505a7ac2937209200f9f3",
        "sha256_in_prefix": "3fffdd21f925546a9c45dcd5e2aebc48e05584b1def505a7ac2937209200f9f3",
        "size_in_bytes": 1106
      },
      {
        "_path": "Lib/site-packages/tqdm/autonotebook.py",
        "path_type": "hardlink",
        "sha256": "61bf45e6e6a204f85f6c30c5a5bb681bc236614c37b9027cf6b5032db7d1eb0b",
        "sha256_in_prefix": "61bf45e6e6a204f85f6c30c5a5bb681bc236614c37b9027cf6b5032db7d1eb0b",
        "size_in_bytes": 956
      },
      {
        "_path": "Lib/site-packages/tqdm/cli.py",
        "path_type": "hardlink",
        "sha256": "8780ef643059d9994036d9518b69976e5afcca311ef6250694ea997395cf9637",
        "sha256_in_prefix": "8780ef643059d9994036d9518b69976e5afcca311ef6250694ea997395cf9637",
        "size_in_bytes": 10871
      },
      {
        "_path": "Lib/site-packages/tqdm/completion.sh",
        "path_type": "hardlink",
        "sha256": "8fbf4a6d29a9223fc4d758df4df057ac69d44f3297569435bc6550becc83465e",
        "sha256_in_prefix": "8fbf4a6d29a9223fc4d758df4df057ac69d44f3297569435bc6550becc83465e",
        "size_in_bytes": 946
      },
      {
        "_path": "Lib/site-packages/tqdm/contrib/__init__.py",
        "path_type": "hardlink",
        "sha256": "8298817ae581d4e69aa06170892f86fcda1dbfc7cb3d9ff15716c434bd0460be",
        "sha256_in_prefix": "8298817ae581d4e69aa06170892f86fcda1dbfc7cb3d9ff15716c434bd0460be",
        "size_in_bytes": 2604
      },
      {
        "_path": "Lib/site-packages/tqdm/contrib/__pycache__/__init__.cpython-37.pyc",
        "path_type": "hardlink",
        "sha256": "75640aaa5fec51cfec9ca882cf1c37a6c76b8e423c6d5eac8d947d90138f7379",
        "sha256_in_prefix": "75640aaa5fec51cfec9ca882cf1c37a6c76b8e423c6d5eac8d947d90138f7379",
        "size_in_bytes": 3020
      },
      {
        "_path": "Lib/site-packages/tqdm/contrib/__pycache__/bells.cpython-37.pyc",
        "path_type": "hardlink",
        "sha256": "84eeaa920109610cb27b13370c1e5004b2aa1c2cb13dc5480583c0408123ab4c",
        "sha256_in_prefix": "84eeaa920109610cb27b13370c1e5004b2aa1c2cb13dc5480583c0408123ab4c",
        "size_in_bytes": 963
      },
      {
        "_path": "Lib/site-packages/tqdm/contrib/__pycache__/concurrent.cpython-37.pyc",
        "path_type": "hardlink",
        "sha256": "98ddc8cd33c42fe884eac5a2faa884338f94966d9b1b3b7e3be3a08d3687a913",
        "sha256_in_prefix": "98ddc8cd33c42fe884eac5a2faa884338f94966d9b1b3b7e3be3a08d3687a913",
        "size_in_bytes": 4153
      },
      {
        "_path": "Lib/site-packages/tqdm/contrib/__pycache__/discord.cpython-37.pyc",
        "path_type": "hardlink",
        "sha256": "a84d847097b30d9a5fc7553cab2a3237d892a2d517bb2f8ed2f883929e79a01b",
        "sha256_in_prefix": "a84d847097b30d9a5fc7553cab2a3237d892a2d517bb2f8ed2f883929e79a01b",
        "size_in_bytes": 4353
      },
      {
        "_path": "Lib/site-packages/tqdm/contrib/__pycache__/itertools.cpython-37.pyc",
        "path_type": "hardlink",
        "sha256": "32f086d0b476f49b2e6bd4488fdbb5a5d1bccf17c96080d39c9b2030ea981d95",
        "sha256_in_prefix": "32f086d0b476f49b2e6bd4488fdbb5a5d1bccf17c96080d39c9b2030ea981d95",
        "size_in_bytes": 926
      },
      {
        "_path": "Lib/site-packages/tqdm/contrib/__pycache__/logging.cpython-37.pyc",
        "path_type": "hardlink",
        "sha256": "5c6fcd1b5780da65e710aa71ab247d45234307d3856f316bb57f54f22c2f40c8",
        "sha256_in_prefix": "5c6fcd1b5780da65e710aa71ab247d45234307d3856f316bb57f54f22c2f40c8",
        "size_in_bytes": 3753
      },
      {
        "_path": "Lib/site-packages/tqdm/contrib/__pycache__/slack.cpython-37.pyc",
        "path_type": "hardlink",
        "sha256": "f6143f772a5fcf011c3b2630cbf182812be08b5aad8c1d9710aa740d241f4e68",
        "sha256_in_prefix": "f6143f772a5fcf011c3b2630cbf182812be08b5aad8c1d9710aa740d241f4e68",
        "size_in_bytes": 4389
      },
      {
        "_path": "Lib/site-packages/tqdm/contrib/__pycache__/telegram.cpython-37.pyc",
        "path_type": "hardlink",
        "sha256": "17c8cf71a0c273d5b426b47bc555cb5972dc3890a6d875c49d4ed235f414b6f1",
        "sha256_in_prefix": "17c8cf71a0c273d5b426b47bc555cb5972dc3890a6d875c49d4ed235f414b6f1",
        "size_in_bytes": 5310
      },
      {
        "_path": "Lib/site-packages/tqdm/contrib/__pycache__/utils_worker.cpython-37.pyc",
        "path_type": "hardlink",
        "sha256": "db01766dbd6b3cb6bc84c524b741f3d14777e67383af3513f8a88317cc79ef39",
        "sha256_in_prefix": "db01766dbd6b3cb6bc84c524b741f3d14777e67383af3513f8a88317cc79ef39",
        "size_in_bytes": 1461
      },
      {
        "_path": "Lib/site-packages/tqdm/contrib/bells.py",
        "path_type": "hardlink",
        "sha256": "631d47a860a61eb1120803bbd348f9c04fff24295e34e0c9c5e761d628cf2c3d",
        "sha256_in_prefix": "631d47a860a61eb1120803bbd348f9c04fff24295e34e0c9c5e761d628cf2c3d",
        "size_in_bytes": 837
      },
      {
        "_path": "Lib/site-packages/tqdm/contrib/concurrent.py",
        "path_type": "hardlink",
        "sha256": "6261c91bf8d4614b20d8d47578086cae5e97fbf05fce500db56df62213664530",
        "sha256_in_prefix": "6261c91bf8d4614b20d8d47578086cae5e97fbf05fce500db56df62213664530",
        "size_in_bytes": 4644
      },
      {
        "_path": "Lib/site-packages/tqdm/contrib/discord.py",
        "path_type": "hardlink",
        "sha256": "55b9a25f9fa2a03d8baaad17b4ef6ac748714ad5a89156a247897f6bd428cf3c",
        "sha256_in_prefix": "55b9a25f9fa2a03d8baaad17b4ef6ac748714ad5a89156a247897f6bd428cf3c",
        "size_in_bytes": 4090
      },
      {
        "_path": "Lib/site-packages/tqdm/contrib/itertools.py",
        "path_type": "hardlink",
        "sha256": "3d6dd691d60a3fe6950ab95c39f1f9de2e0803947b1bcae3109769e8217920ef",
        "sha256_in_prefix": "3d6dd691d60a3fe6950ab95c39f1f9de2e0803947b1bcae3109769e8217920ef",
        "size_in_bytes": 814
      },
      {
        "_path": "Lib/site-packages/tqdm/contrib/logging.py",
        "path_type": "hardlink",
        "sha256": "178a4413699179c34aa19366ee3216af69cc79e96fa20bd9f1aa29a3f8ab2b8e",
        "sha256_in_prefix": "178a4413699179c34aa19366ee3216af69cc79e96fa20bd9f1aa29a3f8ab2b8e",
        "size_in_bytes": 3844
      },
      {
        "_path": "Lib/site-packages/tqdm/contrib/slack.py",
        "path_type": "hardlink",
        "sha256": "0906ae49464fe4fc8a3ab5ea5341cde5739033d135a54e8d815d4155a19d5742",
        "sha256_in_prefix": "0906ae49464fe4fc8a3ab5ea5341cde5739033d135a54e8d815d4155a19d5742",
        "size_in_bytes": 4196
      },
      {
        "_path": "Lib/site-packages/tqdm/contrib/telegram.py",
        "path_type": "hardlink",
        "sha256": "e52e882193230e0eeb71dc4968619cbd3442dfb0e71dfd2bdfa6a18defc9cb24",
        "sha256_in_prefix": "e52e882193230e0eeb71dc4968619cbd3442dfb0e71dfd2bdfa6a18defc9cb24",
        "size_in_bytes": 5228
      },
      {
        "_path": "Lib/site-packages/tqdm/contrib/utils_worker.py",
        "path_type": "hardlink",
        "sha256": "dcc8fd4ef0dadea446a19beb994e5c4139e640b3ddf283fb01446e263555157a",
        "sha256_in_prefix": "dcc8fd4ef0dadea446a19beb994e5c4139e640b3ddf283fb01446e263555157a",
        "size_in_bytes": 1247
      },
      {
        "_path": "Lib/site-packages/tqdm/dask.py",
        "path_type": "hardlink",
        "sha256": "06a3d0d8efc1779f619d7942ec1e6b4bbcbd0b6c08e1c3e42070dd782586b737",
        "sha256_in_prefix": "06a3d0d8efc1779f619d7942ec1e6b4bbcbd0b6c08e1c3e42070dd782586b737",
        "size_in_bytes": 1377
      },
      {
        "_path": "Lib/site-packages/tqdm/gui.py",
        "path_type": "hardlink",
        "sha256": "9103fe7b3c00512bc9e387f9d14a767c41b81eafa9e2c9eb1322b048dc1c8242",
        "sha256_in_prefix": "9103fe7b3c00512bc9e387f9d14a767c41b81eafa9e2c9eb1322b048dc1c8242",
        "size_in_bytes": 5943
      },
      {
        "_path": "Lib/site-packages/tqdm/keras.py",
        "path_type": "hardlink",
        "sha256": "6ae41026f01930782bd18de463aa4a4150fee8400930f83dd59389d9649337e0",
        "sha256_in_prefix": "6ae41026f01930782bd18de463aa4a4150fee8400930f83dd59389d9649337e0",
        "size_in_bytes": 4409
      },
      {
        "_path": "Lib/site-packages/tqdm/notebook.py",
        "path_type": "hardlink",
        "sha256": "f54e63fc5722354a4b6aa77a9e62687119456b73c5702cef85368ab9dad66db0",
        "sha256_in_prefix": "f54e63fc5722354a4b6aa77a9e62687119456b73c5702cef85368ab9dad66db0",
        "size_in_bytes": 11317
      },
      {
        "_path": "Lib/site-packages/tqdm/rich.py",
        "path_type": "hardlink",
        "sha256": "a1cc61e6f16a3e1a55e3d83aaab0bd2647c1f512b5a4db87ef8ebcd4eb738392",
        "sha256_in_prefix": "a1cc61e6f16a3e1a55e3d83aaab0bd2647c1f512b5a4db87ef8ebcd4eb738392",
        "size_in_bytes": 5152
      },
      {
        "_path": "Lib/site-packages/tqdm/std.py",
        "path_type": "hardlink",
        "sha256": "dc3f2a7d1fc2751235d80774e459bd9dd99f1650f933a1efb4ada09fe2900c01",
        "sha256_in_prefix": "dc3f2a7d1fc2751235d80774e459bd9dd99f1650f933a1efb4ada09fe2900c01",
        "size_in_bytes": 58341
      },
      {
        "_path": "Lib/site-packages/tqdm/tk.py",
        "path_type": "hardlink",
        "sha256": "6b795b8f51ac3fb8f20e9410826e6886c166f58f7e69d7a49582213c7ebd3fcf",
        "sha256_in_prefix": "6b795b8f51ac3fb8f20e9410826e6886c166f58f7e69d7a49582213c7ebd3fcf",
        "size_in_bytes": 6948
      },
      {
        "_path": "Lib/site-packages/tqdm/tqdm.1",
        "path_type": "hardlink",
        "sha256": "d5830b645898d301805188239ab7ebf6f41397232a97a2d3df5a145af3b241d5",
        "sha256_in_prefix": "d5830b645898d301805188239ab7ebf6f41397232a97a2d3df5a145af3b241d5",
        "size_in_bytes": 7997
      },
      {
        "_path": "Lib/site-packages/tqdm/utils.py",
        "path_type": "hardlink",
        "sha256": "2af1340ccdbc5fffcd1d82a01a5e6352b93a08ce4157ad06e0d7f9e484cf7892",
        "sha256_in_prefix": "2af1340ccdbc5fffcd1d82a01a5e6352b93a08ce4157ad06e0d7f9e484cf7892",
        "size_in_bytes": 9803
      },
      {
        "_path": "Lib/site-packages/tqdm/version.py",
        "path_type": "hardlink",
        "sha256": "fb5c968dfbb73f47a0855b32b071f4edf6f376200335177346d60fa8e6aa4760",
        "sha256_in_prefix": "fb5c968dfbb73f47a0855b32b071f4edf6f376200335177346d60fa8e6aa4760",
        "size_in_bytes": 333
      },
      {
        "_path": "Scripts/tqdm-script.py",
        "path_type": "hardlink",
        "sha256": "3f5383274973d649a08905679c1ee127b66f4d08ded73440680df701208a2874",
        "sha256_in_prefix": "3f5383274973d649a08905679c1ee127b66f4d08ded73440680df701208a2874",
        "size_in_bytes": 202
      },
      {
        "_path": "Scripts/tqdm.exe",
        "path_type": "hardlink",
        "sha256": "5ea569f2b5bc9c273351641a1a3c52821ce2a9370bc8202f0247c793ebd8a618",
        "sha256_in_prefix": "5ea569f2b5bc9c273351641a1a3c52821ce2a9370bc8202f0247c793ebd8a618",
        "size_in_bytes": 41984
      }
    ],
    "paths_version": 1
  },
  "requested_spec": "None",
  "sha256": "7520fcc1fb90ecea2efec049052f4d153747e4208e6902681567e296360b2839",
  "size": 146221,
  "subdir": "win-64",
  "timestamp": 1664393031285,
  "track_features": "",
  "url": "https://repo.anaconda.com/pkgs/main/win-64/tqdm-4.64.1-py37haa95532_0.conda",
  "version": "4.64.1"
}