{
  "build": "py37haa95532_0",
  "build_number": 0,
  "channel": "https://repo.anaconda.com/pkgs/main/win-64",
  "constrains": [],
  "depends": [
    "flit-core >=3.6,<4",
    "python >=3.7,<3.8.0a0"
  ],
  "extracted_package_dir": "D:\\Users\\Ravi\\miniconda3\\pkgs\\typing_extensions-4.4.0-py37haa95532_0",
  "features": "",
  "files": [
    "Lib/site-packages/__pycache__/typing_extensions.cpython-37.pyc",
    "Lib/site-packages/typing_extensions-4.4.0.dist-info/INSTALLER",
    "Lib/site-packages/typing_extensions-4.4.0.dist-info/LICENSE",
    "Lib/site-packages/typing_extensions-4.4.0.dist-info/METADATA",
    "Lib/site-packages/typing_extensions-4.4.0.dist-info/RECORD",
    "Lib/site-packages/typing_extensions-4.4.0.dist-info/REQUESTED",
    "Lib/site-packages/typing_extensions-4.4.0.dist-info/WHEEL",
    "Lib/site-packages/typing_extensions-4.4.0.dist-info/direct_url.json",
    "Lib/site-packages/typing_extensions.py",
    ".nonadmin"
  ],
  "fn": "typing_extensions-4.4.0-py37haa95532_0.conda",
  "legacy_bz2_md5": "eb7538c507e5c2ce7bead40eae8f24d2",
  "license": "PSF-2.0",
  "license_family": "PSF",
  "link": {
    "source": "D:\\Users\\Ravi\\miniconda3\\pkgs\\typing_extensions-4.4.0-py37haa95532_0",
    "type": 1
  },
  "md5": "2820474869a0862dd5fa7bcfa0e60646",
  "name": "typing_extensions",
  "package_tarball_full_path": "D:\\Users\\Ravi\\miniconda3\\pkgs\\typing_extensions-4.4.0-py37haa95532_0.conda",
  "paths_data": {
    "paths": [
      {
        "_path": "Lib/site-packages/__pycache__/typing_extensions.cpython-37.pyc",
        "path_type": "hardlink",
        "sha256": "70b42e56275a78c76c7c839e1f5b4ee87ff4a4b5d45a23e14b2f7b9789072896",
        "sha256_in_prefix": "70b42e56275a78c76c7c839e1f5b4ee87ff4a4b5d45a23e14b2f7b9789072896",
        "size_in_bytes": 70169
      },
      {
        "_path": "Lib/site-packages/typing_extensions-4.4.0.dist-info/INSTALLER",
        "path_type": "hardlink",
        "sha256": "d0edee15f91b406f3f99726e44eb990be6e34fd0345b52b910c568e0eef6a2a8",
        "sha256_in_prefix": "d0edee15f91b406f3f99726e44eb990be6e34fd0345b52b910c568e0eef6a2a8",
        "size_in_bytes": 5
      },
      {
        "_path": "Lib/site-packages/typing_extensions-4.4.0.dist-info/LICENSE",
        "path_type": "hardlink",
        "sha256": "c7afb65e755707b9fb90487389a176d3ed3d0031d5131afde45c23715ff5e891",
        "sha256_in_prefix": "c7afb65e755707b9fb90487389a176d3ed3d0031d5131afde45c23715ff5e891",
        "size_in_bytes": 12787
      },
      {
        "_path": "Lib/site-packages/typing_extensions-4.4.0.dist-info/METADATA",
        "path_type": "hardlink",
        "sha256": "d734a1d5e30b9cb90b30c0ba69948644ac777919e2bc4183156192543d73aa10",
        "sha256_in_prefix": "d734a1d5e30b9cb90b30c0ba69948644ac777919e2bc4183156192543d73aa10",
        "size_in_bytes": 7249
      },
      {
        "_path": "Lib/site-packages/typing_extensions-4.4.0.dist-info/RECORD",
        "path_type": "hardlink",
        "sha256": "3d53350e21295f2e1a56214e1457f10243d72dadbfc68e76eaf40789483eb56f",
        "sha256_in_prefix": "3d53350e21295f2e1a56214e1457f10243d72dadbfc68e76eaf40789483eb56f",
        "size_in_bytes": 767
      },
      {
        "_path": "Lib/site-packages/typing_extensions-4.4.0.dist-info/REQUESTED",
        "path_type": "hardlink",
        "sha256": "e3b0c44298fc1c149afbf4c8996fb92427ae41e4649b934ca495991b7852b855",
        "sha256_in_prefix": "e3b0c44298fc1c149afbf4c8996fb92427ae41e4649b934ca495991b7852b855",
        "size_in_bytes": 0
      },
      {
        "_path": "Lib/site-packages/typing_extensions-4.4.0.dist-info/WHEEL",
        "path_type": "hardlink",
        "sha256": "ad282afc9a4717d7c7475971e77ab083fd7ed8bca9644fea99cb976d552af78f",
        "sha256_in_prefix": "ad282afc9a4717d7c7475971e77ab083fd7ed8bca9644fea99cb976d552af78f",
        "size_in_bytes": 81
      },
      {
        "_path": "Lib/site-packages/typing_extensions-4.4.0.dist-info/direct_url.json",
        "path_type": "hardlink",
        "sha256": "f2403b2344940bc9f5a5068ddd8732f6068911dba874d3a68a0ac961086e007b",
        "sha256_in_prefix": "f2403b2344940bc9f5a5068ddd8732f6068911dba874d3a68a0ac961086e007b",
        "size_in_bytes": 97
      },
      {
        "_path": "Lib/site-packages/typing_extensions.py",
        "path_type": "hardlink",
        "sha256": "8a9a968aae401f3af0733b7a736e803f4e4b961e9ae7f19a5d1a4e06a6e88070",
        "sha256_in_prefix": "8a9a968aae401f3af0733b7a736e803f4e4b961e9ae7f19a5d1a4e06a6e88070",
        "size_in_bytes": 80078
      }
    ],
    "paths_version": 1
  },
  "requested_spec": "None",
  "sha256": "73dc8dcdf994868a2b1b633707f99c44d7ef579a54cd629fabe00f3978978c2d",
  "size": 47439,
  "subdir": "win-64",
  "timestamp": 1669924029229,
  "track_features": "",
  "url": "https://repo.anaconda.com/pkgs/main/win-64/typing_extensions-4.4.0-py37haa95532_0.conda",
  "version": "4.4.0"
}