{
  "build": "py37haa95532_0",
  "build_number": 0,
  "channel": "https://repo.anaconda.com/pkgs/main/win-64",
  "constrains": [],
  "depends": [
    "brotlipy >=0.6.0",
    "certifi",
    "cryptography >=1.3.4",
    "idna >=2.0.0",
    "pyopenssl >=0.14",
    "pysocks >=1.5.6,<2.0,!=1.5.7",
    "python >=3.7,<3.8.0a0"
  ],
  "extracted_package_dir": "D:\\Users\\Ravi\\miniconda3\\pkgs\\urllib3-1.26.13-py37haa95532_0",
  "features": "",
  "files": [
    "Lib/site-packages/urllib3-1.26.13.dist-info/INSTALLER",
    "Lib/site-packages/urllib3-1.26.13.dist-info/LICENSE.txt",
    "Lib/site-packages/urllib3-1.26.13.dist-info/METADATA",
    "Lib/site-packages/urllib3-1.26.13.dist-info/RECORD",
    "Lib/site-packages/urllib3-1.26.13.dist-info/REQUESTED",
    "Lib/site-packages/urllib3-1.26.13.dist-info/WHEEL",
    "Lib/site-packages/urllib3-1.26.13.dist-info/direct_url.json",
    "Lib/site-packages/urllib3-1.26.13.dist-info/top_level.txt",
    "Lib/site-packages/urllib3/__init__.py",
    "Lib/site-packages/urllib3/__pycache__/__init__.cpython-37.pyc",
    "Lib/site-packages/urllib3/__pycache__/_collections.cpython-37.pyc",
    "Lib/site-packages/urllib3/__pycache__/_version.cpython-37.pyc",
    "Lib/site-packages/urllib3/__pycache__/connection.cpython-37.pyc",
    "Lib/site-packages/urllib3/__pycache__/connectionpool.cpython-37.pyc",
    "Lib/site-packages/urllib3/__pycache__/exceptions.cpython-37.pyc",
    "Lib/site-packages/urllib3/__pycache__/fields.cpython-37.pyc",
    "Lib/site-packages/urllib3/__pycache__/filepost.cpython-37.pyc",
    "Lib/site-packages/urllib3/__pycache__/poolmanager.cpython-37.pyc",
    "Lib/site-packages/urllib3/__pycache__/request.cpython-37.pyc",
    "Lib/site-packages/urllib3/__pycache__/response.cpython-37.pyc",
    "Lib/site-packages/urllib3/_collections.py",
    "Lib/site-packages/urllib3/_version.py",
    "Lib/site-packages/urllib3/connection.py",
    "Lib/site-packages/urllib3/connectionpool.py",
    "Lib/site-packages/urllib3/contrib/__init__.py",
    "Lib/site-packages/urllib3/contrib/__pycache__/__init__.cpython-37.pyc",
    "Lib/site-packages/urllib3/contrib/__pycache__/_appengine_environ.cpython-37.pyc",
    "Lib/site-packages/urllib3/contrib/__pycache__/appengine.cpython-37.pyc",
    "Lib/site-packages/urllib3/contrib/__pycache__/ntlmpool.cpython-37.pyc",
    "Lib/site-packages/urllib3/contrib/__pycache__/pyopenssl.cpython-37.pyc",
    "Lib/site-packages/urllib3/contrib/__pycache__/securetransport.cpython-37.pyc",
    "Lib/site-packages/urllib3/contrib/__pycache__/socks.cpython-37.pyc",
    "Lib/site-packages/urllib3/contrib/_appengine_environ.py",
    "Lib/site-packages/urllib3/contrib/_securetransport/__init__.py",
    "Lib/site-packages/urllib3/contrib/_securetransport/__pycache__/__init__.cpython-37.pyc",
    "Lib/site-packages/urllib3/contrib/_securetransport/__pycache__/bindings.cpython-37.pyc",
    "Lib/site-packages/urllib3/contrib/_securetransport/__pycache__/low_level.cpython-37.pyc",
    "Lib/site-packages/urllib3/contrib/_securetransport/bindings.py",
    "Lib/site-packages/urllib3/contrib/_securetransport/low_level.py",
    "Lib/site-packages/urllib3/contrib/appengine.py",
    "Lib/site-packages/urllib3/contrib/ntlmpool.py",
    "Lib/site-packages/urllib3/contrib/pyopenssl.py",
    "Lib/site-packages/urllib3/contrib/securetransport.py",
    "Lib/site-packages/urllib3/contrib/socks.py",
    "Lib/site-packages/urllib3/exceptions.py",
    "Lib/site-packages/urllib3/fields.py",
    "Lib/site-packages/urllib3/filepost.py",
    "Lib/site-packages/urllib3/packages/__init__.py",
    "Lib/site-packages/urllib3/packages/__pycache__/__init__.cpython-37.pyc",
    "Lib/site-packages/urllib3/packages/__pycache__/six.cpython-37.pyc",
    "Lib/site-packages/urllib3/packages/backports/__init__.py",
    "Lib/site-packages/urllib3/packages/backports/__pycache__/__init__.cpython-37.pyc",
    "Lib/site-packages/urllib3/packages/backports/__pycache__/makefile.cpython-37.pyc",
    "Lib/site-packages/urllib3/packages/backports/makefile.py",
    "Lib/site-packages/urllib3/packages/six.py",
    "Lib/site-packages/urllib3/poolmanager.py",
    "Lib/site-packages/urllib3/request.py",
    "Lib/site-packages/urllib3/response.py",
    "Lib/site-packages/urllib3/util/__init__.py",
    "Lib/site-packages/urllib3/util/__pycache__/__init__.cpython-37.pyc",
    "Lib/site-packages/urllib3/util/__pycache__/connection.cpython-37.pyc",
    "Lib/site-packages/urllib3/util/__pycache__/proxy.cpython-37.pyc",
    "Lib/site-packages/urllib3/util/__pycache__/queue.cpython-37.pyc",
    "Lib/site-packages/urllib3/util/__pycache__/request.cpython-37.pyc",
    "Lib/site-packages/urllib3/util/__pycache__/response.cpython-37.pyc",
    "Lib/site-packages/urllib3/util/__pycache__/retry.cpython-37.pyc",
    "Lib/site-packages/urllib3/util/__pycache__/ssl_.cpython-37.pyc",
    "Lib/site-packages/urllib3/util/__pycache__/ssl_match_hostname.cpython-37.pyc",
    "Lib/site-packages/urllib3/util/__pycache__/ssltransport.cpython-37.pyc",
    "Lib/site-packages/urllib3/util/__pycache__/timeout.cpython-37.pyc",
    "Lib/site-packages/urllib3/util/__pycache__/url.cpython-37.pyc",
    "Lib/site-packages/urllib3/util/__pycache__/wait.cpython-37.pyc",
    "Lib/site-packages/urllib3/util/connection.py",
    "Lib/site-packages/urllib3/util/proxy.py",
    "Lib/site-packages/urllib3/util/queue.py",
    "Lib/site-packages/urllib3/util/request.py",
    "Lib/site-packages/urllib3/util/response.py",
    "Lib/site-packages/urllib3/util/retry.py",
    "Lib/site-packages/urllib3/util/ssl_.py",
    "Lib/site-packages/urllib3/util/ssl_match_hostname.py",
    "Lib/site-packages/urllib3/util/ssltransport.py",
    "Lib/site-packages/urllib3/util/timeout.py",
    "Lib/site-packages/urllib3/util/url.py",
    "Lib/site-packages/urllib3/util/wait.py",
    ".nonadmin"
  ],
  "fn": "urllib3-1.26.13-py37haa95532_0.conda",
  "legacy_bz2_md5": "31f5ebc0bb08690039d18a1ce0fc66bc",
  "license": "MIT",
  "license_family": "MIT",
  "link": {
    "source": "D:\\Users\\Ravi\\miniconda3\\pkgs\\urllib3-1.26.13-py37haa95532_0",
    "type": 1
  },
  "md5": "bfc35ef4abe217c15510fed627775249",
  "name": "urllib3",
  "package_tarball_full_path": "D:\\Users\\Ravi\\miniconda3\\pkgs\\urllib3-1.26.13-py37haa95532_0.conda",
  "paths_data": {
    "paths": [
      {
        "_path": "Lib/site-packages/urllib3-1.26.13.dist-info/INSTALLER",
        "path_type": "hardlink",
        "sha256": "d0edee15f91b406f3f99726e44eb990be6e34fd0345b52b910c568e0eef6a2a8",
        "sha256_in_prefix": "d0edee15f91b406f3f99726e44eb990be6e34fd0345b52b910c568e0eef6a2a8",
        "size_in_bytes": 5
      },
      {
        "_path": "Lib/site-packages/urllib3-1.26.13.dist-info/LICENSE.txt",
        "path_type": "hardlink",
        "sha256": "c37bf186e27cf9dbe9619e55edfe3cea7b30091ceb3da63c7dacbe0e6d77907b",
        "sha256_in_prefix": "c37bf186e27cf9dbe9619e55edfe3cea7b30091ceb3da63c7dacbe0e6d77907b",
        "size_in_bytes": 1115
      },
      {
        "_path": "Lib/site-packages/urllib3-1.26.13.dist-info/METADATA",
        "path_type": "hardlink",
        "sha256": "f6caf5d94dcaa960c29c3124f148dac73d1fbb5e9cd5e10c4430d6b8467a4461",
        "sha256_in_prefix": "f6caf5d94dcaa960c29c3124f148dac73d1fbb5e9cd5e10c4430d6b8467a4461",
        "size_in_bytes": 47495
      },
      {
        "_path": "Lib/site-packages/urllib3-1.26.13.dist-info/RECORD",
        "path_type": "hardlink",
        "sha256": "b3c2ac9b9f083b6e71917e29771acd91d3203cac688039d9acca383ae5c55efb",
        "sha256_in_prefix": "b3c2ac9b9f083b6e71917e29771acd91d3203cac688039d9acca383ae5c55efb",
        "size_in_bytes": 5934
      },
      {
        "_path": "Lib/site-packages/urllib3-1.26.13.dist-info/REQUESTED",
        "path_type": "hardlink",
        "sha256": "e3b0c44298fc1c149afbf4c8996fb92427ae41e4649b934ca495991b7852b855",
        "sha256_in_prefix": "e3b0c44298fc1c149afbf4c8996fb92427ae41e4649b934ca495991b7852b855",
        "size_in_bytes": 0
      },
      {
        "_path": "Lib/site-packages/urllib3-1.26.13.dist-info/WHEEL",
        "path_type": "hardlink",
        "sha256": "cfd8f4c406bf26650a3299b3ef62b464600b48cfe7fb04159866e5797c765478",
        "sha256_in_prefix": "cfd8f4c406bf26650a3299b3ef62b464600b48cfe7fb04159866e5797c765478",
        "size_in_bytes": 110
      },
      {
        "_path": "Lib/site-packages/urllib3-1.26.13.dist-info/direct_url.json",
        "path_type": "hardlink",
        "sha256": "fa659595cdf34f9f5f8f741ebb87fa01205fadd6a5303e8c50386cf26a8e2220",
        "sha256_in_prefix": "fa659595cdf34f9f5f8f741ebb87fa01205fadd6a5303e8c50386cf26a8e2220",
        "size_in_bytes": 87
      },
      {
        "_path": "Lib/site-packages/urllib3-1.26.13.dist-info/top_level.txt",
        "path_type": "hardlink",
        "sha256": "10c8972f6b0aad3726accc481d3a9d737113e78a50236634ef62dec4511e9afa",
        "sha256_in_prefix": "10c8972f6b0aad3726accc481d3a9d737113e78a50236634ef62dec4511e9afa",
        "size_in_bytes": 8
      },
      {
        "_path": "Lib/site-packages/urllib3/__init__.py",
        "path_type": "hardlink",
        "sha256": "8972dc6222724a7d0635b58e3990c30298012f52603f8e0467c8b5efad12f0c7",
        "sha256_in_prefix": "8972dc6222724a7d0635b58e3990c30298012f52603f8e0467c8b5efad12f0c7",
        "size_in_bytes": 3333
      },
      {
        "_path": "Lib/site-packages/urllib3/__pycache__/__init__.cpython-37.pyc",
        "path_type": "hardlink",
        "sha256": "090da71f4165f410818fd6e73e3a038f42f55b9d9930f004f84e2fedec29d98e",
        "sha256_in_prefix": "090da71f4165f410818fd6e73e3a038f42f55b9d9930f004f84e2fedec29d98e",
        "size_in_bytes": 2432
      },
      {
        "_path": "Lib/site-packages/urllib3/__pycache__/_collections.cpython-37.pyc",
        "path_type": "hardlink",
        "sha256": "63a5b2798598cb2306dc82b862d3597d460e56d6d22fba3c5849b8be5be71de2",
        "sha256_in_prefix": "63a5b2798598cb2306dc82b862d3597d460e56d6d22fba3c5849b8be5be71de2",
        "size_in_bytes": 10643
      },
      {
        "_path": "Lib/site-packages/urllib3/__pycache__/_version.cpython-37.pyc",
        "path_type": "hardlink",
        "sha256": "e9561b14c6e28fcc21033c3029f835402775393df962fa082ad4a704e0834b8d",
        "sha256_in_prefix": "e9561b14c6e28fcc21033c3029f835402775393df962fa082ad4a704e0834b8d",
        "size_in_bytes": 147
      },
      {
        "_path": "Lib/site-packages/urllib3/__pycache__/connection.cpython-37.pyc",
        "path_type": "hardlink",
        "sha256": "771d41fe262e70ae59625709a8c2cc561ea8b6c5a8b197f1ca791b7a8f534b7f",
        "sha256_in_prefix": "771d41fe262e70ae59625709a8c2cc561ea8b6c5a8b197f1ca791b7a8f534b7f",
        "size_in_bytes": 13714
      },
      {
        "_path": "Lib/site-packages/urllib3/__pycache__/connectionpool.cpython-37.pyc",
        "path_type": "hardlink",
        "sha256": "1c3825f2fdcf25992f0680aea6f6d0849bc4e4e8fc9a0ed99ca3e8902025a467",
        "sha256_in_prefix": "1c3825f2fdcf25992f0680aea6f6d0849bc4e4e8fc9a0ed99ca3e8902025a467",
        "size_in_bytes": 25276
      },
      {
        "_path": "Lib/site-packages/urllib3/__pycache__/exceptions.cpython-37.pyc",
        "path_type": "hardlink",
        "sha256": "cd9382b5e062044077e8c1399252ef986a2137dc1d0c5820601e1afbc45e2c96",
        "sha256_in_prefix": "cd9382b5e062044077e8c1399252ef986a2137dc1d0c5820601e1afbc45e2c96",
        "size_in_bytes": 11985
      },
      {
        "_path": "Lib/site-packages/urllib3/__pycache__/fields.cpython-37.pyc",
        "path_type": "hardlink",
        "sha256": "848636697c81f35e26ceb559c93105f00eedd3551521107f47ffe513ad2313f3",
        "sha256_in_prefix": "848636697c81f35e26ceb559c93105f00eedd3551521107f47ffe513ad2313f3",
        "size_in_bytes": 8075
      },
      {
        "_path": "Lib/site-packages/urllib3/__pycache__/filepost.cpython-37.pyc",
        "path_type": "hardlink",
        "sha256": "b1d120d91482caeed69154149d48b6aaf81a54c11806380973e0c4e5f8681534",
        "sha256_in_prefix": "b1d120d91482caeed69154149d48b6aaf81a54c11806380973e0c4e5f8681534",
        "size_in_bytes": 2693
      },
      {
        "_path": "Lib/site-packages/urllib3/__pycache__/poolmanager.cpython-37.pyc",
        "path_type": "hardlink",
        "sha256": "af2e98cbe584ef42b3f5ced5602082bdb957b56ca103ece9cf68cbc9691f189f",
        "sha256_in_prefix": "af2e98cbe584ef42b3f5ced5602082bdb957b56ca103ece9cf68cbc9691f189f",
        "size_in_bytes": 14978
      },
      {
        "_path": "Lib/site-packages/urllib3/__pycache__/request.cpython-37.pyc",
        "path_type": "hardlink",
        "sha256": "c1d150ce551c7965428cbe48019b5835e89000e654e8a5d007df9b4f87d9c8bb",
        "sha256_in_prefix": "c1d150ce551c7965428cbe48019b5835e89000e654e8a5d007df9b4f87d9c8bb",
        "size_in_bytes": 5493
      },
      {
        "_path": "Lib/site-packages/urllib3/__pycache__/response.cpython-37.pyc",
        "path_type": "hardlink",
        "sha256": "a2ef3d6663ca2f6c54ae2eccb5db460d3c8fa03c068f7731fa536bc6c2a209a3",
        "sha256_in_prefix": "a2ef3d6663ca2f6c54ae2eccb5db460d3c8fa03c068f7731fa536bc6c2a209a3",
        "size_in_bytes": 22140
      },
      {
        "_path": "Lib/site-packages/urllib3/_collections.py",
        "path_type": "hardlink",
        "sha256": "469d6657206073f52501ca7a3376add6c909057479278dcd6b0453bd6da0fd76",
        "sha256_in_prefix": "469d6657206073f52501ca7a3376add6c909057479278dcd6b0453bd6da0fd76",
        "size_in_bytes": 10811
      },
      {
        "_path": "Lib/site-packages/urllib3/_version.py",
        "path_type": "hardlink",
        "sha256": "50559d5698c2c4e77170155f4bbd76c54fff9c4d1f161bce53d89eb707250df1",
        "sha256_in_prefix": "50559d5698c2c4e77170155f4bbd76c54fff9c4d1f161bce53d89eb707250df1",
        "size_in_bytes": 64
      },
      {
        "_path": "Lib/site-packages/urllib3/connection.py",
        "path_type": "hardlink",
        "sha256": "f3defac0beac19e54c5b42675efc79983d34c97bbceee423c6d07dfd52fc771f",
        "sha256_in_prefix": "f3defac0beac19e54c5b42675efc79983d34c97bbceee423c6d07dfd52fc771f",
        "size_in_bytes": 20070
      },
      {
        "_path": "Lib/site-packages/urllib3/connectionpool.py",
        "path_type": "hardlink",
        "sha256": "bd2e146872e847dff96862d7490efbeb2fe34f182aaa3c7462c8e4624b1618ea",
        "sha256_in_prefix": "bd2e146872e847dff96862d7490efbeb2fe34f182aaa3c7462c8e4624b1618ea",
        "size_in_bytes": 39095
      },
      {
        "_path": "Lib/site-packages/urllib3/contrib/__init__.py",
        "path_type": "hardlink",
        "sha256": "e3b0c44298fc1c149afbf4c8996fb92427ae41e4649b934ca495991b7852b855",
        "sha256_in_prefix": "e3b0c44298fc1c149afbf4c8996fb92427ae41e4649b934ca495991b7852b855",
        "size_in_bytes": 0
      },
      {
        "_path": "Lib/site-packages/urllib3/contrib/__pycache__/__init__.cpython-37.pyc",
        "path_type": "hardlink",
        "sha256": "d5b12d3143148df2a7a4bfbd5f643e0d6c74035d357955528e7fe1e6bee0fa1a",
        "sha256_in_prefix": "d5b12d3143148df2a7a4bfbd5f643e0d6c74035d357955528e7fe1e6bee0fa1a",
        "size_in_bytes": 132
      },
      {
        "_path": "Lib/site-packages/urllib3/contrib/__pycache__/_appengine_environ.cpython-37.pyc",
        "path_type": "hardlink",
        "sha256": "06322434fcfe8f45a43438bbf7e7e77e5d7f066b494c6d0b182d6ff07185acb6",
        "sha256_in_prefix": "06322434fcfe8f45a43438bbf7e7e77e5d7f066b494c6d0b182d6ff07185acb6",
        "size_in_bytes": 1341
      },
      {
        "_path": "Lib/site-packages/urllib3/contrib/__pycache__/appengine.cpython-37.pyc",
        "path_type": "hardlink",
        "sha256": "e7e96d08169f0d76cdcdd274a5752ce8eca13de983655032692ee66b46a375c6",
        "sha256_in_prefix": "e7e96d08169f0d76cdcdd274a5752ce8eca13de983655032692ee66b46a375c6",
        "size_in_bytes": 8089
      },
      {
        "_path": "Lib/site-packages/urllib3/contrib/__pycache__/ntlmpool.cpython-37.pyc",
        "path_type": "hardlink",
        "sha256": "3df8b16b637020b952e7a0e89c8ecbc2eb80512493877e547810f8bcc37be0ae",
        "sha256_in_prefix": "3df8b16b637020b952e7a0e89c8ecbc2eb80512493877e547810f8bcc37be0ae",
        "size_in_bytes": 3538
      },
      {
        "_path": "Lib/site-packages/urllib3/contrib/__pycache__/pyopenssl.cpython-37.pyc",
        "path_type": "hardlink",
        "sha256": "8e032fce446b2b41f9fa0fcbd4d2cd26f4b56009b7a3b1593eb9a721bb55264d",
        "sha256_in_prefix": "8e032fce446b2b41f9fa0fcbd4d2cd26f4b56009b7a3b1593eb9a721bb55264d",
        "size_in_bytes": 15606
      },
      {
        "_path": "Lib/site-packages/urllib3/contrib/__pycache__/securetransport.cpython-37.pyc",
        "path_type": "hardlink",
        "sha256": "eb263c6d9571343b68ca82ea822be8d122d73aa46c369d332eb08c27c95e8e8d",
        "sha256_in_prefix": "eb263c6d9571343b68ca82ea822be8d122d73aa46c369d332eb08c27c95e8e8d",
        "size_in_bytes": 21391
      },
      {
        "_path": "Lib/site-packages/urllib3/contrib/__pycache__/socks.cpython-37.pyc",
        "path_type": "hardlink",
        "sha256": "f412968959b46c3127b97c1af055bfd9fec7405b7eb5e653a56d5e1fe4d8c4dc",
        "sha256_in_prefix": "f412968959b46c3127b97c1af055bfd9fec7405b7eb5e653a56d5e1fe4d8c4dc",
        "size_in_bytes": 5502
      },
      {
        "_path": "Lib/site-packages/urllib3/contrib/_appengine_environ.py",
        "path_type": "hardlink",
        "sha256": "6c36f2384856d8228b25c42a00a032ac41cdf9a925b321c52aaeaf17c645b269",
        "sha256_in_prefix": "6c36f2384856d8228b25c42a00a032ac41cdf9a925b321c52aaeaf17c645b269",
        "size_in_bytes": 957
      },
      {
        "_path": "Lib/site-packages/urllib3/contrib/_securetransport/__init__.py",
        "path_type": "hardlink",
        "sha256": "e3b0c44298fc1c149afbf4c8996fb92427ae41e4649b934ca495991b7852b855",
        "sha256_in_prefix": "e3b0c44298fc1c149afbf4c8996fb92427ae41e4649b934ca495991b7852b855",
        "size_in_bytes": 0
      },
      {
        "_path": "Lib/site-packages/urllib3/contrib/_securetransport/__pycache__/__init__.cpython-37.pyc",
        "path_type": "hardlink",
        "sha256": "74110eea311a727de12f4409076b7643e9e622164dfdf8a2435265b88e8e27d8",
        "sha256_in_prefix": "74110eea311a727de12f4409076b7643e9e622164dfdf8a2435265b88e8e27d8",
        "size_in_bytes": 149
      },
      {
        "_path": "Lib/site-packages/urllib3/contrib/_securetransport/__pycache__/bindings.cpython-37.pyc",
        "path_type": "hardlink",
        "sha256": "02fa53e733caea004238b5520a2de154730d85351780641adacc9f4c5a708c2c",
        "sha256_in_prefix": "02fa53e733caea004238b5520a2de154730d85351780641adacc9f4c5a708c2c",
        "size_in_bytes": 10583
      },
      {
        "_path": "Lib/site-packages/urllib3/contrib/_securetransport/__pycache__/low_level.cpython-37.pyc",
        "path_type": "hardlink",
        "sha256": "6e7e6f56e86675614ca0f6592a5a24684f5019aac39749cabea9d42092f278db",
        "sha256_in_prefix": "6e7e6f56e86675614ca0f6592a5a24684f5019aac39749cabea9d42092f278db",
        "size_in_bytes": 8954
      },
      {
        "_path": "Lib/site-packages/urllib3/contrib/_securetransport/bindings.py",
        "path_type": "hardlink",
        "sha256": "e1793ae2a2243c1b74f40e6af9120552e0e135cf665e29556a99bb5a7627cd1c",
        "sha256_in_prefix": "e1793ae2a2243c1b74f40e6af9120552e0e135cf665e29556a99bb5a7627cd1c",
        "size_in_bytes": 17632
      },
      {
        "_path": "Lib/site-packages/urllib3/contrib/_securetransport/low_level.py",
        "path_type": "hardlink",
        "sha256": "076241076fcd44fd36c4ae8309ad4f6bd22ec6b3f0c730f365b8b14246fb53d3",
        "sha256_in_prefix": "076241076fcd44fd36c4ae8309ad4f6bd22ec6b3f0c730f365b8b14246fb53d3",
        "size_in_bytes": 13922
      },
      {
        "_path": "Lib/site-packages/urllib3/contrib/appengine.py",
        "path_type": "hardlink",
        "sha256": "8f3e75e636580431539e1478cea7de682a3a25d0e0010a986eacc72bdb0391fc",
        "sha256_in_prefix": "8f3e75e636580431539e1478cea7de682a3a25d0e0010a986eacc72bdb0391fc",
        "size_in_bytes": 11010
      },
      {
        "_path": "Lib/site-packages/urllib3/contrib/ntlmpool.py",
        "path_type": "hardlink",
        "sha256": "7a3f601af7c06f61add3495a7c5a78e52228473f90c2b438582866ea04260253",
        "sha256_in_prefix": "7a3f601af7c06f61add3495a7c5a78e52228473f90c2b438582866ea04260253",
        "size_in_bytes": 4538
      },
      {
        "_path": "Lib/site-packages/urllib3/contrib/pyopenssl.py",
        "path_type": "hardlink",
        "sha256": "e00240968f4d9a35a87d8e1d27045ae246d9b91b877cd271bbc3efeb2424d6cb",
        "sha256_in_prefix": "e00240968f4d9a35a87d8e1d27045ae246d9b91b877cd271bbc3efeb2424d6cb",
        "size_in_bytes": 17055
      },
      {
        "_path": "Lib/site-packages/urllib3/contrib/securetransport.py",
        "path_type": "hardlink",
        "sha256": "40e8556d6ac541329b995fafb721baf5a99e924295c5791d8e4f68ca668ed008",
        "sha256_in_prefix": "40e8556d6ac541329b995fafb721baf5a99e924295c5791d8e4f68ca668ed008",
        "size_in_bytes": 34416
      },
      {
        "_path": "Lib/site-packages/urllib3/contrib/socks.py",
        "path_type": "hardlink",
        "sha256": "6918bd7965e8f5911bf795d4c5e7f8676d421659e78db122028f473ac7a832de",
        "sha256_in_prefix": "6918bd7965e8f5911bf795d4c5e7f8676d421659e78db122028f473ac7a832de",
        "size_in_bytes": 7097
      },
      {
        "_path": "Lib/site-packages/urllib3/exceptions.py",
        "path_type": "hardlink",
        "sha256": "d0c9e7a372874cd7d745f63beb7f0db9f38f9146fa9973a6f8baa3fb8c76c3c0",
        "sha256_in_prefix": "d0c9e7a372874cd7d745f63beb7f0db9f38f9146fa9973a6f8baa3fb8c76c3c0",
        "size_in_bytes": 8217
      },
      {
        "_path": "Lib/site-packages/urllib3/fields.py",
        "path_type": "hardlink",
        "sha256": "92f2c30a0fc9987d652e3514118fc52d2f14858ee106f0cfb951136d8f2676b3",
        "sha256_in_prefix": "92f2c30a0fc9987d652e3514118fc52d2f14858ee106f0cfb951136d8f2676b3",
        "size_in_bytes": 8579
      },
      {
        "_path": "Lib/site-packages/urllib3/filepost.py",
        "path_type": "hardlink",
        "sha256": "e5bfeaaa04475652fbb8bb5d018073061f861e653901f255b7fd8dd174b73de6",
        "sha256_in_prefix": "e5bfeaaa04475652fbb8bb5d018073061f861e653901f255b7fd8dd174b73de6",
        "size_in_bytes": 2440
      },
      {
        "_path": "Lib/site-packages/urllib3/packages/__init__.py",
        "path_type": "hardlink",
        "sha256": "e3b0c44298fc1c149afbf4c8996fb92427ae41e4649b934ca495991b7852b855",
        "sha256_in_prefix": "e3b0c44298fc1c149afbf4c8996fb92427ae41e4649b934ca495991b7852b855",
        "size_in_bytes": 0
      },
      {
        "_path": "Lib/site-packages/urllib3/packages/__pycache__/__init__.cpython-37.pyc",
        "path_type": "hardlink",
        "sha256": "100c2ddfa25393d49784150d986e6ec8e49497b3cd95d8475dcd1882543d7bee",
        "sha256_in_prefix": "100c2ddfa25393d49784150d986e6ec8e49497b3cd95d8475dcd1882543d7bee",
        "size_in_bytes": 133
      },
      {
        "_path": "Lib/site-packages/urllib3/packages/__pycache__/six.cpython-37.pyc",
        "path_type": "hardlink",
        "sha256": "6057493414f82a37fa49d1de2bb376449a01384671b4543a24d06dd3069278e9",
        "sha256_in_prefix": "6057493414f82a37fa49d1de2bb376449a01384671b4543a24d06dd3069278e9",
        "size_in_bytes": 27448
      },
      {
        "_path": "Lib/site-packages/urllib3/packages/backports/__init__.py",
        "path_type": "hardlink",
        "sha256": "e3b0c44298fc1c149afbf4c8996fb92427ae41e4649b934ca495991b7852b855",
        "sha256_in_prefix": "e3b0c44298fc1c149afbf4c8996fb92427ae41e4649b934ca495991b7852b855",
        "size_in_bytes": 0
      },
      {
        "_path": "Lib/site-packages/urllib3/packages/backports/__pycache__/__init__.cpython-37.pyc",
        "path_type": "hardlink",
        "sha256": "388e71bd99c8e73150bfe85275b101c0122c6fc943f04c524fd3d73e5812a980",
        "sha256_in_prefix": "388e71bd99c8e73150bfe85275b101c0122c6fc943f04c524fd3d73e5812a980",
        "size_in_bytes": 143
      },
      {
        "_path": "Lib/site-packages/urllib3/packages/backports/__pycache__/makefile.cpython-37.pyc",
        "path_type": "hardlink",
        "sha256": "afc6a1afdcecaabfd135cc1f7b2a9e6134a78b3d8b69ab109deb2d0dc30f17bd",
        "sha256_in_prefix": "afc6a1afdcecaabfd135cc1f7b2a9e6134a78b3d8b69ab109deb2d0dc30f17bd",
        "size_in_bytes": 1233
      },
      {
        "_path": "Lib/site-packages/urllib3/packages/backports/makefile.py",
        "path_type": "hardlink",
        "sha256": "9dbcedde2d1a80f54fd3b8eaaa08e16988cc9ae022fd6e44d04cb0662bd53bc1",
        "sha256_in_prefix": "9dbcedde2d1a80f54fd3b8eaaa08e16988cc9ae022fd6e44d04cb0662bd53bc1",
        "size_in_bytes": 1417
      },
      {
        "_path": "Lib/site-packages/urllib3/packages/six.py",
        "path_type": "hardlink",
        "sha256": "6fd2ccd30057bfb13b4ab6c28c09b8c3037e86b1fe88dc6fd7c2e058d30c28fa",
        "sha256_in_prefix": "6fd2ccd30057bfb13b4ab6c28c09b8c3037e86b1fe88dc6fd7c2e058d30c28fa",
        "size_in_bytes": 34665
      },
      {
        "_path": "Lib/site-packages/urllib3/poolmanager.py",
        "path_type": "hardlink",
        "sha256": "d0a38e2440a878b6158d41efbfed21e0eab7145410db26fe1678e46e3f2024ed",
        "sha256_in_prefix": "d0a38e2440a878b6158d41efbfed21e0eab7145410db26fe1678e46e3f2024ed",
        "size_in_bytes": 19786
      },
      {
        "_path": "Lib/site-packages/urllib3/request.py",
        "path_type": "hardlink",
        "sha256": "645488a97d02e968b38b179c0a1677fe8932bbb044bf4959bb5553d2cea1e123",
        "sha256_in_prefix": "645488a97d02e968b38b179c0a1677fe8932bbb044bf4959bb5553d2cea1e123",
        "size_in_bytes": 5985
      },
      {
        "_path": "Lib/site-packages/urllib3/response.py",
        "path_type": "hardlink",
        "sha256": "4726deb713999f6573d144b9200d06b56c557be5b2699f5bb4c7c2d993044705",
        "sha256_in_prefix": "4726deb713999f6573d144b9200d06b56c557be5b2699f5bb4c7c2d993044705",
        "size_in_bytes": 30759
      },
      {
        "_path": "Lib/site-packages/urllib3/util/__init__.py",
        "path_type": "hardlink",
        "sha256": "2449929a6aaa2f26b0f0fe75814226661f06c20f62d7349ef83a2a022b67da77",
        "sha256_in_prefix": "2449929a6aaa2f26b0f0fe75814226661f06c20f62d7349ef83a2a022b67da77",
        "size_in_bytes": 1155
      },
      {
        "_path": "Lib/site-packages/urllib3/util/__pycache__/__init__.cpython-37.pyc",
        "path_type": "hardlink",
        "sha256": "a1a12425f3e46b3cb39d4d82d22880b4f6a240ed8ec9401d2aa7da846f6f0d45",
        "sha256_in_prefix": "a1a12425f3e46b3cb39d4d82d22880b4f6a240ed8ec9401d2aa7da846f6f0d45",
        "size_in_bytes": 1042
      },
      {
        "_path": "Lib/site-packages/urllib3/util/__pycache__/connection.cpython-37.pyc",
        "path_type": "hardlink",
        "sha256": "d00f475bb0729061d0ec9cc9584ed6f2748bc0a33f09c91305c80fb4cba563da",
        "sha256_in_prefix": "d00f475bb0729061d0ec9cc9584ed6f2748bc0a33f09c91305c80fb4cba563da",
        "size_in_bytes": 3348
      },
      {
        "_path": "Lib/site-packages/urllib3/util/__pycache__/proxy.cpython-37.pyc",
        "path_type": "hardlink",
        "sha256": "80c67d170be76add83a04be43733f437c219ffc64b2728b376f51307bd606d9f",
        "sha256_in_prefix": "80c67d170be76add83a04be43733f437c219ffc64b2728b376f51307bd606d9f",
        "size_in_bytes": 1250
      },
      {
        "_path": "Lib/site-packages/urllib3/util/__pycache__/queue.cpython-37.pyc",
        "path_type": "hardlink",
        "sha256": "04ae12f1379ccb73d2d33639035ca8bb2b0a4481e8cd5a8f795f00ae0ef2ba3b",
        "sha256_in_prefix": "04ae12f1379ccb73d2d33639035ca8bb2b0a4481e8cd5a8f795f00ae0ef2ba3b",
        "size_in_bytes": 973
      },
      {
        "_path": "Lib/site-packages/urllib3/util/__pycache__/request.cpython-37.pyc",
        "path_type": "hardlink",
        "sha256": "ee3afb7bd4d981d9c3d30543214995b8668ceaf06b27d57606aa81376670fd58",
        "sha256_in_prefix": "ee3afb7bd4d981d9c3d30543214995b8668ceaf06b27d57606aa81376670fd58",
        "size_in_bytes": 3438
      },
      {
        "_path": "Lib/site-packages/urllib3/util/__pycache__/response.cpython-37.pyc",
        "path_type": "hardlink",
        "sha256": "e98a91f71f6ca46dabe53cef9dd911217598c48a227ef251d5379638fe9ccb62",
        "sha256_in_prefix": "e98a91f71f6ca46dabe53cef9dd911217598c48a227ef251d5379638fe9ccb62",
        "size_in_bytes": 2260
      },
      {
        "_path": "Lib/site-packages/urllib3/util/__pycache__/retry.cpython-37.pyc",
        "path_type": "hardlink",
        "sha256": "d8ae4b5776d29c35ea0c3b8801487994959479c2ba2059b1e3892ad42cb84da3",
        "sha256_in_prefix": "d8ae4b5776d29c35ea0c3b8801487994959479c2ba2059b1e3892ad42cb84da3",
        "size_in_bytes": 16808
      },
      {
        "_path": "Lib/site-packages/urllib3/util/__pycache__/ssl_.cpython-37.pyc",
        "path_type": "hardlink",
        "sha256": "39a2bd7605fbd9f4c2d48c9fe5f371cb25cfb71644d0c5f5336e0bd61e9173bc",
        "sha256_in_prefix": "39a2bd7605fbd9f4c2d48c9fe5f371cb25cfb71644d0c5f5336e0bd61e9173bc",
        "size_in_bytes": 11213
      },
      {
        "_path": "Lib/site-packages/urllib3/util/__pycache__/ssl_match_hostname.cpython-37.pyc",
        "path_type": "hardlink",
        "sha256": "a6247c5c31cb5270dfe449e2670ed519eff447214152c8d94cc7a34925f57ccd",
        "sha256_in_prefix": "a6247c5c31cb5270dfe449e2670ed519eff447214152c8d94cc7a34925f57ccd",
        "size_in_bytes": 3180
      },
      {
        "_path": "Lib/site-packages/urllib3/util/__pycache__/ssltransport.cpython-37.pyc",
        "path_type": "hardlink",
        "sha256": "635a24820cf62c01a3f7592349284ae42c0064ba917194cfefa4ad0d0800dd01",
        "sha256_in_prefix": "635a24820cf62c01a3f7592349284ae42c0064ba917194cfefa4ad0d0800dd01",
        "size_in_bytes": 7238
      },
      {
        "_path": "Lib/site-packages/urllib3/util/__pycache__/timeout.cpython-37.pyc",
        "path_type": "hardlink",
        "sha256": "e4b34a887b7c8d573e93fb1b2d39a882304620469cb285510c28745d8bc69786",
        "sha256_in_prefix": "e4b34a887b7c8d573e93fb1b2d39a882304620469cb285510c28745d8bc69786",
        "size_in_bytes": 8832
      },
      {
        "_path": "Lib/site-packages/urllib3/util/__pycache__/url.cpython-37.pyc",
        "path_type": "hardlink",
        "sha256": "44bfea0567e657ba1ba369008f4bbf6cc39790034f5b2b14eb9ec626a078baf2",
        "sha256_in_prefix": "44bfea0567e657ba1ba369008f4bbf6cc39790034f5b2b14eb9ec626a078baf2",
        "size_in_bytes": 10583
      },
      {
        "_path": "Lib/site-packages/urllib3/util/__pycache__/wait.cpython-37.pyc",
        "path_type": "hardlink",
        "sha256": "0a814bb5651daaa84ff6fe93f1e49e24e35d01017d58da50ac0c2e64858b61cb",
        "sha256_in_prefix": "0a814bb5651daaa84ff6fe93f1e49e24e35d01017d58da50ac0c2e64858b61cb",
        "size_in_bytes": 3063
      },
      {
        "_path": "Lib/site-packages/urllib3/util/connection.py",
        "path_type": "hardlink",
        "sha256": "e4bc760753d6dbd2b1067d93d3190dd420604416b780654904aa10a11a201159",
        "sha256_in_prefix": "e4bc760753d6dbd2b1067d93d3190dd420604416b780654904aa10a11a201159",
        "size_in_bytes": 4901
      },
      {
        "_path": "Lib/site-packages/urllib3/util/proxy.py",
        "path_type": "hardlink",
        "sha256": "cd4bcf3c226ba7a74e17437818055b39c97aa3ee2e5ca4ab1a24e492be6f512e",
        "sha256_in_prefix": "cd4bcf3c226ba7a74e17437818055b39c97aa3ee2e5ca4ab1a24e492be6f512e",
        "size_in_bytes": 1605
      },
      {
        "_path": "Lib/site-packages/urllib3/util/queue.py",
        "path_type": "hardlink",
        "sha256": "9d1817f3f797fbf564bf1a17d3de905a8cfc3ecd101d4004c482c263fecf9dc3",
        "sha256_in_prefix": "9d1817f3f797fbf564bf1a17d3de905a8cfc3ecd101d4004c482c263fecf9dc3",
        "size_in_bytes": 498
      },
      {
        "_path": "Lib/site-packages/urllib3/util/request.py",
        "path_type": "hardlink",
        "sha256": "7d688069af29c1d2cb22aa132c1c420b67b879df349aecca5377b71d6593cc54",
        "sha256_in_prefix": "7d688069af29c1d2cb22aa132c1c420b67b879df349aecca5377b71d6593cc54",
        "size_in_bytes": 4225
      },
      {
        "_path": "Lib/site-packages/urllib3/util/response.py",
        "path_type": "hardlink",
        "sha256": "189a60dc4822f6a6895d1c01879c2ff8c36e4566a7e4122ee34a117a8c563f6f",
        "sha256_in_prefix": "189a60dc4822f6a6895d1c01879c2ff8c36e4566a7e4122ee34a117a8c563f6f",
        "size_in_bytes": 3510
      },
      {
        "_path": "Lib/site-packages/urllib3/util/retry.py",
        "path_type": "hardlink",
        "sha256": "e256968741e9c068a32e2066741218b5b8587a4427373ce1c765bdbb2b344470",
        "sha256_in_prefix": "e256968741e9c068a32e2066741218b5b8587a4427373ce1c765bdbb2b344470",
        "size_in_bytes": 22003
      },
      {
        "_path": "Lib/site-packages/urllib3/util/ssl_.py",
        "path_type": "hardlink",
        "sha256": "734b188920badbbdabeae3e4c50a68e6b60f3fd402d5e47aa08ef4d38818a99a",
        "sha256_in_prefix": "734b188920badbbdabeae3e4c50a68e6b60f3fd402d5e47aa08ef4d38818a99a",
        "size_in_bytes": 17165
      },
      {
        "_path": "Lib/site-packages/urllib3/util/ssl_match_hostname.py",
        "path_type": "hardlink",
        "sha256": "22be1c65512398093c8140081d64a2ef0b4e3bcdd4098001636c450f5425fd60",
        "sha256_in_prefix": "22be1c65512398093c8140081d64a2ef0b4e3bcdd4098001636c450f5425fd60",
        "size_in_bytes": 5758
      },
      {
        "_path": "Lib/site-packages/urllib3/util/ssltransport.py",
        "path_type": "hardlink",
        "sha256": "340faee6b313ac3143142f10cd129410a306d39eb584e0f8a814ebdd9e29bfa1",
        "sha256_in_prefix": "340faee6b313ac3143142f10cd129410a306d39eb584e0f8a814ebdd9e29bfa1",
        "size_in_bytes": 6895
      },
      {
        "_path": "Lib/site-packages/urllib3/util/timeout.py",
        "path_type": "hardlink",
        "sha256": "4126c150d381f7287a0270e7eb54ab2d0d21839a33d08f7eb97106f75009b888",
        "sha256_in_prefix": "4126c150d381f7287a0270e7eb54ab2d0d21839a33d08f7eb97106f75009b888",
        "size_in_bytes": 10003
      },
      {
        "_path": "Lib/site-packages/urllib3/util/url.py",
        "path_type": "hardlink",
        "sha256": "55852abae3880b4e293ac324a8a49641c3d24b2620d5b53f3185b25c0015ba10",
        "sha256_in_prefix": "55852abae3880b4e293ac324a8a49641c3d24b2620d5b53f3185b25c0015ba10",
        "size_in_bytes": 14272
      },
      {
        "_path": "Lib/site-packages/urllib3/util/wait.py",
        "path_type": "hardlink",
        "sha256": "7ce5f4fdf6a8cc6d8fee25688d0a04d666f277078dc93726fa15c47c5ad3b4b2",
        "sha256_in_prefix": "7ce5f4fdf6a8cc6d8fee25688d0a04d666f277078dc93726fa15c47c5ad3b4b2",
        "size_in_bytes": 5403
      }
    ],
    "paths_version": 1
  },
  "requested_spec": "None",
  "sha256": "a2934f96674c92766c6819f69f987a50650d76e04c2be1faa23d35d017ff0810",
  "size": 196839,
  "subdir": "win-64",
  "timestamp": 1670527053414,
  "track_features": "",
  "url": "https://repo.anaconda.com/pkgs/main/win-64/urllib3-1.26.13-py37haa95532_0.conda",
  "version": "1.26.13"
}