{
  "build": "py37haa95532_0",
  "build_number": 0,
  "channel": "https://repo.anaconda.com/pkgs/main/win-64",
  "constrains": [],
  "depends": [
    "python >=3.7,<3.8.0a0"
  ],
  "extracted_package_dir": "D:\\Users\\Ravi\\miniconda3\\pkgs\\zipp-3.8.0-py37haa95532_0",
  "features": "",
  "files": [
    "Lib/site-packages/__pycache__/zipp.cpython-37.pyc",
    "Lib/site-packages/zipp-3.8.0.dist-info/INSTALLER",
    "Lib/site-packages/zipp-3.8.0.dist-info/LICENSE",
    "Lib/site-packages/zipp-3.8.0.dist-info/METADATA",
    "Lib/site-packages/zipp-3.8.0.dist-info/RECORD",
    "Lib/site-packages/zipp-3.8.0.dist-info/REQUESTED",
    "Lib/site-packages/zipp-3.8.0.dist-info/WHEEL",
    "Lib/site-packages/zipp-3.8.0.dist-info/direct_url.json",
    "Lib/site-packages/zipp-3.8.0.dist-info/top_level.txt",
    "Lib/site-packages/zipp.py",
    ".nonadmin"
  ],
  "fn": "zipp-3.8.0-py37haa95532_0.conda",
  "legacy_bz2_md5": "41dda733862a765252b767d978061fae",
  "license": "MIT",
  "license_family": "MIT",
  "link": {
    "source": "D:\\Users\\Ravi\\miniconda3\\pkgs\\zipp-3.8.0-py37haa95532_0",
    "type": 1
  },
  "md5": "d30e5c362b14ea7971e37d2f5e38e242",
  "name": "zipp",
  "package_tarball_full_path": "D:\\Users\\Ravi\\miniconda3\\pkgs\\zipp-3.8.0-py37haa95532_0.conda",
  "paths_data": {
    "paths": [
      {
        "_path": "Lib/site-packages/__pycache__/zipp.cpython-37.pyc",
        "path_type": "hardlink",
        "sha256": "0d7072891f86d0be19be9feb093980e7a0e50ac01adcaad1d105a5b3ceaa2a28",
        "sha256_in_prefix": "0d7072891f86d0be19be9feb093980e7a0e50ac01adcaad1d105a5b3ceaa2a28",
        "size_in_bytes": 9627
      },
      {
        "_path": "Lib/site-packages/zipp-3.8.0.dist-info/INSTALLER",
        "path_type": "hardlink",
        "sha256": "d0edee15f91b406f3f99726e44eb990be6e34fd0345b52b910c568e0eef6a2a8",
        "sha256_in_prefix": "d0edee15f91b406f3f99726e44eb990be6e34fd0345b52b910c568e0eef6a2a8",
        "size_in_bytes": 5
      },
      {
        "_path": "Lib/site-packages/zipp-3.8.0.dist-info/LICENSE",
        "path_type": "hardlink",
        "sha256": "db3f0246b1f9278f15845b99fec478b8b506eb76487993722f8c6e254285faf8",
        "sha256_in_prefix": "db3f0246b1f9278f15845b99fec478b8b506eb76487993722f8c6e254285faf8",
        "size_in_bytes": 1050
      },
      {
        "_path": "Lib/site-packages/zipp-3.8.0.dist-info/METADATA",
        "path_type": "hardlink",
        "sha256": "e8a268dbf80a30d60dcf9d8535b213969c1b1f06bfb2dd0a5a934c141f4e41f1",
        "sha256_in_prefix": "e8a268dbf80a30d60dcf9d8535b213969c1b1f06bfb2dd0a5a934c141f4e41f1",
        "size_in_bytes": 2719
      },
      {
        "_path": "Lib/site-packages/zipp-3.8.0.dist-info/RECORD",
        "path_type": "hardlink",
        "sha256": "b65308e22feb69467bf8205eecb4e29fbfaf85f6a76d5e6fe40b984b6a955440",
        "sha256_in_prefix": "b65308e22feb69467bf8205eecb4e29fbfaf85f6a76d5e6fe40b984b6a955440",
        "size_in_bytes": 737
      },
      {
        "_path": "Lib/site-packages/zipp-3.8.0.dist-info/REQUESTED",
        "path_type": "hardlink",
        "sha256": "e3b0c44298fc1c149afbf4c8996fb92427ae41e4649b934ca495991b7852b855",
        "sha256_in_prefix": "e3b0c44298fc1c149afbf4c8996fb92427ae41e4649b934ca495991b7852b855",
        "size_in_bytes": 0
      },
      {
        "_path": "Lib/site-packages/zipp-3.8.0.dist-info/WHEEL",
        "path_type": "hardlink",
        "sha256": "1b5e87e00dc87a84269cead8578b9e6462928e18a95f1f3373c9eef451a5bcc0",
        "sha256_in_prefix": "1b5e87e00dc87a84269cead8578b9e6462928e18a95f1f3373c9eef451a5bcc0",
        "size_in_bytes": 92
      },
      {
        "_path": "Lib/site-packages/zipp-3.8.0.dist-info/direct_url.json",
        "path_type": "hardlink",
        "sha256": "0edba227c0a0d7c0aeca3f8f636abab96145542eda2bc58247dd832aac9b76b5",
        "sha256_in_prefix": "0edba227c0a0d7c0aeca3f8f636abab96145542eda2bc58247dd832aac9b76b5",
        "size_in_bytes": 64
      },
      {
        "_path": "Lib/site-packages/zipp-3.8.0.dist-info/top_level.txt",
        "path_type": "hardlink",
        "sha256": "8806dda121df686a817d56f65ee47d26a4901c2a0eb0eb46eb2f42fcb4a9a85c",
        "sha256_in_prefix": "8806dda121df686a817d56f65ee47d26a4901c2a0eb0eb46eb2f42fcb4a9a85c",
        "size_in_bytes": 5
      },
      {
        "_path": "Lib/site-packages/zipp.py",
        "path_type": "hardlink",
        "sha256": "e61af1dfcffe917d160a97c19392d2c0220c62b69386368d8f91ecae251207ef",
        "sha256_in_prefix": "e61af1dfcffe917d160a97c19392d2c0220c62b69386368d8f91ecae251207ef",
        "size_in_bytes": 8029
      }
    ],
    "paths_version": 1
  },
  "requested_spec": "None",
  "sha256": "d22d93a4464242db59c3108e14c93b79004104bce782b0dc19395a73cc1d2da0",
  "size": 20598,
  "subdir": "win-64",
  "timestamp": 1652274132640,
  "track_features": "",
  "url": "https://repo.anaconda.com/pkgs/main/win-64/zipp-3.8.0-py37haa95532_0.conda",
  "version": "3.8.0"
}