{
  "build": "h19a0ad4_0",
  "build_number": 0,
  "channel": "https://repo.anaconda.com/pkgs/main/win-64",
  "constrains": [],
  "depends": [
    "lz4-c >=1.9.3,<1.10.0a0",
    "vc >=14.1,<15.0a0",
    "vs2015_runtime >=14.16.27012,<15.0a0",
    "zlib >=1.2.12,<1.3.0a0"
  ],
  "extracted_package_dir": "D:\\Users\\Ravi\\miniconda3\\pkgs\\zstd-1.5.2-h19a0ad4_0",
  "features": "",
  "files": [
    "Library/bin/libzstd.dll",
    "Library/bin/zstd.dll",
    "Library/bin/zstd.exe",
    "Library/include/zdict.h",
    "Library/include/zstd.h",
    "Library/include/zstd_errors.h",
    "Library/lib/cmake/zstd/zstdConfig.cmake",
    "Library/lib/cmake/zstd/zstdConfigVersion.cmake",
    "Library/lib/cmake/zstd/zstdTargets-release.cmake",
    "Library/lib/cmake/zstd/zstdTargets.cmake",
    "Library/lib/libzstd.lib",
    "Library/lib/libzstd_static.lib",
    "Library/lib/zstd.lib",
    "Library/lib/zstd_static.lib",
    ".nonadmin"
  ],
  "fn": "zstd-1.5.2-h19a0ad4_0.conda",
  "legacy_bz2_md5": "55f55cf1253d63017ec54679c47d0927",
  "license": "BSD-3-Clause AND GPL-2.0-or-later",
  "license_family": "BSD",
  "link": {
    "source": "D:\\Users\\Ravi\\miniconda3\\pkgs\\zstd-1.5.2-h19a0ad4_0",
    "type": 1
  },
  "md5": "6371201941d33e9ffb268c9e551fa1aa",
  "name": "zstd",
  "package_tarball_full_path": "D:\\Users\\Ravi\\miniconda3\\pkgs\\zstd-1.5.2-h19a0ad4_0.conda",
  "paths_data": {
    "paths": [
      {
        "_path": "Library/bin/libzstd.dll",
        "path_type": "hardlink",
        "sha256": "9b42a1bb8b4cf36d45996115713d2dbc3162898530d6a594f2a710ec0a52128b",
        "sha256_in_prefix": "9b42a1bb8b4cf36d45996115713d2dbc3162898530d6a594f2a710ec0a52128b",
        "size_in_bytes": 511488
      },
      {
        "_path": "Library/bin/zstd.dll",
        "path_type": "hardlink",
        "sha256": "9b42a1bb8b4cf36d45996115713d2dbc3162898530d6a594f2a710ec0a52128b",
        "sha256_in_prefix": "9b42a1bb8b4cf36d45996115713d2dbc3162898530d6a594f2a710ec0a52128b",
        "size_in_bytes": 511488
      },
      {
        "_path": "Library/bin/zstd.exe",
        "path_type": "hardlink",
        "sha256": "c970a7f7e008f8c0708b01b8e56fa8a232fcfea08543e754658f2f716bd1e8b7",
        "sha256_in_prefix": "c970a7f7e008f8c0708b01b8e56fa8a232fcfea08543e754658f2f716bd1e8b7",
        "size_in_bytes": 609280
      },
      {
        "_path": "Library/include/zdict.h",
        "path_type": "hardlink",
        "sha256": "39105bb1975d62ed34d3494123bde1ba5e4c2698b2c9cb30cddbf3ef6de90dd9",
        "sha256_in_prefix": "39105bb1975d62ed34d3494123bde1ba5e4c2698b2c9cb30cddbf3ef6de90dd9",
        "size_in_bytes": 25631
      },
      {
        "_path": "Library/include/zstd.h",
        "path_type": "hardlink",
        "sha256": "cd5ba03dd05083169a9cf5016daadad7fc8326ec3d249d6331db2e73eab86886",
        "sha256_in_prefix": "cd5ba03dd05083169a9cf5016daadad7fc8326ec3d249d6331db2e73eab86886",
        "size_in_bytes": 148639
      },
      {
        "_path": "Library/include/zstd_errors.h",
        "path_type": "hardlink",
        "sha256": "4cf99f343cad91d81bf88c7bbc9197eda6f78ff21f3e85ca1664273f595f0222",
        "sha256_in_prefix": "4cf99f343cad91d81bf88c7bbc9197eda6f78ff21f3e85ca1664273f595f0222",
        "size_in_bytes": 3817
      },
      {
        "_path": "Library/lib/cmake/zstd/zstdConfig.cmake",
        "path_type": "hardlink",
        "sha256": "bfbf6e24afbf8299ee0180a84638e92e7770a6366f20a1e89db6716c115f60de",
        "sha256_in_prefix": "bfbf6e24afbf8299ee0180a84638e92e7770a6366f20a1e89db6716c115f60de",
        "size_in_bytes": 55
      },
      {
        "_path": "Library/lib/cmake/zstd/zstdConfigVersion.cmake",
        "path_type": "hardlink",
        "sha256": "5932ce7158086719f5d56a3f5624c8d4b6a4abf1fc41925683fb77394c6d2d58",
        "sha256_in_prefix": "5932ce7158086719f5d56a3f5624c8d4b6a4abf1fc41925683fb77394c6d2d58",
        "size_in_bytes": 1773
      },
      {
        "_path": "Library/lib/cmake/zstd/zstdTargets-release.cmake",
        "path_type": "hardlink",
        "sha256": "f823bcf721662aa61f90328cd5bf063505b7f079209f871ab3e1762e7f26a709",
        "sha256_in_prefix": "f823bcf721662aa61f90328cd5bf063505b7f079209f871ab3e1762e7f26a709",
        "size_in_bytes": 1415
      },
      {
        "_path": "Library/lib/cmake/zstd/zstdTargets.cmake",
        "path_type": "hardlink",
        "sha256": "9312a6b48fc5c23e8fbda10fb4c661caef6d18377ecebb03f1cb05f225f86b73",
        "sha256_in_prefix": "9312a6b48fc5c23e8fbda10fb4c661caef6d18377ecebb03f1cb05f225f86b73",
        "size_in_bytes": 3609
      },
      {
        "_path": "Library/lib/libzstd.lib",
        "path_type": "hardlink",
        "sha256": "186b9cb8e1d2ad73a937329f14b22e1e1a11cb1102e15982a489437798818dce",
        "sha256_in_prefix": "186b9cb8e1d2ad73a937329f14b22e1e1a11cb1102e15982a489437798818dce",
        "size_in_bytes": 43314
      },
      {
        "_path": "Library/lib/libzstd_static.lib",
        "path_type": "hardlink",
        "sha256": "62418e24e993ed7bb71887b1207996acec8b121ca3b30d72fa356762c52d0f36",
        "sha256_in_prefix": "62418e24e993ed7bb71887b1207996acec8b121ca3b30d72fa356762c52d0f36",
        "size_in_bytes": 1376824
      },
      {
        "_path": "Library/lib/zstd.lib",
        "path_type": "hardlink",
        "sha256": "186b9cb8e1d2ad73a937329f14b22e1e1a11cb1102e15982a489437798818dce",
        "sha256_in_prefix": "186b9cb8e1d2ad73a937329f14b22e1e1a11cb1102e15982a489437798818dce",
        "size_in_bytes": 43314
      },
      {
        "_path": "Library/lib/zstd_static.lib",
        "path_type": "hardlink",
        "sha256": "62418e24e993ed7bb71887b1207996acec8b121ca3b30d72fa356762c52d0f36",
        "sha256_in_prefix": "62418e24e993ed7bb71887b1207996acec8b121ca3b30d72fa356762c52d0f36",
        "size_in_bytes": 1376824
      }
    ],
    "paths_version": 1
  },
  "requested_spec": "None",
  "sha256": "cb62872e56024a3529ad087aebb96697aa5d0aa1bbc0a14b0b322b4682f9e29c",
  "size": 521566,
  "subdir": "win-64",
  "timestamp": 1650533860914,
  "track_features": "",
  "url": "https://repo.anaconda.com/pkgs/main/win-64/zstd-1.5.2-h19a0ad4_0.conda",
  "version": "1.5.2"
}